game_pk,game_date,away,home,away_sp,home_sp,model_tag,model_metric,B_home,B_away,P_awaySP,P_homeSP,d_lineup,d_sp,home_off_edge,away_off_edge,xw_net,xw_lean,xw_delta,ops_net,ops_lean,ops_delta,ops_valid,consensus,status,full_away,full_home,f5_away,f5_home,xw_full,xw_f5,ops_full,ops_f5,gamePk,espn_id,open_away_ml,open_home_ml,close_away_ml,close_home_ml,close_p_home,f5_open_away_ml,f5_open_home_ml,f5_close_away_ml,f5_close_home_ml,f5_close_p_home,snapshot_utc,scheduled_start_utc,lock_status,lineup_status_away,lineup_status_home,lineup_posted_away,lineup_posted_home,lineup_savant_backfill_away,lineup_savant_backfill_home,opener_away,opener_home,opener_reason_away,opener_reason_home,opener_confidence_away,opener_confidence_home,pitching_basis_away,pitching_basis_home,starter_xwoba_away,starter_xwoba_home,bullpen_xwoba_away,bullpen_xwoba_home,expected_sp_ip_away,expected_sp_ip_home,bullpen_pitchers_away,bullpen_pitchers_home,bullpen_relief_bf_away,bullpen_relief_bf_home,sp_bf_per_ip_away,sp_bf_per_ip_home,bp_bf_per_ip_away,bp_bf_per_ip_home,opp_xwoba_neutral_away,opp_xwoba_neutral_home,opp_xwoba_vs_sp_away,opp_xwoba_vs_sp_home,platoon_delta_sp_away,platoon_delta_sp_home,sp_share_away,sp_share_home,bp_share_away,bp_share_home,mx_xwoba_sp_away,mx_xwoba_sp_home,edge_xwoba_sp_away,edge_xwoba_sp_home,mx_xwoba_bp_away,mx_xwoba_bp_home,edge_xwoba_bp_away,edge_xwoba_bp_home,mx_xwoba_away,mx_xwoba_home,edge_xwoba_away,edge_xwoba_home,mix_mult_away,mix_mult_home,mix_coverage_away,mix_coverage_home,mix_basis_away,mix_basis_home,opp_xwoba_mix_away,opp_xwoba_mix_home,mx_xwoba_sp_mix_away,mx_xwoba_sp_mix_home,edge_xwoba_sp_mix_away,edge_xwoba_sp_mix_home
822884,2026-07-02,DET,TEX,Framber Valdez,Nathan Eovaldi,xw+plat_consol_v2,,0.314,0.333,0.321,0.312,-0.019,0.009,-0.001,0.009,-0.01,DET,0.01,0.009,TEX,0.009,True,DIVERGE,graded,4.0,10.0,3.0,5.0,L,L,W,W,822884,401815997.0,109.0,-131.0,-110.0,-110.0,0.5,105.0,-135.0,-115.0,-115.0,0.5,,,,,,,,,,,,,,,,,,,,,,,,,,,,,,,,,,,,,,,,,,,,,,,,,,,,,,,,,,,,,,,,,
823119,2026-07-02,LAA,SEA,Walbert Ureña,Bryce Miller,xw+plat_consol_v2,,0.337,0.307,0.283,0.237,0.03,0.0459999999999999,-0.018,-0.089,0.071,SEA,0.071,0.074,SEA,0.074,True,AGREE,graded,0.0,1.0,0.0,0.0,W,T,W,T,823119,401816000.0,169.0,-207.0,183.0,-225.0,0.6620743436443982,165.0,-215.0,170.0,-220.0,0.6498905908096281,,,,,,,,,,,,,,,,,,,,,,,,,,,,,,,,,,,,,,,,,,,,,,,,,,,,,,,,,,,,,,,,,
823442,2026-07-02,PIT,PHI,Jared Jones,Alan Rangel,xw+plat_consol_v1,,0.32,0.33,0.338,0.27,-0.01,0.068,0.022,-0.038,0.06,PHI,0.06,0.026,PHI,0.026,False,,graded,6.0,1.0,1.0,1.0,L,T,,,823442,401815994.0,109.0,-131.0,113.0,-136.0,0.551057677674631,-115.0,-115.0,-105.0,-125.0,0.5203045685279188,,,,,,,,,,,,,,,,,,,,,,,,,,,,,,,,,,,,,,,,,,,,,,,,,,,,,,,,,,,,,,,,,
823765,2026-07-02,CIN,MIL,Chase Burns,Jacob Misiorowski,xw+plat_consol_v2,,0.326,0.336,0.27,0.228,-0.01,0.042,-0.041,-0.077,0.036,MIL,0.036,0.223,MIL,0.223,True,AGREE,graded,7.0,2.0,5.0,1.0,L,L,L,L,823765,401815996.0,163.0,-199.0,178.0,-219.0,0.656183311418163,165.0,-215.0,160.0,-210.0,0.6378504672897196,,,,,,,,,,,,,,,,,,,,,,,,,,,,,,,,,,,,,,,,,,,,,,,,,,,,,,,,,,,,,,,,,
823935,2026-07-02,SD,LAD,Randy Vásquez,Roki Sasaki,xw+plat_consol_v2,,0.36,0.321,0.397,0.331,0.0389999999999999,0.066,0.131,0.016,0.115,LAD,0.115,0.215,LAD,0.215,True,AGREE,graded,7.0,12.0,6.0,10.0,W,W,W,W,823935,401816001.0,162.0,-198.0,178.0,-219.0,0.656183311418163,140.0,-180.0,160.0,-210.0,0.6378504672897196,,,,,,,,,,,,,,,,,,,,,,,,,,,,,,,,,,,,,,,,,,,,,,,,,,,,,,,,,,,,,,,,,
824093,2026-07-02,TB,KC,Ian Seymour,Stephen Kolek,xw+plat_consol_v2,,0.332,0.322,0.286,0.304,0.01,-0.018,-0.019,-0.01,-0.009,TB,0.009,-0.091,TB,0.091,True,AGREE,graded,5.0,2.0,5.0,1.0,W,W,W,W,824093,401815998.0,-126.0,104.0,-122.0,101.0,0.4751508925131629,-130.0,100.0,-120.0,-110.0,0.4898785425101215,,,,,,,,,,,,,,,,,,,,,,,,,,,,,,,,,,,,,,,,,,,,,,,,,,,,,,,,,,,,,,,,,
824335,2026-07-02,MIA,COL,Ryan Gusto,Michael Lorenzen,xw+plat_consol_v2,,0.32,0.318,0.347,0.359,0.002,-0.012,0.031,0.041,-0.01,MIA,0.01,-0.123,MIA,0.123,False,,graded,4.0,14.0,4.0,5.0,L,L,,,824335,401815999.0,-126.0,104.0,-136.0,113.0,0.448942322325369,-130.0,100.0,-130.0,100.0,0.4693877551020409,,,,,,,,,,,,,,,,,,,,,,,,,,,,,,,,,,,,,,,,,,,,,,,,,,,,,,,,,,,,,,,,,
824416,2026-07-02,CWS,CLE,Davis Martin,Slade Cecconi,xw+plat_consol_v2,,0.308,0.336,0.306,0.325,-0.028,-0.019,-0.022,0.025,-0.047,CWS,0.047,-0.131,CWS,0.131,True,AGREE,graded,5.0,6.0,3.0,2.0,L,W,L,W,824416,401815993.0,-120.0,100.0,-101.0,-120.0,0.5205006473888649,-120.0,-110.0,-115.0,-115.0,0.5,,,,,,,,,,,,,,,,,,,,,,,,,,,,,,,,,,,,,,,,,,,,,,,,,,,,,,,,,,,,,,,,,
824906,2026-07-02,STL,ATL,Dustin May,Hurston Waldrep,xw+plat_consol_v2,,0.331,0.344,0.301,0.373,-0.0129999999999999,-0.072,-0.005,0.085,-0.09,STL,0.09,-0.034,STL,0.034,False,,graded,11.0,5.0,3.0,5.0,W,L,,,824906,401815995.0,-105.0,-115.0,103.0,-124.0,0.5291347851677457,-125.0,-105.0,-110.0,-120.0,0.5101214574898786,,,,,,,,,,,,,,,,,,,,,,,,,,,,,,,,,,,,,,,,,,,,,,,,,,,,,,,,,,,,,,,,,
822714,2026-07-03,PIT,WSH,Mitch Keller,Foster Griffin,xw+plat_consol_v2,,0.326,0.328,0.343,0.307,-0.002,0.036,0.034,-0.001,0.035,WSH,0.035,0.121,WSH,0.121,True,AGREE,graded,5.0,9.0,1.0,5.0,W,W,W,W,822714,401816006.0,109.0,-131.0,124.0,-150.0,0.5733788395904437,114.0,-140.0,135.0,-175.0,0.599271402550091,,,,,,,,,,,,,,,,,,,,,,,,,,,,,,,,,,,,,,,,,,,,,,,,,,,,,,,,,,,,,,,,,
823120,2026-07-03,TOR,SEA,Dylan Cease,Luis Castillo,xw+plat_consol_v2,,0.33,0.301,0.271,0.331,0.029,-0.06,-0.037,-0.005,-0.032,TOR,0.032,-0.105,TOR,0.105,True,AGREE,graded,2.0,0.0,2.0,0.0,W,W,W,W,823120,401816014.0,-122.0,102.0,-136.0,113.0,0.448942322325369,-135.0,105.0,-145.0,114.0,0.4412029533585449,,,,,,,,,,,,,,,,,,,,,,,,,,,,,,,,,,,,,,,,,,,,,,,,,,,,,,,,,,,,,,,,,
823527,2026-07-03,MIN,NYY,Mike Paredes,Gerrit Cole,xw+plat_consol_v2,,0.324,0.314,0.356,0.292,0.01,0.064,0.045,-0.03,0.075,NYY,0.075,-0.014,MIN,0.014,False,,graded,2.0,5.0,2.0,3.0,W,W,,,823527,401816004.0,153.0,-186.0,194.0,-240.0,0.6748278500382555,145.0,-188.0,160.0,-210.0,0.6378504672897196,,,,,,,,,,,,,,,,,,,,,,,,,,,,,,,,,,,,,,,,,,,,,,,,,,,,,,,,,,,,,,,,,
823933,2026-07-03,SD,LAD,Michael King,Shohei Ohtani,xw+plat_consol_v2,,0.356,0.322,0.336,0.257,0.0339999999999999,0.079,0.058,-0.058,0.116,LAD,0.116,0.223,LAD,0.223,True,AGREE,graded,3.0,4.0,2.0,0.0,W,L,W,L,823933,401816013.0,194.0,-240.0,220.0,-274.0,0.7009913655260633,210.0,-280.0,210.0,-280.0,0.6955128205128205,,,,,,,,,,,,,,,,,,,,,,,,,,,,,,,,,,,,,,,,,,,,,,,,,,,,,,,,,,,,,,,,,
824013,2026-07-03,BOS,LAA,Jake Bennett,Reid Detmers,xw+plat_consol_v2,,0.31,0.307,0.255,0.273,0.003,-0.018,-0.069,-0.054,-0.015,BOS,0.015,0.021,LAA,0.021,False,,graded,5.0,2.0,5.0,0.0,W,W,,,824013,401816010.0,-110.0,-110.0,-105.0,-114.0,0.5098167539267016,-105.0,-125.0,100.0,-130.0,0.5306122448979592,,,,,,,,,,,,,,,,,,,,,,,,,,,,,,,,,,,,,,,,,,,,,,,,,,,,,,,,,,,,,,,,,
824173,2026-07-03,TB,HOU,Nick Martinez,Spencer Arrighetti,xw+plat_consol_v2,,0.329,0.325,0.33,0.338,0.004,-0.008,0.023,0.027,-0.004,TB,0.004,0.0,HOU,0.0,True,DIVERGE,graded,3.0,1.0,0.0,0.0,W,T,L,T,824173,401816008.0,-110.0,-110.0,-110.0,-110.0,0.5,-110.0,-120.0,-125.0,-105.0,0.4796954314720812,,,,,,,,,,,,,,,,,,,,,,,,,,,,,,,,,,,,,,,,,,,,,,,,,,,,,,,,,,,,,,,,,
824417,2026-07-03,CWS,CLE,Anthony Kay,Gavin Williams,xw+plat_consol_v2,,0.306,0.335,0.355,0.326,-0.029,0.0289999999999999,0.024,0.025,-0.001,CWS,0.001,-0.026,CWS,0.026,True,AGREE,graded,3.0,4.0,3.0,1.0,L,W,L,W,824417,401816003.0,109.0,-131.0,114.0,-137.0,0.552982006111132,100.0,-130.0,105.0,-135.0,0.5407914020517831,,,,,,,,,,,,,,,,,,,,,,,,,,,,,,,,,,,,,,,,,,,,,,,,,,,,,,,,,,,,,,,,,
824498,2026-07-03,BAL,CIN,Trevor Rogers,Brady Singer,xw+plat_consol_v2,,0.334,0.337,0.313,0.36,-0.003,-0.0469999999999999,0.011,0.064,-0.053,BAL,0.053,-0.083,BAL,0.083,True,AGREE,graded,3.0,0.0,3.0,0.0,W,W,W,W,824498,401816002.0,-126.0,104.0,-123.0,102.0,0.4729987697789844,-115.0,-115.0,-130.0,100.0,0.4693877551020409,,,,,,,,,,,,,,,,,,,,,,,,,,,,,,,,,,,,,,,,,,,,,,,,,,,,,,,,,,,,,,,,,
824659,2026-07-03,STL,CHC,Andre Pallante,David Peterson,xw+plat_consol_v2,,0.33,0.341,0.303,0.339,-0.011,-0.036,-0.004,0.046,-0.05,STL,0.05,-0.078,STL,0.078,True,AGREE,graded,17.0,1.0,14.0,0.0,W,W,W,W,824659,401816007.0,109.0,-131.0,114.0,-137.0,0.552982006111132,-110.0,-120.0,-105.0,-125.0,0.5203045685279188,,,,,,,,,,,,,,,,,,,,,,,,,,,,,,,,,,,,,,,,,,,,,,,,,,,,,,,,,,,,,,,,,
824904,2026-07-03,NYM,ATL,Christian Scott,Grant Holmes,xw+plat_consol_v2,,0.33,0.342,0.332,0.336,-0.012,-0.004,0.027,0.043,-0.016,NYM,0.016,-0.008,NYM,0.008,True,AGREE,graded,3.0,5.0,2.0,4.0,L,L,L,L,824904,401816005.0,104.0,-126.0,-101.0,-120.0,0.5205006473888649,-110.0,-120.0,-115.0,-115.0,0.5,,,,,,,,,,,,,,,,,,,,,,,,,,,,,,,,,,,,,,,,,,,,,,,,,,,,,,,,,,,,,,,,,
824982,2026-07-03,MIA,ATH,Tyler Phillips,Jack Perkins,xw+plat_consol_v2,,0.333,0.323,0.325,0.303,0.01,0.022,0.022,-0.01,0.032,ATH,0.032,-0.016,MIA,0.016,True,DIVERGE,graded,12.0,5.0,7.0,5.0,L,L,W,W,824982,401816011.0,104.0,-126.0,119.0,-143.0,0.5630832299476779,105.0,-135.0,105.0,-135.0,0.5407914020517831,,,,,,,,,,,,,,,,,,,,,,,,,,,,,,,,,,,,,,,,,,,,,,,,,,,,,,,,,,,,,,,,,
825062,2026-07-03,MIL,ARI,Kyle Harrison,Jose Cabrera,xw+plat_consol_v2,,0.334,0.325,0.273,0.312,0.009,-0.0389999999999999,-0.031,0.001,-0.032,MIL,0.032,-0.106,MIL,0.106,False,,graded,7.0,4.0,3.0,3.0,W,T,,,825062,401816012.0,-171.0,141.0,-136.0,113.0,0.448942322325369,-166.0,130.0,-145.0,114.0,0.4412029533585449,,,,,,,,,,,,,,,,,,,,,,,,,,,,,,,,,,,,,,,,,,,,,,,,,,,,,,,,,,,,,,,,,
824336,2026-07-03,SF,COL,Logan Webb,Ryan Feltner,xw+plat_consol_v2,,0.319,0.323,0.296,0.35,-0.004,-0.0539999999999999,-0.021,0.038,-0.059,SF,0.059,-0.133,SF,0.133,True,AGREE,graded,3.0,15.0,2.0,14.0,L,L,L,L,824336,401816009.0,-156.0,129.0,-160.0,132.0,0.41191381495564,-145.0,114.0,-166.0,130.0,0.4106205619018215,,,,,,,,,,,,,,,,,,,,,,,,,,,,,,,,,,,,,,,,,,,,,,,,,,,,,,,,,,,,,,,,,
822716,2026-07-04,PIT,WSH,Braxton Ashcraft,Carson Palmquist,xw+plat_consol_v2,,0.333,0.326,0.274,0.296,0.007,-0.0219999999999999,-0.031,-0.015,-0.016,PIT,0.016,-0.015,PIT,0.015,False,,graded,7.0,1.0,5.0,1.0,W,W,,,822716,401816019.0,-163.0,135.0,-162.0,134.0,0.4086853434828726,-160.0,140.0,-166.0,130.0,0.4106205619018215,,,,,,,,,,,,,,,,,,,,,,,,,,,,,,,,,,,,,,,,,,,,,,,,,,,,,,,,,,,,,,,,,
822882,2026-07-04,DET,TEX,Jack Flaherty,Cal Quantrill,xw+plat_consol_v2,,0.329,0.337,0.324,0.338,-0.008,-0.014,0.017,0.04,-0.023,DET,0.023,0.036,TEX,0.036,True,DIVERGE,graded,3.0,0.0,3.0,0.0,W,W,L,L,822882,401816020.0,-112.0,-108.0,-121.0,100.0,0.4773218142548596,-120.0,-110.0,-135.0,105.0,0.4592085979482169,,,,,,,,,,,,,,,,,,,,,,,,,,,,,,,,,,,,,,,,,,,,,,,,,,,,,,,,,,,,,,,,,
823118,2026-07-04,TOR,SEA,Shane Bieber,Logan Gilbert,xw+plat_consol_v2,,0.33,0.305,0.542,0.305,0.025,0.237,0.244,-0.025,0.269,SEA,0.269,0.222,SEA,0.222,False,,graded,0.0,11.0,0.0,7.0,W,W,,,823118,401816029.0,129.0,-156.0,140.0,-169.0,0.6012451823302698,130.0,-166.0,140.0,-180.0,0.6067415730337079,,,,,,,,,,,,,,,,,,,,,,,,,,,,,,,,,,,,,,,,,,,,,,,,,,,,,,,,,,,,,,,,,
823526,2026-07-04,MIN,NYY,Zebby Matthews,Brendan Beck,xw+plat_consol_v2,,0.333,0.317,0.32,0.481,0.016,-0.1609999999999999,0.017,0.161,-0.144,MIN,0.144,-0.069,MIN,0.069,False,,graded,11.0,4.0,6.0,4.0,W,W,,,823526,401816017.0,139.0,-164.0,124.0,-149.0,0.5727229047978585,114.0,-145.0,105.0,-135.0,0.5407914020517831,,,,,,,,,,,,,,,,,,,,,,,,,,,,,,,,,,,,,,,,,,,,,,,,,,,,,,,,,,,,,,,,,
823932,2026-07-04,SD,LAD,Wandy Peralta,Yoshinobu Yamamoto,xw+plat_consol_v2,,0.349,0.323,0.316,0.293,0.0259999999999999,0.023,0.029,-0.02,0.049,LAD,0.049,0.166,LAD,0.166,True,AGREE,graded,0.0,3.0,0.0,1.0,W,W,W,W,823932,401816028.0,224.0,-280.0,228.0,-285.0,0.7082891347173814,190.0,-250.0,200.0,-270.0,0.6864406779661016,,,,,,,,,,,,,,,,,,,,,,,,,,,,,,,,,,,,,,,,,,,,,,,,,,,,,,,,,,,,,,,,,
824012,2026-07-04,BOS,LAA,Sonny Gray,Sam Aldegheri,xw+plat_consol_v2,,0.308,0.309,0.296,0.345,-0.001,-0.0489999999999999,-0.031,0.017,-0.048,BOS,0.048,-0.105,BOS,0.105,False,,graded,8.0,1.0,7.0,1.0,W,W,,,824012,401816025.0,-163.0,135.0,-180.0,148.0,0.3854625550660792,-166.0,135.0,-175.0,135.0,0.4007285974499089,,,,,,,,,,,,,,,,,,,,,,,,,,,,,,,,,,,,,,,,,,,,,,,,,,,,,,,,,,,,,,,,,
824092,2026-07-04,PHI,KC,Jesús Luzardo,Michael Wacha,xw+plat_consol_v2,,0.332,0.322,0.281,0.308,0.01,-0.0269999999999999,-0.025,-0.006,-0.019,PHI,0.019,-0.015,PHI,0.015,True,AGREE,graded,6.0,1.0,3.0,1.0,W,W,W,W,824092,401816021.0,-149.0,123.0,-162.0,134.0,0.4086853434828726,-154.0,120.0,-145.0,114.0,0.4412029533585449,,,,,,,,,,,,,,,,,,,,,,,,,,,,,,,,,,,,,,,,,,,,,,,,,,,,,,,,,,,,,,,,,
824171,2026-07-04,TB,HOU,Drew Rasmussen,Hunter Brown,xw+plat_consol_v2,,0.335,0.321,0.271,0.257,0.014,0.014,-0.033,-0.059,0.026,HOU,0.026,-0.125,TB,0.125,True,DIVERGE,graded,8.0,10.0,7.0,5.0,W,L,L,W,824171,401816023.0,-105.0,-115.0,-102.0,-118.0,0.5173641257162701,-115.0,-115.0,-110.0,-120.0,0.5101214574898786,,,,,,,,,,,,,,,,,,,,,,,,,,,,,,,,,,,,,,,,,,,,,,,,,,,,,,,,,,,,,,,,,
824334,2026-07-04,SF,COL,Robbie Ray,Sean Sullivan,xw+plat_consol_v2,,0.314,0.321,0.331,0.28,-0.007,0.0509999999999999,0.009,-0.035,0.044,COL,0.044,-0.138,SF,0.138,False,,graded,6.0,4.0,6.0,3.0,L,L,,,824334,401816024.0,-131.0,109.0,-131.0,109.0,0.4576160383525822,-130.0,100.0,-130.0,100.0,0.4693877551020409,,,,,,,,,,,,,,,,,,,,,,,,,,,,,,,,,,,,,,,,,,,,,,,,,,,,,,,,,,,,,,,,,
824415,2026-07-04,CWS,CLE,Sean Burke,Parker Messick,xw+plat_consol_v2,,0.309,0.326,0.307,0.278,-0.017,0.0289999999999999,-0.02,-0.033,0.013,CLE,0.013,0.01,CLE,0.01,True,AGREE,graded,3.0,1.0,1.0,1.0,L,T,L,T,824415,401816016.0,129.0,-156.0,123.0,-148.0,0.5709639471316864,114.0,-140.0,114.0,-145.0,0.558797046641455,,,,,,,,,,,,,,,,,,,,,,,,,,,,,,,,,,,,,,,,,,,,,,,,,,,,,,,,,,,,,,,,,
824658,2026-07-04,STL,CHC,Kyle Leahy,Shota Imanaga,xw+plat_consol_v2,,0.33,0.339,0.365,0.298,-0.009,0.067,0.061,-0.0,0.061,CHC,0.061,0.084,CHC,0.084,True,AGREE,graded,3.0,0.0,2.0,0.0,L,L,L,L,824658,401816022.0,129.0,-156.0,146.0,-178.0,0.6116667597921439,130.0,-166.0,130.0,-166.0,0.5893794380981784,,,,,,,,,,,,,,,,,,,,,,,,,,,,,,,,,,,,,,,,,,,,,,,,,,,,,,,,,,,,,,,,,
824903,2026-07-04,NYM,ATL,Sean Manaea,Chris Sale,xw+plat_consol_v2,,0.33,0.337,0.313,0.28,-0.007,0.0329999999999999,0.007,-0.021,0.028,ATL,0.028,0.154,ATL,0.154,True,AGREE,graded,3.0,14.0,1.0,6.0,W,W,W,W,824903,401816018.0,149.0,-181.0,162.0,-198.0,0.6351437386747637,154.0,-200.0,154.0,-200.0,0.6287128712871286,,,,,,,,,,,,,,,,,,,,,,,,,,,,,,,,,,,,,,,,,,,,,,,,,,,,,,,,,,,,,,,,,
824983,2026-07-04,MIA,ATH,Sandy Alcantara,Aaron Civale,xw+plat_consol_v2,,0.322,0.316,0.307,0.353,0.006,-0.0459999999999999,-0.007,0.033,-0.04,MIA,0.04,-0.167,MIA,0.167,True,AGREE,graded,7.0,2.0,4.0,0.0,W,W,W,W,824983,401816026.0,-115.0,-105.0,-143.0,119.0,0.4369167700523221,-110.0,-120.0,-135.0,105.0,0.4592085979482169,,,,,,,,,,,,,,,,,,,,,,,,,,,,,,,,,,,,,,,,,,,,,,,,,,,,,,,,,,,,,,,,,
825063,2026-07-04,MIL,ARI,Brandon Woodruff,Merrill Kelly,xw+plat_consol_v2,,0.333,0.33,0.264,0.408,0.003,-0.1439999999999999,-0.042,0.105,-0.147,MIL,0.147,-0.322,MIL,0.322,True,AGREE,graded,3.0,4.0,2.0,3.0,L,L,L,L,825063,401816027.0,-156.0,129.0,-167.0,138.0,0.4018300574902929,-166.0,130.0,-188.0,145.0,0.3847181405289875,,,,,,,,,,,,,,,,,,,,,,,,,,,,,,,,,,,,,,,,,,,,,,,,,,,,,,,,,,,,,,,,,
822715,2026-07-05,PIT,WSH,Bubba Chandler,Cade Cavalli,xw+plat_consol_v2,,0.345,0.331,0.316,0.315,0.0139999999999999,0.001,0.025,0.01,0.015,WSH,0.015,0.024,WSH,0.024,True,AGREE,graded,11.0,5.0,4.0,4.0,L,T,L,T,822715,401816034.0,104.0,-126.0,115.0,-138.0,0.554890592855807,114.0,-145.0,124.0,-160.0,0.5795601552393274,,,,,,,,,,,,,,,,,,,,,,,,,,,,,,,,,,,,,,,,,,,,,,,,,,,,,,,,,,,,,,,,,
822879,2026-07-05,DET,TEX,Casey Mize,Kumar Rocker,xw+plat_consol_v2,,0.321,0.334,0.263,0.328,-0.013,-0.065,-0.053,0.027,-0.08,DET,0.08,-0.118,DET,0.118,True,AGREE,graded,6.0,3.0,6.0,2.0,W,W,W,W,822879,401816035.0,-108.0,-112.0,-126.0,105.0,0.466652901094363,-135.0,105.0,-140.0,110.0,0.449438202247191,,,,,,,,,,,,,,,,,,,,,,,,,,,,,,,,,,,,,,,,,,,,,,,,,,,,,,,,,,,,,,,,,
823117,2026-07-05,TOR,SEA,Trey Yesavage,Emerson Hancock,xw+plat_consol_v2,,0.321,0.306,0.279,0.327,0.015,-0.0479999999999999,-0.036,-0.003,-0.033,TOR,0.033,-0.016,TOR,0.016,True,AGREE,graded,0.0,4.0,0.0,3.0,L,L,L,L,823117,401816044.0,119.0,-143.0,-110.0,-110.0,0.5,105.0,-135.0,-110.0,-120.0,0.5101214574898786,,,,,,,,,,,,,,,,,,,,,,,,,,,,,,,,,,,,,,,,,,,,,,,,,,,,,,,,,,,,,,,,,
823525,2026-07-05,MIN,NYY,Joe Ryan,Ryan Weathers,xw+plat_consol_v2,,0.332,0.32,0.28,0.332,0.012,-0.0519999999999999,-0.026,0.016,-0.042,MIN,0.042,-0.02,MIN,0.02,True,AGREE,graded,6.0,1.0,4.0,0.0,W,W,W,W,823525,401816032.0,113.0,-136.0,114.0,-137.0,0.552982006111132,-105.0,-125.0,-105.0,-125.0,0.5203045685279188,,,,,,,,,,,,,,,,,,,,,,,,,,,,,,,,,,,,,,,,,,,,,,,,,,,,,,,,,,,,,,,,,
823931,2026-07-05,SD,LAD,JP Sears,Emmet Sheehan,xw+plat_consol_v2,,0.349,0.322,0.415,0.314,0.0269999999999999,0.1009999999999999,0.137,-0.0,0.137,LAD,0.137,0.078,LAD,0.078,False,,graded,5.0,2.0,1.0,0.0,L,L,,,823931,401816043.0,179.0,-219.0,184.0,-226.0,0.6631674656968094,175.0,-230.0,150.0,-195.0,0.623003194888179,,,,,,,,,,,,,,,,,,,,,,,,,,,,,,,,,,,,,,,,,,,,,,,,,,,,,,,,,,,,,,,,,
824010,2026-07-05,BOS,LAA,Ranger Suarez,Ryan Johnson,xw+plat_consol_v2,,0.307,0.312,0.283,0.321,-0.005,-0.038,-0.045,-0.003,-0.042,BOS,0.042,-0.164,BOS,0.164,True,AGREE,graded,7.0,5.0,5.0,3.0,W,W,W,W,824010,401816040.0,-156.0,129.0,-163.0,135.0,0.4070892345793669,-166.0,130.0,-175.0,135.0,0.4007285974499089,,,,,,,,,,,,,,,,,,,,,,,,,,,,,,,,,,,,,,,,,,,,,,,,,,,,,,,,,,,,,,,,,
824091,2026-07-05,PHI,KC,Aaron Nola,Luinder Avila,xw+plat_consol_v2,,0.321,0.323,0.327,0.331,-0.002,-0.004,0.012,0.018,-0.006,PHI,0.006,-0.01,PHI,0.01,True,AGREE,graded,2.0,5.0,1.0,3.0,L,L,L,L,824091,401816036.0,-136.0,113.0,-136.0,113.0,0.448942322325369,-130.0,-105.0,-135.0,105.0,0.4592085979482169,,,,,,,,,,,,,,,,,,,,,,,,,,,,,,,,,,,,,,,,,,,,,,,,,,,,,,,,,,,,,,,,,
824333,2026-07-05,SF,COL,Tyler Mahle,Tanner Gordon,xw+plat_consol_v2,,0.32,0.322,0.322,0.333,-0.002,-0.011,0.006,0.019,-0.013,SF,0.013,-0.113,SF,0.113,True,AGREE,graded,6.0,7.0,5.0,4.0,L,W,L,W,824333,401816039.0,-131.0,109.0,-129.0,107.0,0.4616656250630002,-120.0,-110.0,-115.0,-115.0,0.5,,,,,,,,,,,,,,,,,,,,,,,,,,,,,,,,,,,,,,,,,,,,,,,,,,,,,,,,,,,,,,,,,
824413,2026-07-05,CWS,CLE,Chris Murphy,Tanner Bibee,xw+plat_consol_v2,,0.304,0.335,0.281,0.328,-0.031,-0.0469999999999999,-0.049,0.028,-0.077,CWS,0.077,-0.089,CWS,0.089,False,,graded,7.0,6.0,6.0,6.0,W,T,,,824413,401816031.0,135.0,-163.0,122.0,-147.0,0.5691910559179544,114.0,-145.0,114.0,-145.0,0.558797046641455,,,,,,,,,,,,,,,,,,,,,,,,,,,,,,,,,,,,,,,,,,,,,,,,,,,,,,,,,,,,,,,,,
824497,2026-07-05,BAL,CIN,Kyle Bradish,Nick Lodolo,xw+plat_consol_v2,,0.328,0.323,0.31,0.374,0.005,-0.064,0.002,0.062,-0.06,BAL,0.06,-0.056,BAL,0.056,True,AGREE,graded,2.0,3.0,0.0,2.0,L,L,L,L,824497,401816030.0,-108.0,-112.0,-118.0,-102.0,0.4826358742837298,-110.0,-120.0,-120.0,-110.0,0.4898785425101215,,,,,,,,,,,,,,,,,,,,,,,,,,,,,,,,,,,,,,,,,,,,,,,,,,,,,,,,,,,,,,,,,
824656,2026-07-05,STL,CHC,Matthew Liberatore,Javier Assad,xw+plat_consol_v2,,0.327,0.344,0.359,0.339,-0.0169999999999999,0.0199999999999999,0.051,0.049,0.002,CHC,0.002,0.096,CHC,0.096,True,AGREE,graded,4.0,6.0,0.0,2.0,W,W,W,W,824656,401816037.0,129.0,-156.0,119.0,-143.0,0.5630832299476779,130.0,-160.0,114.0,-145.0,0.558797046641455,,,,,,,,,,,,,,,,,,,,,,,,,,,,,,,,,,,,,,,,,,,,,,,,,,,,,,,,,,,,,,,,,
824902,2026-07-05,NYM,ATL,Nolan McLean,Martín Pérez,xw+plat_consol_v2,,0.331,0.333,0.29,0.323,-0.002,-0.033,-0.016,0.02,-0.036,NYM,0.036,-0.013,NYM,0.013,True,AGREE,graded,10.0,9.0,5.0,3.0,W,W,W,W,824902,401816033.0,100.0,-120.0,102.0,-122.0,0.5260865852617197,-125.0,-105.0,-130.0,100.0,0.4693877551020409,,,,,,,,,,,,,,,,,,,,,,,,,,,,,,,,,,,,,,,,,,,,,,,,,,,,,,,,,,,,,,,,,
824980,2026-07-05,MIA,ATH,Eury Pérez,Gage Jump,xw+plat_consol_v2,,0.336,0.32,0.334,0.294,0.016,0.04,0.035,-0.022,0.057,ATH,0.057,0.062,ATH,0.062,False,,graded,9.0,8.0,6.0,0.0,L,L,,,824980,401816041.0,104.0,-126.0,-102.0,-118.0,0.5173641257162701,100.0,-130.0,-105.0,-125.0,0.5203045685279188,,,,,,,,,,,,,,,,,,,,,,,,,,,,,,,,,,,,,,,,,,,,,,,,,,,,,,,,,,,,,,,,,
825061,2026-07-05,MIL,ARI,Brandon Sproat,Eduardo Rodriguez,xw+plat_consol_v2,,0.333,0.329,0.332,0.34,0.004,-0.008,0.03,0.034,-0.004,MIL,0.004,0.078,ARI,0.078,True,DIVERGE,graded,3.0,2.0,0.0,1.0,W,L,L,W,825061,401816042.0,-126.0,104.0,-122.0,101.0,0.4751508925131629,-120.0,-110.0,-120.0,-110.0,0.4898785425101215,,,,,,,,,,,,,,,,,,,,,,,,,,,,,,,,,,,,,,,,,,,,,,,,,,,,,,,,,,,,,,,,,
824172,2026-07-05,TB,HOU,Mason Englert,Peter Lambert,xw+plat_consol_v2,,0.337,0.324,0.349,0.298,0.013,0.0509999999999999,0.052,-0.014,0.066,HOU,0.066,0.131,HOU,0.131,False,,graded,0.0,2.0,0.0,1.0,W,W,,,824172,401816038.0,-132.0,109.0,-102.0,-118.0,0.5173641257162701,-135.0,105.0,-105.0,-125.0,0.5203045685279188,,,,,,,,,,,,,,,,,,,,,,,,,,,,,,,,,,,,,,,,,,,,,,,,,,,,,,,,,,,,,,,,,
822712,2026-07-06,HOU,WSH,Mike Burrows,Miles Mikolas,xw+plat_consol_v2,,0.333,0.332,0.332,0.337,0.001,-0.005,0.03,0.034,-0.004,HOU,0.004,0.061,WSH,0.061,True,DIVERGE,graded,11.0,12.0,6.0,12.0,L,L,W,W,822712,401816045.0,113.0,-136.0,-106.0,-114.0,0.5086640097036909,-110.0,-125.0,-105.0,-125.0,0.5203045685279188,,,,,,,,,,,,,,,,,,,,,,,,,,,,,,,,,,,,,,,,,,,,,,,,,,,,,,,,,,,,,,,,,
822958,2026-07-06,NYY,TB,Cam Schlittler,Griffin Jax,xw+plat_consol_v2,,0.314,0.323,0.277,0.354,-0.009,-0.0769999999999999,-0.044,0.042,-0.086,NYY,0.086,-0.112,NYY,0.112,True,AGREE,graded,5.0,1.0,3.0,1.0,W,W,W,W,822958,401816046.0,100.0,-120.0,-129.0,107.0,0.4616656250630002,-120.0,-110.0,-120.0,-110.0,0.4898785425101215,,,,,,,,,,,,,,,,,,,,,,,,,,,,,,,,,,,,,,,,,,,,,,,,,,,,,,,,,,,,,,,,,
823036,2026-07-06,MIL,STL,Shane Drohan,Dustin May,xw+plat_consol_v2,,0.33,0.328,0.285,0.305,0.002,-0.02,-0.022,-0.003,-0.019,MIL,0.019,-0.068,MIL,0.068,True,AGREE,graded,4.0,3.0,0.0,2.0,W,L,W,L,823036,401816048.0,-112.0,-108.0,-122.0,101.0,0.4751508925131629,-105.0,-125.0,-125.0,-105.0,0.4796954314720812,,,,,,,,,,,,,,,,,,,,,,,,,,,,,,,,,,,,,,,,,,,,,,,,,,,,,,,,,,,,,,,,,
823205,2026-07-06,TOR,SF,Kevin Gausman,Landen Roupp,xw+plat_consol_v2,,0.323,0.299,0.302,0.289,0.024,0.013,-0.011,-0.046,0.035,SF,0.035,0.071,SF,0.071,True,AGREE,graded,1.0,10.0,0.0,3.0,W,W,W,W,823205,401816052.0,-112.0,-108.0,-114.0,-105.0,0.4901832460732984,-110.0,-115.0,-115.0,-115.0,0.5,,,,,,,,,,,,,,,,,,,,,,,,,,,,,,,,,,,,,,,,,,,,,,,,,,,,,,,,,,,,,,,,,
823282,2026-07-06,ARI,SD,Brandon Pfaadt,Walker Buehler,xw+plat_consol_v2,,0.319,0.333,0.341,0.326,-0.014,0.015,0.024,0.023,0.001,SD,0.001,0.025,SD,0.025,True,AGREE,graded,8.0,0.0,7.0,0.0,L,L,L,L,823282,401816050.0,-110.0,-110.0,108.0,-131.0,0.541193294669103,-120.0,-110.0,-105.0,-125.0,0.5203045685279188,,,,,,,,,,,,,,,,,,,,,,,,,,,,,,,,,,,,,,,,,,,,,,,,,,,,,,,,,,,,,,,,,
823930,2026-07-06,COL,LAD,Kyle Freeland,Eric Lauer,xw+plat_consol_v2,,0.358,0.318,0.36,0.345,0.0399999999999999,0.015,0.087,0.027,0.06,LAD,0.06,0.122,LAD,0.122,True,AGREE,graded,7.0,8.0,2.0,6.0,W,W,W,W,823930,401816051.0,149.0,-181.0,203.0,-251.0,0.6842190494183693,150.0,-195.0,160.0,-210.0,0.6378504672897196,,,,,,,,,,,,,,,,,,,,,,,,,,,,,,,,,,,,,,,,,,,,,,,,,,,,,,,,,,,,,,,,,
824089,2026-07-06,PHI,KC,Cristopher Sánchez,Noah Cameron,xw+plat_consol_v2,,0.324,0.327,0.267,0.34,-0.003,-0.073,-0.046,0.032,-0.078,PHI,0.078,-0.136,PHI,0.136,True,AGREE,graded,1.0,15.0,1.0,10.0,L,L,L,L,824089,401816049.0,-171.0,141.0,-219.0,178.0,0.3438166885818369,-200.0,154.0,-215.0,165.0,0.3560327776207968,,,,,,,,,,,,,,,,,,,,,,,,,,,,,,,,,,,,,,,,,,,,,,,,,,,,,,,,,,,,,,,,,
824900,2026-07-06,NYM,ATL,Freddy Peralta,Reynaldo López,xw+plat_consol_v2,,0.33,0.344,0.302,0.331,-0.0139999999999999,-0.029,-0.005,0.04,-0.045,NYM,0.045,0.078,ATL,0.078,True,DIVERGE,graded,7.0,6.0,1.0,3.0,W,L,L,W,824900,401816047.0,104.0,-126.0,104.0,-126.0,0.532129844319311,100.0,-130.0,-105.0,-125.0,0.5203045685279188,,,,,,,,,,,,,,,,,,,,,,,,,,,,,,,,,,,,,,,,,,,,,,,,,,,,,,,,,,,,,,,,,
822713,2026-07-07,HOU,WSH,Tatsuya Imai,Andrew Alvarez,xw+plat_consol_v2,,0.33,0.326,0.34,0.313,0.004,0.027,0.035,0.003,0.032,WSH,0.032,0.092,WSH,0.092,True,AGREE,graded,6.0,3.0,4.0,2.0,L,L,L,L,822713,401816056.0,-102.0,-118.0,-105.0,-115.0,0.5108342361863488,110.0,-140.0,114.0,-145.0,0.558797046641455,,,,,,,,,,,,,,,,,,,,,,,,,,,,,,,,,,,,,,,,,,,,,,,,,,,,,,,,,,,,,,,,,
822881,2026-07-07,LAA,TEX,José Soriano,Jacob deGrom,xw+plat_consol_v2,,0.321,0.304,0.322,0.289,0.017,0.033,0.007,-0.042,0.049,TEX,0.049,0.063,TEX,0.063,True,AGREE,graded,3.0,8.0,2.0,2.0,W,T,W,T,822881,401816061.0,135.0,-163.0,138.0,-167.0,0.5981699425097071,135.0,-175.0,154.0,-200.0,0.6287128712871286,,,,,,,,,,,,,,,,,,,,,,,,,,,,,,,,,,,,,,,,,,,,,,,,,,,,,,,,,,,,,,,,,
822956,2026-07-07,NYY,TB,Will Warren,Ian Seymour,xw+plat_consol_v2,,0.318,0.33,0.312,0.285,-0.012,0.027,-0.006,-0.022,0.016,TB,0.016,0.05,TB,0.05,True,AGREE,graded,4.0,6.0,3.0,6.0,W,W,W,W,822956,401816058.0,100.0,-120.0,113.0,-136.0,0.551057677674631,100.0,-130.0,114.0,-145.0,0.558797046641455,,,,,,,,,,,,,,,,,,,,,,,,,,,,,,,,,,,,,,,,,,,,,,,,,,,,,,,,,,,,,,,,,
823280,2026-07-07,ARI,SD,Zac Gallen,Germán Márquez,xw+plat_consol_v2,,0.32,0.333,0.378,0.371,-0.013,0.007,0.062,0.071,-0.009,ARI,0.009,-0.014,ARI,0.014,True,AGREE,graded,1.0,4.0,1.0,4.0,L,L,L,L,823280,401816065.0,109.0,-131.0,-102.0,-119.0,0.5183284457478006,-115.0,-115.0,-110.0,-120.0,0.5101214574898786,,,,,,,,,,,,,,,,,,,,,,,,,,,,,,,,,,,,,,,,,,,,,,,,,,,,,,,,,,,,,,,,,
823361,2026-07-07,ATL,PIT,Hurston Waldrep,Paul Skenes,xw+plat_consol_v2,,0.324,0.329,0.303,0.26,-0.005,0.0429999999999999,-0.009,-0.049,0.04,PIT,0.04,0.16,PIT,0.16,False,,graded,4.0,12.0,2.0,7.0,W,W,,,823361,401816054.0,153.0,-186.0,124.0,-149.0,0.5727229047978585,150.0,-195.0,120.0,-154.0,0.5715249662618084,,,,,,,,,,,,,,,,,,,,,,,,,,,,,,,,,,,,,,,,,,,,,,,,,,,,,,,,,,,,,,,,,
823687,2026-07-07,CLE,MIN,Joey Cantillo,Taj Bradley,xw+plat_consol_v2,,0.312,0.304,0.318,0.309,0.008,0.009,-0.006,-0.023,0.017,MIN,0.017,0.034,MIN,0.034,True,AGREE,graded,1.0,3.0,1.0,2.0,W,W,W,W,823687,401816063.0,100.0,-120.0,-110.0,-110.0,0.5,-105.0,-125.0,-110.0,-120.0,0.5101214574898786,,,,,,,,,,,,,,,,,,,,,,,,,,,,,,,,,,,,,,,,,,,,,,,,,,,,,,,,,,,,,,,,,
823929,2026-07-07,COL,LAD,Michael Lorenzen,Justin Wrobleski,xw+plat_consol_v2,,0.357,0.313,0.36,0.32,0.0439999999999999,0.0399999999999999,0.086,-0.003,0.089,LAD,0.089,0.431,LAD,0.431,True,AGREE,graded,4.0,3.0,0.0,2.0,L,W,L,W,823929,401816066.0,214.0,-267.0,257.0,-326.0,0.7320451371853417,195.0,-270.0,230.0,-315.0,0.7146785837057408,,,,,,,,,,,,,,,,,,,,,,,,,,,,,,,,,,,,,,,,,,,,,,,,,,,,,,,,,,,,,,,,,
824254,2026-07-07,ATH,DET,J.T. Ginn,Tarik Skubal,xw+plat_consol_v2,,0.333,0.324,0.313,0.282,0.009,0.031,0.01,-0.031,0.041,DET,0.041,-0.016,ATH,0.016,True,DIVERGE,graded,2.0,6.0,1.0,2.0,W,W,L,L,824254,401816053.0,159.0,-194.0,187.0,-231.0,0.6669919615280139,150.0,-195.0,185.0,-245.0,0.6693026599568656,,,,,,,,,,,,,,,,,,,,,,,,,,,,,,,,,,,,,,,,,,,,,,,,,,,,,,,,,,,,,,,,,
824579,2026-07-07,BOS,CWS,Payton Tolle,Noah Schultz,xw+plat_consol_v2,,0.337,0.313,0.279,0.357,0.024,-0.0779999999999999,-0.022,0.033,-0.055,BOS,0.055,-0.068,BOS,0.068,False,,graded,8.0,1.0,4.0,0.0,W,W,,,824579,401816062.0,-126.0,104.0,-125.0,104.0,0.4687499999999999,-130.0,100.0,-135.0,105.0,0.4592085979482169,,,,,,,,,,,,,,,,,,,,,,,,,,,,,,,,,,,,,,,,,,,,,,,,,,,,,,,,,,,,,,,,,
824820,2026-07-07,CHC,BAL,Matthew Boyd,Shane Baz,xw+plat_consol_v2,,0.333,0.327,0.335,0.327,0.006,0.008,0.033,0.018,0.015,BAL,0.015,-0.008,CHC,0.008,False,,graded,5.0,2.0,3.0,0.0,L,L,,,824820,401816055.0,-120.0,100.0,-114.0,-106.0,0.4913359902963091,-120.0,-110.0,-130.0,100.0,0.4693877551020409,,,,,,,,,,,,,,,,,,,,,,,,,,,,,,,,,,,,,,,,,,,,,,,,,,,,,,,,,,,,,,,,,
823035,2026-07-07,MIL,STL,Robert Gasser,Hunter Dobbins,xw+plat_consol_v2,,0.342,0.331,0.283,0.358,0.011,-0.075,-0.014,0.055,-0.069,MIL,0.069,-0.001,MIL,0.001,False,,graded,10.0,2.0,3.0,0.0,W,W,,,823035,401816064.0,-132.0,109.0,-107.0,-112.0,0.5054504229528212,-135.0,105.0,-115.0,-115.0,0.5,,,,,,,,,,,,,,,,,,,,,,,,,,,,,,,,,,,,,,,,,,,,,,,,,,,,,,,,,,,,,,,,,
823062,2026-07-07,MIL,STL,Jacob Misiorowski,Matt Svanson,xw+plat_consol_v2,,0.342,0.336,0.226,0.365,0.006,-0.1389999999999999,-0.075,0.068,-0.143,MIL,0.143,-0.292,MIL,0.292,True,AGREE,graded,4.0,3.0,2.0,3.0,W,L,W,L,823062,401871790.0,-193.0,158.0,-211.0,172.0,0.3514441983456131,-260.0,195.0,-238.0,180.0,0.3365193150139386,,,,,,,,,,,,,,,,,,,,,,,,,,,,,,,,,,,,,,,,,,,,,,,,,,,,,,,,,,,,,,,,,
823203,2026-07-07,TOR,SF,Spencer Miles,Trevor McDonald,xw+plat_consol_v2,,0.326,0.302,0.283,0.306,0.024,-0.023,-0.028,-0.027,-0.001,TOR,0.001,-0.017,TOR,0.017,True,AGREE,graded,9.0,3.0,8.0,3.0,W,W,W,W,823203,401816067.0,-112.0,-108.0,-118.0,-102.0,0.4826358742837298,-115.0,-115.0,-120.0,-110.0,0.4898785425101215,,,,,,,,,,,,,,,,,,,,,,,,,,,,,,,,,,,,,,,,,,,,,,,,,,,,,,,,,,,,,,,,,
824495,2026-07-07,PHI,CIN,Zack Wheeler,Andrew Abbott,xw+plat_consol_v2,,0.331,0.324,0.269,0.339,0.007,-0.07,-0.038,0.027,-0.065,PHI,0.065,-0.134,PHI,0.134,True,AGREE,graded,4.0,1.0,3.0,0.0,W,W,W,W,824495,401816059.0,-168.0,139.0,-168.0,139.0,0.4002867726132154,-166.0,130.0,-175.0,135.0,0.4007285974499089,,,,,,,,,,,,,,,,,,,,,,,,,,,,,,,,,,,,,,,,,,,,,,,,,,,,,,,,,,,,,,,,,
823607,2026-07-07,KC,NYM,Seth Lugo,Cionel Pérez,xw+plat_consol_v2,,0.34,0.325,0.353,0.371,0.015,-0.018,0.059,0.061,-0.002,KC,0.002,0.028,NYM,0.028,True,DIVERGE,graded,16.0,12.0,9.0,9.0,W,T,L,T,823607,401816057.0,123.0,-149.0,119.0,-144.0,0.5637871853546911,120.0,-154.0,110.0,-140.0,0.550561797752809,,,,,,,,,,,,,,,,,,,,,,,,,,,,,,,,,,,,,,,,,,,,,,,,,,,,,,,,,,,,,,,,,
823847,2026-07-07,SEA,MIA,Bryan Woo,Max Meyer,xw+plat_consol_v2,,0.32,0.327,0.285,0.301,-0.007,-0.016,-0.031,-0.008,-0.023,SEA,0.023,0.047,MIA,0.047,True,DIVERGE,graded,5.0,6.0,2.0,4.0,L,L,W,W,823847,401816060.0,-102.0,-118.0,102.0,-123.0,0.5270012302210156,100.0,-130.0,110.0,-140.0,0.550561797752809,,,,,,,,,,,,,,,,,,,,,,,,,,,,,,,,,,,,,,,,,,,,,,,,,,,,,,,,,,,,,,,,,
822710,2026-07-08,HOU,WSH,Spencer Arrighetti,Foster Griffin,xw+plat_consol_v2,,0.34,0.331,0.334,0.311,0.009,0.023,0.039,0.006,0.033,WSH,0.033,0.101,WSH,0.101,True,AGREE,graded,2.0,8.0,1.0,8.0,W,W,W,W,822710,401816071.0,113.0,-136.0,108.0,-130.0,0.5403677058353318,114.0,-145.0,120.0,-154.0,0.5715249662618084,,,,,,,,,,,,,,,,,,,,,,,,,,,,,,,,,,,,,,,,,,,,,,,,,,,,,,,,,,,,,,,,,
822880,2026-07-08,LAA,TEX,Walbert Ureña,MacKenzie Gore,xw+plat_consol_v2,,0.321,0.319,0.282,0.305,0.002,-0.023,-0.033,-0.012,-0.021,LAA,0.021,-0.048,LAA,0.048,True,AGREE,graded,13.0,1.0,7.0,0.0,W,W,W,W,822880,401816076.0,135.0,-163.0,113.0,-136.0,0.551057677674631,120.0,-154.0,114.0,-145.0,0.558797046641455,,,,,,,,,,,,,,,,,,,,,,,,,,,,,,,,,,,,,,,,,,,,,,,,,,,,,,,,,,,,,,,,,
822957,2026-07-08,NYY,TB,Gerrit Cole,Shane McClanahan,xw+plat_consol_v2,,0.311,0.323,0.285,0.32,-0.012,-0.035,-0.039,0.007,-0.046,NYY,0.046,0.135,TB,0.135,True,DIVERGE,graded,0.0,3.0,0.0,2.0,L,L,W,W,822957,401816073.0,104.0,-126.0,101.0,-122.0,0.524849107486837,100.0,-130.0,-105.0,-125.0,0.5203045685279188,,,,,,,,,,,,,,,,,,,,,,,,,,,,,,,,,,,,,,,,,,,,,,,,,,,,,,,,,,,,,,,,,
823032,2026-07-08,MIL,STL,Kyle Harrison,Michael McGreevy,xw+plat_consol_v2,,0.341,0.333,0.272,0.36,0.008,-0.0879999999999999,-0.026,0.059,-0.085,MIL,0.085,-0.058,MIL,0.058,True,AGREE,graded,1.0,5.0,0.0,3.0,L,L,L,L,823032,401816079.0,-131.0,109.0,-149.0,124.0,0.4272770952021415,-135.0,105.0,-160.0,124.0,0.4204398447606727,,,,,,,,,,,,,,,,,,,,,,,,,,,,,,,,,,,,,,,,,,,,,,,,,,,,,,,,,,,,,,,,,
823202,2026-07-08,TOR,SF,Dylan Cease,Logan Webb,xw+plat_consol_v2,,0.323,0.303,0.265,0.31,0.02,-0.0449999999999999,-0.049,-0.023,-0.026,TOR,0.026,-0.002,TOR,0.002,True,AGREE,graded,10.0,0.0,5.0,0.0,W,W,W,W,823202,401816082.0,-108.0,-112.0,-125.0,104.0,0.4687499999999999,-125.0,-105.0,-125.0,-105.0,0.4796954314720812,,,,,,,,,,,,,,,,,,,,,,,,,,,,,,,,,,,,,,,,,,,,,,,,,,,,,,,,,,,,,,,,,
823279,2026-07-08,ARI,SD,Jose Cabrera,Michael King,xw+plat_consol_v2,,0.316,0.329,0.381,0.329,-0.013,0.0519999999999999,0.061,0.022,0.039,SD,0.039,0.108,SD,0.108,False,,graded,4.0,10.0,1.0,4.0,W,W,,,823279,401816080.0,129.0,-156.0,123.0,-148.0,0.5709639471316864,120.0,-145.0,114.0,-145.0,0.558797046641455,,,,,,,,,,,,,,,,,,,,,,,,,,,,,,,,,,,,,,,,,,,,,,,,,,,,,,,,,,,,,,,,,
823360,2026-07-08,ATL,PIT,Grant Holmes,Jared Jones,xw+plat_consol_v2,,0.323,0.329,0.331,0.325,-0.006,0.006,0.018,0.018,0.0,PIT,0.0,0.003,PIT,0.003,True,AGREE,graded,3.0,0.0,0.0,0.0,L,T,L,T,823360,401816069.0,-102.0,-118.0,102.0,-123.0,0.5270012302210156,105.0,-135.0,100.0,-130.0,0.5306122448979592,,,,,,,,,,,,,,,,,,,,,,,,,,,,,,,,,,,,,,,,,,,,,,,,,,,,,,,,,,,,,,,,,
823605,2026-07-08,KC,NYM,Steven Cruz,Christian Scott,xw+plat_consol_v2,,0.344,0.325,0.311,0.335,0.0189999999999999,-0.024,0.018,0.024,-0.006,KC,0.006,0.091,NYM,0.091,False,,graded,2.0,6.0,0.0,1.0,L,L,,,823605,401816072.0,123.0,-148.0,163.0,-199.0,0.6364166980799397,130.0,-166.0,135.0,-175.0,0.599271402550091,,,,,,,,,,,,,,,,,,,,,,,,,,,,,,,,,,,,,,,,,,,,,,,,,,,,,,,,,,,,,,,,,
823684,2026-07-08,CLE,MIN,Slade Cecconi,Connor Prielipp,xw+plat_consol_v2,,0.316,0.304,0.328,0.313,0.012,0.015,0.008,-0.019,0.027,MIN,0.027,0.088,MIN,0.088,True,AGREE,graded,5.0,6.0,3.0,3.0,W,T,W,T,823684,401816078.0,113.0,-136.0,108.0,-131.0,0.541193294669103,110.0,-140.0,114.0,-145.0,0.558797046641455,,,,,,,,,,,,,,,,,,,,,,,,,,,,,,,,,,,,,,,,,,,,,,,,,,,,,,,,,,,,,,,,,
823848,2026-07-08,SEA,MIA,George Kirby,Tyler Phillips,xw+plat_consol_v2,,0.327,0.327,0.3,0.337,0.0,-0.037,-0.01,0.029,-0.039,SEA,0.039,0.031,MIA,0.031,True,DIVERGE,graded,0.0,2.0,0.0,2.0,L,L,W,W,823848,401816075.0,-131.0,109.0,-126.0,105.0,0.466652901094363,-140.0,110.0,-135.0,105.0,0.4592085979482169,,,,,,,,,,,,,,,,,,,,,,,,,,,,,,,,,,,,,,,,,,,,,,,,,,,,,,,,,,,,,,,,,
823928,2026-07-08,COL,LAD,Gabriel Hughes,Roki Sasaki,xw+plat_consol_v2,,0.36,0.318,0.328,0.336,0.0419999999999999,-0.008,0.053,0.018,0.035,LAD,0.035,-0.07,COL,0.07,False,,graded,3.0,4.0,3.0,3.0,W,T,,,823928,401816081.0,184.0,-226.0,217.0,-271.0,0.6983911484712252,160.0,-210.0,170.0,-220.0,0.6498905908096281,,,,,,,,,,,,,,,,,,,,,,,,,,,,,,,,,,,,,,,,,,,,,,,,,,,,,,,,,,,,,,,,,
824253,2026-07-08,ATH,DET,Jeffrey Springs,Troy Melton,xw+plat_consol_v2,,0.34,0.33,0.331,0.274,0.01,0.0569999999999999,0.036,-0.034,0.07,DET,0.07,0.183,DET,0.183,True,AGREE,graded,1.0,6.0,1.0,6.0,W,W,W,W,824253,401816068.0,135.0,-163.0,118.0,-142.0,0.5612444702298934,124.0,-160.0,114.0,-145.0,0.558797046641455,,,,,,,,,,,,,,,,,,,,,,,,,,,,,,,,,,,,,,,,,,,,,,,,,,,,,,,,,,,,,,,,,
824578,2026-07-08,BOS,CWS,Jake Bennett,Davis Martin,xw+plat_consol_v2,,0.34,0.312,0.263,0.314,0.028,-0.0509999999999999,-0.037,-0.01,-0.027,BOS,0.027,0.007,CWS,0.007,False,,graded,5.0,0.0,5.0,0.0,W,W,,,824578,401816077.0,109.0,-131.0,-103.0,-117.0,0.5151837230488916,110.0,-140.0,-115.0,-115.0,0.5,,,,,,,,,,,,,,,,,,,,,,,,,,,,,,,,,,,,,,,,,,,,,,,,,,,,,,,,,,,,,,,,,
824815,2026-07-08,CHC,BAL,Colin Rea,Dean Kremer,xw+plat_consol_v2,,0.337,0.328,0.357,0.308,0.009,0.0489999999999999,0.06,-0.0,0.06,BAL,0.06,0.042,BAL,0.042,False,,graded,9.0,7.0,4.0,3.0,L,L,,,824815,401816070.0,-102.0,-118.0,105.0,-126.0,0.533347098905637,-110.0,-120.0,-110.0,-120.0,0.5101214574898786,,,,,,,,,,,,,,,,,,,,,,,,,,,,,,,,,,,,,,,,,,,,,,,,,,,,,,,,,,,,,,,,,
824496,2026-07-08,PHI,CIN,Alan Rangel,Chase Burns,xw+plat_consol_v2,,0.323,0.33,0.291,0.272,-0.007,0.0189999999999999,-0.022,-0.036,0.014,CIN,0.014,-0.01,PHI,0.01,False,,graded,5.0,11.0,3.0,7.0,W,W,,,824496,401816074.0,114.0,-137.0,119.0,-144.0,0.5637871853546911,100.0,-130.0,130.0,-166.0,0.5893794380981784,,,,,,,,,,,,,,,,,,,,,,,,,,,,,,,,,,,,,,,,,,,,,,,,,,,,,,,,,,,,,,,,,
822877,2026-07-09,LAA,TEX,Reid Detmers,Nathan Eovaldi,xw+plat_consol_v2,,0.329,0.322,0.279,0.311,0.007,-0.0319999999999999,-0.029,-0.003,-0.026,LAA,0.026,-0.062,LAA,0.062,True,AGREE,graded,6.0,7.0,1.0,5.0,L,L,L,L,822877,401816090.0,123.0,-149.0,119.0,-143.0,0.5630832299476779,105.0,-135.0,110.0,-140.0,0.550561797752809,,,,,,,,,,,,,,,,,,,,,,,,,,,,,,,,,,,,,,,,,,,,,,,,,,,,,,,,,,,,,,,,,
823034,2026-07-09,MIL,STL,Logan Henderson,Andre Pallante,xw+plat_consol_v2,,0.34,0.334,0.27,0.299,0.006,-0.0289999999999999,-0.029,-0.004,-0.025,MIL,0.025,-0.016,MIL,0.016,False,,graded,8.0,4.0,6.0,1.0,W,W,,,823034,401816093.0,-131.0,109.0,-126.0,104.0,0.4678701556806889,-140.0,110.0,-130.0,100.0,0.4693877551020409,,,,,,,,,,,,,,,,,,,,,,,,,,,,,,,,,,,,,,,,,,,,,,,,,,,,,,,,,,,,,,,,,
823277,2026-07-09,ARI,SD,Merrill Kelly,Griffin Canning,xw+plat_consol_v2,,0.318,0.332,0.412,0.337,-0.014,0.0749999999999999,0.094,0.034,0.06,SD,0.06,0.032,SD,0.032,True,AGREE,graded,3.0,1.0,2.0,1.0,L,L,L,L,823277,401816094.0,104.0,-126.0,108.0,-131.0,0.541193294669103,-110.0,-120.0,-110.0,-120.0,0.5101214574898786,,,,,,,,,,,,,,,,,,,,,,,,,,,,,,,,,,,,,,,,,,,,,,,,,,,,,,,,,,,,,,,,,
823359,2026-07-09,ATL,PIT,Bryce Elder,Mitch Keller,xw+plat_consol_v2,,0.328,0.326,0.296,0.354,0.002,-0.0579999999999999,-0.013,0.045,-0.058,ATL,0.058,-0.047,ATL,0.047,True,AGREE,graded,10.0,5.0,6.0,4.0,W,W,W,W,823359,401816084.0,-115.0,-105.0,-110.0,-110.0,0.5,-115.0,-115.0,-120.0,-110.0,0.4898785425101215,,,,,,,,,,,,,,,,,,,,,,,,,,,,,,,,,,,,,,,,,,,,,,,,,,,,,,,,,,,,,,,,,
823606,2026-07-09,KC,NYM,Michael Wacha,Sean Manaea,xw+plat_consol_v2,,0.341,0.334,0.313,0.315,0.007,-0.002,0.018,0.013,0.005,NYM,0.005,-0.107,KC,0.107,True,DIVERGE,graded,3.0,7.0,2.0,6.0,W,W,L,L,823606,401816086.0,119.0,-143.0,124.0,-149.0,0.5727229047978585,105.0,-135.0,100.0,-130.0,0.5306122448979592,,,,,,,,,,,,,,,,,,,,,,,,,,,,,,,,,,,,,,,,,,,,,,,,,,,,,,,,,,,,,,,,,
823683,2026-07-09,CLE,MIN,Gavin Williams,Bailey Ober,xw+plat_consol_v2,,0.309,0.304,0.329,0.323,0.005,0.006,0.002,-0.009,0.011,MIN,0.011,-0.001,CLE,0.001,True,DIVERGE,graded,5.0,2.0,1.0,1.0,L,T,W,T,823683,401816092.0,-131.0,109.0,-115.0,-105.0,0.4891657638136511,-125.0,-105.0,-154.0,120.0,0.4284750337381915,,,,,,,,,,,,,,,,,,,,,,,,,,,,,,,,,,,,,,,,,,,,,,,,,,,,,,,,,,,,,,,,,
823846,2026-07-09,SEA,MIA,Bryce Miller,Janson Junk,xw+plat_consol_v2,,0.33,0.326,0.226,0.31,0.004,-0.0839999999999999,-0.083,-0.0,-0.083,SEA,0.083,-0.156,SEA,0.156,True,AGREE,graded,4.0,8.0,2.0,6.0,L,L,L,L,823846,401816089.0,-149.0,123.0,-131.0,109.0,0.4576160383525822,-180.0,140.0,-145.0,114.0,0.4412029533585449,,,,,,,,,,,,,,,,,,,,,,,,,,,,,,,,,,,,,,,,,,,,,,,,,,,,,,,,,,,,,,,,,
824251,2026-07-09,ATH,DET,José Suarez,Framber Valdez,xw+plat_consol_v2,,0.317,0.322,0.301,0.324,-0.005,-0.023,-0.018,0.01,-0.028,ATH,0.028,-0.014,ATH,0.014,True,AGREE,graded,1.0,4.0,1.0,3.0,L,L,L,L,824251,401816083.0,119.0,-143.0,109.0,-131.0,0.5423839616474178,114.0,-145.0,100.0,-130.0,0.5306122448979592,,,,,,,,,,,,,,,,,,,,,,,,,,,,,,,,,,,,,,,,,,,,,,,,,,,,,,,,,,,,,,,,,
824494,2026-07-09,PHI,CIN,Jesús Luzardo,Brady Singer,xw+plat_consol_v2,,0.325,0.322,0.273,0.359,0.003,-0.0859999999999999,-0.039,0.046,-0.085,PHI,0.085,-0.115,PHI,0.115,True,AGREE,graded,1.0,0.0,0.0,0.0,W,T,W,T,824494,401816088.0,-168.0,139.0,-180.0,148.0,0.3854625550660792,-166.0,130.0,-195.0,150.0,0.3769968051118211,,,,,,,,,,,,,,,,,,,,,,,,,,,,,,,,,,,,,,,,,,,,,,,,,,,,,,,,,,,,,,,,,
824816,2026-07-09,CHC,BAL,David Peterson,Trevor Rogers,xw+plat_consol_v2,,0.33,0.327,0.347,0.315,0.003,0.0319999999999999,0.042,0.006,0.036,BAL,0.036,0.032,BAL,0.032,True,AGREE,graded,2.0,3.0,0.0,1.0,W,W,W,W,824816,401816085.0,109.0,-131.0,108.0,-130.0,0.5403677058353318,105.0,-135.0,110.0,-140.0,0.550561797752809,,,,,,,,,,,,,,,,,,,,,,,,,,,,,,,,,,,,,,,,,,,,,,,,,,,,,,,,,,,,,,,,,
822954,2026-07-09,NYY,TB,Paul Blackburn,Drew Rasmussen,xw+plat_consol_v2,,0.318,0.321,0.292,0.278,-0.003,0.0139999999999999,-0.026,-0.037,0.011,TB,0.011,0.062,TB,0.062,True,AGREE,graded,12.0,4.0,7.0,3.0,L,L,L,L,822954,401816087.0,129.0,-156.0,119.0,-144.0,0.5637871853546911,135.0,-175.0,135.0,-175.0,0.599271402550091,,,,,,,,,,,,,,,,,,,,,,,,,,,,,,,,,,,,,,,,,,,,,,,,,,,,,,,,,,,,,,,,,
823201,2026-07-09,COL,SF,Ryan Feltner,Carson Whisenhunt,xw+plat_consol_v2,,0.322,0.313,0.34,0.327,0.009,0.013,0.026,0.004,0.022,SF,0.022,0.05,SF,0.05,False,,graded,2.0,8.0,2.0,4.0,W,W,,,823201,401816095.0,118.0,-143.0,109.0,-132.0,0.5431991809088762,114.0,-145.0,100.0,-130.0,0.5306122448979592,,,,,,,,,,,,,,,,,,,,,,,,,,,,,,,,,,,,,,,,,,,,,,,,,,,,,,,,,,,,,,,,,
822709,2026-07-10,NYY,WSH,Ryan Weathers,Carson Palmquist,xw+plat_consol_v2,,0.338,0.322,0.331,0.298,0.016,0.033,0.034,-0.016,0.05,WSH,0.05,0.031,WSH,0.031,False,,graded,5.0,3.0,2.0,1.0,L,L,,,822709,401816101.0,-163.0,135.0,-158.0,131.0,0.4141384956178368,-160.0,124.0,-154.0,120.0,0.4284750337381915,,,,,,,,,,,,,,,,,,,,,,,,,,,,,,,,,,,,,,,,,,,,,,,,,,,,,,,,,,,,,,,,,
822878,2026-07-10,HOU,TEX,Hunter Brown,Cal Quantrill,xw+plat_consol_v2,,0.325,0.334,0.288,0.339,-0.009,-0.051,-0.024,0.038,-0.062,HOU,0.062,-0.023,HOU,0.023,True,AGREE,graded,3.0,7.0,0.0,3.0,L,L,L,L,822878,401816107.0,-136.0,113.0,-137.0,114.0,0.4470179938888678,-154.0,120.0,-154.0,120.0,0.4284750337381915,,,,,,,,,,,,,,,,,,,,,,,,,,,,,,,,,,,,,,,,,,,,,,,,,,,,,,,,,,,,,,,,,
822955,2026-07-10,SEA,TB,Luis Castillo,Nick Martinez,xw+plat_consol_v2,,0.319,0.332,0.329,0.333,-0.013,-0.004,0.012,0.03,-0.018,SEA,0.018,0.081,TB,0.081,True,DIVERGE,graded,2.0,7.0,1.0,4.0,L,L,W,W,822955,401816103.0,-102.0,-118.0,112.0,-135.0,0.54911742133538,100.0,-130.0,100.0,-130.0,0.5306122448979592,,,,,,,,,,,,,,,,,,,,,,,,,,,,,,,,,,,,,,,,,,,,,,,,,,,,,,,,,,,,,,,,,
823033,2026-07-10,ATL,STL,Chris Sale,Kyle Leahy,xw+plat_consol_v2,,0.342,0.327,0.289,0.359,0.015,-0.07,-0.007,0.051,-0.058,ATL,0.058,-0.173,ATL,0.173,True,AGREE,graded,1.0,2.0,1.0,0.0,L,W,L,W,823033,401816106.0,-168.0,139.0,-163.0,135.0,0.4070892345793669,-175.0,135.0,-175.0,135.0,0.4007285974499089,,,,,,,,,,,,,,,,,,,,,,,,,,,,,,,,,,,,,,,,,,,,,,,,,,,,,,,,,,,,,,,,,
823200,2026-07-10,COL,SF,Tanner Gordon,Robbie Ray,xw+plat_consol_v2,,0.323,0.315,0.339,0.329,0.008,0.01,0.026,0.008,0.018,SF,0.018,0.265,SF,0.265,True,AGREE,graded,4.0,3.0,1.0,1.0,L,T,L,T,823200,401816109.0,144.0,-175.0,129.0,-156.0,0.5825451699171612,130.0,-166.0,120.0,-154.0,0.5715249662618084,,,,,,,,,,,,,,,,,,,,,,,,,,,,,,,,,,,,,,,,,,,,,,,,,,,,,,,,,,,,,,,,,
823278,2026-07-10,TOR,SD,Shane Bieber,JP Sears,xw+plat_consol_v2,,0.315,0.305,0.502,0.368,0.01,0.134,0.179,0.035,0.144,SD,0.144,0.085,SD,0.085,False,,graded,5.0,3.0,5.0,2.0,L,L,,,823278,401816110.0,-105.0,-115.0,-101.0,-120.0,0.5205006473888649,-105.0,-125.0,-110.0,-120.0,0.5101214574898786,,,,,,,,,,,,,,,,,,,,,,,,,,,,,,,,,,,,,,,,,,,,,,,,,,,,,,,,,,,,,,,,,
823357,2026-07-10,MIL,PIT,Brandon Sproat,Braxton Ashcraft,xw+plat_consol_v2,,0.325,0.328,0.331,0.278,-0.003,0.0529999999999999,0.02,-0.031,0.051,PIT,0.051,0.116,PIT,0.116,True,AGREE,void,,,,,,,,,,,,,,,,,,,,,,,,,,,,,,,,,,,,,,,,,,,,,,,,,,,,,,,,,,,,,,,,,,,,,,,,,,,,,,,,,,,,,
823604,2026-07-10,BOS,NYM,Sonny Gray,Nolan McLean,xw+plat_consol_v2,,0.349,0.306,0.299,0.288,0.0429999999999999,0.011,0.01,-0.041,0.051,NYM,0.051,0.086,NYM,0.086,True,AGREE,graded,6.0,2.0,2.0,1.0,L,L,L,L,823604,401816096.0,113.0,-136.0,123.0,-148.0,0.5709639471316864,105.0,-135.0,120.0,-154.0,0.5715249662618084,,,,,,,,,,,,,,,,,,,,,,,,,,,,,,,,,,,,,,,,,,,,,,,,,,,,,,,,,,,,,,,,,
823685,2026-07-10,LAA,MIN,Grayson Rodriguez,Zebby Matthews,xw+plat_consol_v2,,0.315,0.309,0.4,0.326,0.006,0.074,0.078,-0.001,0.079,MIN,0.079,0.174,MIN,0.174,True,AGREE,graded,4.0,3.0,4.0,1.0,L,L,L,L,823685,401816104.0,104.0,-126.0,134.0,-162.0,0.5913146565171273,105.0,-130.0,120.0,-154.0,0.5715249662618084,,,,,,,,,,,,,,,,,,,,,,,,,,,,,,,,,,,,,,,,,,,,,,,,,,,,,,,,,,,,,,,,,
823845,2026-07-10,CLE,MIA,Parker Messick,Sandy Alcantara,xw+plat_consol_v2,,0.324,0.305,0.28,0.302,0.019,-0.0219999999999999,-0.033,-0.028,-0.005,CLE,0.005,-0.015,CLE,0.015,True,AGREE,graded,3.0,2.0,3.0,0.0,W,W,W,W,823845,401816098.0,-110.0,-110.0,104.0,-126.0,0.532129844319311,-110.0,-120.0,-110.0,-120.0,0.5101214574898786,,,,,,,,,,,,,,,,,,,,,,,,,,,,,,,,,,,,,,,,,,,,,,,,,,,,,,,,,,,,,,,,,
823927,2026-07-10,ARI,LAD,Eduardo Rodriguez,Kyle Hurt,xw+plat_consol_v2,,0.356,0.327,0.343,0.284,0.0289999999999999,0.059,0.066,-0.026,0.092,LAD,0.092,0.013,LAD,0.013,True,AGREE,graded,9.0,3.0,6.0,2.0,L,L,L,L,823927,401816108.0,209.0,-259.0,168.0,-205.0,0.6430243445692884,190.0,-250.0,150.0,-195.0,0.623003194888179,,,,,,,,,,,,,,,,,,,,,,,,,,,,,,,,,,,,,,,,,,,,,,,,,,,,,,,,,,,,,,,,,
824252,2026-07-10,PHI,DET,Aaron Nola,Jack Flaherty,xw+plat_consol_v2,,0.324,0.323,0.319,0.321,0.001,-0.002,0.007,0.008,-0.001,PHI,0.001,0.041,DET,0.041,True,DIVERGE,graded,2.0,10.0,2.0,2.0,L,T,W,T,824252,401816102.0,104.0,-126.0,-101.0,-120.0,0.5205006473888649,105.0,-135.0,100.0,-130.0,0.5306122448979592,,,,,,,,,,,,,,,,,,,,,,,,,,,,,,,,,,,,,,,,,,,,,,,,,,,,,,,,,,,,,,,,,
824493,2026-07-10,CHC,CIN,Shota Imanaga,Hunter Greene,xw+plat_consol_v2,,0.331,0.328,0.298,0.458,0.003,-0.16,-0.008,0.154,-0.162,CHC,0.162,-0.019,CHC,0.019,False,,graded,0.0,4.0,0.0,1.0,L,L,,,824493,401816097.0,-108.0,-112.0,-121.0,101.0,0.4760776372762327,-115.0,-115.0,-115.0,-115.0,0.5,,,,,,,,,,,,,,,,,,,,,,,,,,,,,,,,,,,,,,,,,,,,,,,,,,,,,,,,,,,,,,,,,
824575,2026-07-10,ATH,CWS,Jacob Lopez,Sean Burke,xw+plat_consol_v2,,0.338,0.318,0.312,0.3,0.02,0.012,0.014,-0.018,0.032,CWS,0.032,0.2,CWS,0.2,True,AGREE,graded,1.0,14.0,0.0,4.0,W,W,W,W,824575,401816105.0,123.0,-149.0,153.0,-186.0,0.6219831346321605,130.0,-166.0,145.0,-188.0,0.6152818594710127,,,,,,,,,,,,,,,,,,,,,,,,,,,,,,,,,,,,,,,,,,,,,,,,,,,,,,,,,,,,,,,,,
824817,2026-07-10,KC,BAL,Luinder Avila,Brandon Young,xw+plat_consol_v2,,0.338,0.326,0.327,0.322,0.012,0.005,0.03,0.012,0.018,BAL,0.018,0.12,BAL,0.12,True,AGREE,graded,3.0,5.0,2.0,3.0,W,W,W,W,824817,401816099.0,129.0,-156.0,124.0,-149.0,0.5727229047978585,120.0,-154.0,114.0,-145.0,0.558797046641455,,,,,,,,,,,,,,,,,,,,,,,,,,,,,,,,,,,,,,,,,,,,,,,,,,,,,,,,,,,,,,,,,
822711,2026-07-11,NYY,WSH,Cam Schlittler,PJ Poulin,xw+plat_consol_v2,,0.338,0.329,0.267,0.358,0.009,-0.0909999999999999,-0.034,0.052,-0.086,NYY,0.086,-0.073,NYY,0.073,True,AGREE,graded,4.0,2.0,0.0,2.0,W,L,W,L,822711,401816116.0,-199.0,163.0,-199.0,163.0,0.3635833019200603,-215.0,165.0,-215.0,165.0,0.3560327776207968,,,,,,,,,,,,,,,,,,,,,,,,,,,,,,,,,,,,,,,,,,,,,,,,,,,,,,,,,,,,,,,,,
822875,2026-07-11,HOU,TEX,Peter Lambert,Kumar Rocker,xw+plat_consol_v2,,0.325,0.329,0.293,0.33,-0.004,-0.037,-0.019,0.023,-0.042,HOU,0.042,-0.088,HOU,0.088,True,AGREE,graded,9.0,3.0,7.0,1.0,W,W,W,W,822875,401816122.0,109.0,-131.0,100.0,-120.0,0.5217391304347826,100.0,-130.0,-105.0,-125.0,0.5203045685279188,,,,,,,,,,,,,,,,,,,,,,,,,,,,,,,,,,,,,,,,,,,,,,,,,,,,,,,,,,,,,,,,,
822953,2026-07-11,SEA,TB,Logan Gilbert,Griffin Jax,xw+plat_consol_v2,,0.316,0.326,0.296,0.346,-0.01,-0.0499999999999999,-0.024,0.037,-0.061,SEA,0.061,-0.046,SEA,0.046,True,AGREE,graded,1.0,6.0,1.0,2.0,L,L,L,L,822953,401816118.0,-110.0,-110.0,-108.0,-112.0,0.5043297540699688,-110.0,-110.0,-115.0,-115.0,0.5,,,,,,,,,,,,,,,,,,,,,,,,,,,,,,,,,,,,,,,,,,,,,,,,,,,,,,,,,,,,,,,,,
823030,2026-07-11,ATL,STL,Reynaldo López,Matthew Liberatore,xw+plat_consol_v2,,0.343,0.328,0.327,0.357,0.015,-0.0299999999999999,0.035,0.05,-0.015,ATL,0.015,-0.094,ATL,0.094,True,AGREE,graded,1.0,4.0,0.0,4.0,L,L,L,L,823030,401816121.0,-120.0,100.0,-107.0,-112.0,0.5054504229528212,-125.0,-105.0,-115.0,-115.0,0.5,,,,,,,,,,,,,,,,,,,,,,,,,,,,,,,,,,,,,,,,,,,,,,,,,,,,,,,,,,,,,,,,,
823198,2026-07-11,COL,SF,Kyle Freeland,Tyler Mahle,xw+plat_consol_v2,,0.324,0.317,0.365,0.315,0.007,0.0499999999999999,0.054,-0.004,0.058,SF,0.058,0.033,SF,0.033,True,AGREE,graded,2.0,4.0,1.0,1.0,W,T,W,T,823198,401816124.0,123.0,-149.0,123.0,-149.0,0.5716276429198135,124.0,-160.0,120.0,-154.0,0.5715249662618084,,,,,,,,,,,,,,,,,,,,,,,,,,,,,,,,,,,,,,,,,,,,,,,,,,,,,,,,,,,,,,,,,
823276,2026-07-11,TOR,SD,Trey Yesavage,Walker Buehler,xw+plat_consol_v2,,0.318,0.3,0.275,0.326,0.018,-0.0509999999999999,-0.043,-0.01,-0.033,TOR,0.033,-0.126,TOR,0.126,True,AGREE,graded,7.0,8.0,4.0,7.0,L,L,L,L,823276,401816125.0,-105.0,-115.0,-108.0,-111.0,0.5032696834946377,-125.0,-105.0,-115.0,-115.0,0.5,,,,,,,,,,,,,,,,,,,,,,,,,,,,,,,,,,,,,,,,,,,,,,,,,,,,,,,,,,,,,,,,,
823356,2026-07-11,MIL,PIT,Shane Drohan,Bubba Chandler,xw+plat_consol_v2,,0.331,0.34,0.291,0.32,-0.009,-0.029,-0.015,0.024,-0.039,MIL,0.039,-0.109,MIL,0.109,True,AGREE,graded,2.0,3.0,2.0,2.0,L,T,L,T,823356,401816115.0,-131.0,109.0,-148.0,123.0,0.4290360528683136,-135.0,105.0,-154.0,120.0,0.4284750337381915,,,,,,,,,,,,,,,,,,,,,,,,,,,,,,,,,,,,,,,,,,,,,,,,,,,,,,,,,,,,,,,,,
823682,2026-07-11,LAA,MIN,Ryan Johnson,Joe Ryan,xw+plat_consol_v2,,0.312,0.325,0.333,0.274,-0.013,0.059,0.009,-0.038,0.047,MIN,0.047,0.202,MIN,0.202,True,AGREE,graded,3.0,5.0,2.0,3.0,W,W,W,W,823682,401816119.0,153.0,-186.0,157.0,-191.0,0.62781536572576,154.0,-200.0,160.0,-210.0,0.6378504672897196,,,,,,,,,,,,,,,,,,,,,,,,,,,,,,,,,,,,,,,,,,,,,,,,,,,,,,,,,,,,,,,,,
823844,2026-07-11,CLE,MIA,Tanner Bibee,Eury Pérez,xw+plat_consol_v2,,0.324,0.303,0.336,0.316,0.021,0.02,0.024,-0.017,0.041,MIA,0.041,0.098,MIA,0.098,True,AGREE,graded,4.0,1.0,2.0,0.0,L,L,L,L,823844,401816113.0,123.0,-149.0,134.0,-162.0,0.5913146565171273,130.0,-166.0,120.0,-154.0,0.5715249662618084,,,,,,,,,,,,,,,,,,,,,,,,,,,,,,,,,,,,,,,,,,,,,,,,,,,,,,,,,,,,,,,,,
823926,2026-07-11,ARI,LAD,Brandon Pfaadt,Yoshinobu Yamamoto,xw+plat_consol_v2,,0.359,0.332,0.325,0.284,0.0269999999999999,0.041,0.049,-0.021,0.07,LAD,0.07,0.284,LAD,0.284,True,AGREE,graded,9.0,2.0,1.0,0.0,L,L,L,L,823926,401816123.0,224.0,-280.0,255.0,-322.0,0.7303686665388792,210.0,-280.0,230.0,-315.0,0.7146785837057408,,,,,,,,,,,,,,,,,,,,,,,,,,,,,,,,,,,,,,,,,,,,,,,,,,,,,,,,,,,,,,,,,
824249,2026-07-11,PHI,DET,Cristopher Sánchez,Casey Mize,xw+plat_consol_v2,,0.335,0.326,0.279,0.271,0.009,0.008,-0.024,-0.04,0.016,DET,0.016,0.016,DET,0.016,True,AGREE,graded,4.0,2.0,4.0,1.0,L,L,L,L,824249,401816117.0,-134.0,111.0,-148.0,123.0,0.4290360528683136,-140.0,110.0,-160.0,124.0,0.4204398447606727,,,,,,,,,,,,,,,,,,,,,,,,,,,,,,,,,,,,,,,,,,,,,,,,,,,,,,,,,,,,,,,,,
824492,2026-07-11,CHC,CIN,Javier Assad,Nick Lodolo,xw+plat_consol_v2,,0.325,0.327,0.332,0.374,-0.002,-0.0419999999999999,0.021,0.067,-0.046,CHC,0.046,-0.101,CHC,0.101,True,AGREE,graded,5.0,3.0,1.0,2.0,W,L,W,L,824492,401816112.0,-118.0,-102.0,-102.0,-118.0,0.5173641257162701,-115.0,-115.0,-105.0,-125.0,0.5203045685279188,,,,,,,,,,,,,,,,,,,,,,,,,,,,,,,,,,,,,,,,,,,,,,,,,,,,,,,,,,,,,,,,,
824576,2026-07-11,ATH,CWS,Gage Jump,Bryan Hudson,xw+plat_consol_v2,,0.332,0.319,0.312,0.294,0.013,0.018,0.008,-0.023,0.031,CWS,0.031,0.097,CWS,0.097,True,AGREE,graded,0.0,1.0,0.0,0.0,W,T,W,T,824576,401816120.0,-112.0,-108.0,-103.0,-117.0,0.5151837230488916,-130.0,100.0,-115.0,-115.0,0.5,,,,,,,,,,,,,,,,,,,,,,,,,,,,,,,,,,,,,,,,,,,,,,,,,,,,,,,,,,,,,,,,,
824813,2026-07-11,KC,BAL,Noah Cameron,Kyle Bradish,xw+plat_consol_v2,,0.33,0.327,0.34,0.306,0.003,0.034,0.035,-0.003,0.038,BAL,0.038,0.026,BAL,0.026,True,AGREE,graded,1.0,6.0,0.0,4.0,W,W,W,W,824813,401816114.0,129.0,-156.0,135.0,-163.0,0.592910765420633,130.0,-166.0,120.0,-154.0,0.5715249662618084,,,,,,,,,,,,,,,,,,,,,,,,,,,,,,,,,,,,,,,,,,,,,,,,,,,,,,,,,,,,,,,,,
823603,2026-07-11,BOS,NYM,Eduardo Rivera,Freddy Peralta,xw+plat_consol_v2,,0.351,0.3,0.187,0.301,0.0509999999999999,-0.1139999999999999,-0.112,-0.034,-0.078,BOS,0.078,-0.034,BOS,0.034,False,,graded,4.0,0.0,2.0,0.0,W,W,,,823603,401816111.0,125.0,-151.0,119.0,-144.0,0.5637871853546911,124.0,-160.0,120.0,-154.0,0.5715249662618084,,,,,,,,,,,,,,,,,,,,,,,,,,,,,,,,,,,,,,,,,,,,,,,,,,,,,,,,,,,,,,,,,
822708,2026-07-12,NYY,WSH,Will Warren,Cade Cavalli,xw+plat_consol_v2,,0.343,0.324,0.319,0.315,0.019,0.004,0.026,0.003,0.023,WSH,0.023,0.054,WSH,0.054,True,AGREE,graded,5.0,3.0,2.0,1.0,L,L,L,L,822708,401816131.0,-115.0,-105.0,-107.0,-113.0,0.5064960374171755,-105.0,-125.0,105.0,-135.0,0.5407914020517831,,,,,,,,,,,,,,,,,,,,,,,,,,,,,,,,,,,,,,,,,,,,,,,,,,,,,,,,,,,,,,,,,
822876,2026-07-12,HOU,TEX,Cristian Javier,MacKenzie Gore,xw+plat_consol_v2,,0.326,0.336,0.395,0.309,-0.01,0.086,0.087,0.008,0.079,TEX,0.079,0.141,TEX,0.141,False,,graded,5.0,6.0,1.0,4.0,W,W,,,822876,401816137.0,109.0,-131.0,119.0,-144.0,0.5637871853546911,114.0,-145.0,114.0,-145.0,0.558797046641455,,,,,,,,,,,,,,,,,,,,,,,,,,,,,,,,,,,,,,,,,,,,,,,,,,,,,,,,,,,,,,,,,
822951,2026-07-12,SEA,TB,Emerson Hancock,Ian Seymour,xw+plat_consol_v2,,0.32,0.319,0.322,0.28,0.001,0.0419999999999999,0.006,-0.037,0.043,TB,0.043,0.041,TB,0.041,True,AGREE,graded,8.0,2.0,7.0,0.0,L,L,L,L,822951,401816133.0,119.0,-143.0,129.0,-156.0,0.5825451699171612,114.0,-145.0,124.0,-160.0,0.5795601552393274,,,,,,,,,,,,,,,,,,,,,,,,,,,,,,,,,,,,,,,,,,,,,,,,,,,,,,,,,,,,,,,,,
823029,2026-07-12,ATL,STL,Danny Young,Dustin May,xw+plat_consol_v2,,0.339,0.326,0.291,0.302,0.013,-0.011,-0.008,-0.008,0.0,STL,0.0,0.0,STL,0.0,False,,graded,4.0,3.0,2.0,1.0,L,L,,,823029,401816136.0,113.0,-136.0,113.0,-136.0,0.551057677674631,110.0,-140.0,114.0,-145.0,0.558797046641455,,,,,,,,,,,,,,,,,,,,,,,,,,,,,,,,,,,,,,,,,,,,,,,,,,,,,,,,,,,,,,,,,
823199,2026-07-12,COL,SF,Michael Lorenzen,Trevor McDonald,xw+plat_consol_v2,,0.324,0.319,0.356,0.312,0.005,0.0439999999999999,0.045,-0.005,0.05,SF,0.05,0.162,SF,0.162,True,AGREE,graded,1.0,3.0,1.0,1.0,W,T,W,T,823199,401816139.0,139.0,-168.0,124.0,-149.0,0.5727229047978585,120.0,-154.0,114.0,-145.0,0.558797046641455,,,,,,,,,,,,,,,,,,,,,,,,,,,,,,,,,,,,,,,,,,,,,,,,,,,,,,,,,,,,,,,,,
823274,2026-07-12,TOR,SD,Kevin Gausman,Germán Márquez,xw+plat_consol_v2,,0.315,0.301,0.306,0.361,0.014,-0.0549999999999999,-0.015,0.024,-0.039,TOR,0.039,-0.115,TOR,0.115,True,AGREE,graded,4.0,5.0,3.0,3.0,L,T,L,T,823274,401816140.0,-126.0,104.0,-126.0,105.0,0.466652901094363,-145.0,114.0,-160.0,124.0,0.4204398447606727,,,,,,,,,,,,,,,,,,,,,,,,,,,,,,,,,,,,,,,,,,,,,,,,,,,,,,,,,,,,,,,,,
823358,2026-07-12,MIL,PIT,Robert Gasser,Paul Skenes,xw+plat_consol_v2,,0.325,0.328,0.289,0.259,-0.003,0.0299999999999999,-0.023,-0.051,0.028,PIT,0.028,0.054,PIT,0.054,True,AGREE,graded,5.0,14.0,2.0,14.0,W,W,W,W,823358,401816130.0,-126.0,104.0,108.0,-130.0,0.5403677058353318,110.0,-140.0,120.0,-154.0,0.5715249662618084,,,,,,,,,,,,,,,,,,,,,,,,,,,,,,,,,,,,,,,,,,,,,,,,,,,,,,,,,,,,,,,,,
823602,2026-07-12,BOS,NYM,Payton Tolle,Zach Thornton,xw+plat_consol_v2,,0.343,0.303,0.274,0.356,0.04,-0.0819999999999999,-0.022,0.021,-0.043,BOS,0.043,-0.069,BOS,0.069,False,,graded,3.0,2.0,0.0,1.0,W,L,,,823602,401816126.0,-115.0,-105.0,-115.0,-105.0,0.4891657638136511,-135.0,105.0,-135.0,105.0,0.4592085979482169,,,,,,,,,,,,,,,,,,,,,,,,,,,,,,,,,,,,,,,,,,,,,,,,,,,,,,,,,,,,,,,,,
823681,2026-07-12,LAA,MIN,José Soriano,Taj Bradley,xw+plat_consol_v2,,0.318,0.317,0.32,0.302,0.001,0.018,0.002,-0.017,0.019,MIN,0.019,0.03,MIN,0.03,True,AGREE,graded,2.0,4.0,1.0,3.0,W,W,W,W,823681,401816134.0,123.0,-149.0,105.0,-126.0,0.533347098905637,105.0,-135.0,105.0,-135.0,0.5407914020517831,,,,,,,,,,,,,,,,,,,,,,,,,,,,,,,,,,,,,,,,,,,,,,,,,,,,,,,,,,,,,,,,,
823842,2026-07-12,CLE,MIA,Joey Cantillo,Tyler Phillips,xw+plat_consol_v2,,0.323,0.304,0.313,0.337,0.019,-0.024,-0.0,0.004,-0.004,CLE,0.004,0.053,MIA,0.053,True,DIVERGE,graded,5.0,2.0,3.0,1.0,W,W,L,L,823842,401816128.0,-108.0,-112.0,-114.0,-105.0,0.4901832460732984,-115.0,-115.0,-120.0,-110.0,0.4898785425101215,,,,,,,,,,,,,,,,,,,,,,,,,,,,,,,,,,,,,,,,,,,,,,,,,,,,,,,,,,,,,,,,,
823925,2026-07-12,ARI,LAD,Mitch Bratt,Emmet Sheehan,xw+plat_consol_v2,,0.359,0.327,0.28,0.308,0.0319999999999999,-0.0279999999999999,-0.002,-0.001,-0.001,ARI,0.001,0.019,LAD,0.019,False,,graded,5.0,3.0,2.0,3.0,W,L,,,823925,401816138.0,163.0,-199.0,194.0,-239.0,0.6745579171706698,154.0,-200.0,160.0,-210.0,0.6378504672897196,,,,,,,,,,,,,,,,,,,,,,,,,,,,,,,,,,,,,,,,,,,,,,,,,,,,,,,,,,,,,,,,,
824250,2026-07-12,PHI,DET,Zack Wheeler,Tarik Skubal,xw+plat_consol_v2,,0.337,0.329,0.257,0.279,0.008,-0.022,-0.046,-0.029,-0.017,PHI,0.017,-0.047,PHI,0.047,True,AGREE,graded,5.0,0.0,1.0,0.0,W,W,W,W,824250,401816132.0,-115.0,-105.0,113.0,-136.0,0.551057677674631,-105.0,-125.0,110.0,-140.0,0.550561797752809,,,,,,,,,,,,,,,,,,,,,,,,,,,,,,,,,,,,,,,,,,,,,,,,,,,,,,,,,,,,,,,,,
824491,2026-07-12,CHC,CIN,Matthew Boyd,Andrew Abbott,xw+plat_consol_v2,,0.332,0.326,0.329,0.336,0.006,-0.007,0.025,0.026,-0.001,CHC,0.001,0.049,CIN,0.049,False,,graded,8.0,4.0,4.0,4.0,W,T,,,824491,401816127.0,-131.0,109.0,-130.0,108.0,0.4596322941646683,-140.0,110.0,-125.0,-105.0,0.4796954314720812,,,,,,,,,,,,,,,,,,,,,,,,,,,,,,,,,,,,,,,,,,,,,,,,,,,,,,,,,,,,,,,,,
824574,2026-07-12,ATH,CWS,J.T. Ginn,Noah Schultz,xw+plat_consol_v2,,0.339,0.316,0.312,0.372,0.023,-0.06,0.015,0.052,-0.037,ATH,0.037,-0.068,ATH,0.068,False,,graded,1.0,9.0,1.0,9.0,L,L,,,824574,401816135.0,-110.0,-110.0,129.0,-156.0,0.5825451699171612,-110.0,-120.0,105.0,-135.0,0.5407914020517831,,,,,,,,,,,,,,,,,,,,,,,,,,,,,,,,,,,,,,,,,,,,,,,,,,,,,,,,,,,,,,,,,
824814,2026-07-12,KC,BAL,Seth Lugo,Shane Baz,xw+plat_consol_v2,,0.331,0.324,0.355,0.328,0.007,0.0269999999999999,0.052,0.016,0.036,BAL,0.036,0.095,BAL,0.095,True,AGREE,graded,2.0,8.0,2.0,2.0,W,T,W,T,824814,401816129.0,113.0,-136.0,129.0,-156.0,0.5825451699171612,130.0,-166.0,120.0,-154.0,0.5715249662618084,,,,,,,,,,,,,,,,,,,,,,,,,,,,,,,,,,,,,,,,,,,,,,,,,,,,,,,,,,,,,,,,,
823443,2026-07-14,AME,NAT,Dylan Cease,Cristopher Sánchez,xw+plat_consol_v2,,0.355,0.372,0.264,0.279,-0.017,-0.015,-0.023,0.008,-0.031,AME,0.031,-0.076,AME,0.076,True,AGREE,graded,4.0,0.0,3.0,0.0,W,W,W,W,,,,,,,,,,,,,,,,,,,,,,,,,,,,,,,,,,,,,,,,,,,,,,,,,,,,,,,,,,,,,,,,,,,,,,,,,,,,,
823440,2026-07-16,NYM,PHI,Christian Scott,Aaron Nola,xw+plat_consol_v2,,0.321,0.344,0.328,0.318,-0.0229999999999999,0.01,0.013,0.026,-0.013,NYM,0.013,-0.127,NYM,0.127,True,AGREE,graded,4.0,1.0,1.0,0.0,W,W,W,W,823440,401816143.0,122.0,-147.0,104.0,-125.0,0.53125,100.0,-130.0,-115.0,-115.0,0.5,,,,,,,,,,,,,,,,,,,,,,,,,,,,,,,,,,,,,,,,,,,,,,,,,,,,,,,,,,,,,,,,,
822789,2026-07-17,CWS,TOR,Anthony Kay,Spencer Miles,xw+plat_consol_v3,,0.306,0.338,0.349,0.283,-0.032,0.066,0.018,-0.017,0.035,TOR,0.035,0.122,TOR,0.122,True,AGREE,graded,12.0,4.0,8.0,3.0,L,L,L,L,822789,401816141.0,109.0,-132.0,113.0,-136.0,0.551057677674631,110.0,-140.0,100.0,-130.0,0.5306122448979592,2026-07-17T22:25:59.326430+00:00,2026-07-17T23:15:00Z,pregame,,,,,,,,,,,,,,,,,,,,,,,,,,,,,,,,,,,,,,,,,,,,,,,,,,,,,,,,,,,,,,
823115,2026-07-17,SF,SEA,Landen Roupp,Bryce Miller,xw+plat_consol_v3,,0.326,0.324,0.286,0.236,0.002,0.0499999999999999,-0.025,-0.078,0.053,SEA,0.053,0.025,SEA,0.025,True,AGREE,graded,7.0,0.0,2.0,0.0,L,L,L,L,823115,401816153.0,129.0,-156.0,155.0,-188.0,0.6247068021892103,130.0,-166.0,140.0,-180.0,0.6067415730337079,2026-07-18T00:59:15.162768+00:00,2026-07-18T02:10:00Z,pregame,,,,,,,,,,,,,,,,,,,,,,,,,,,,,,,,,,,,,,,,,,,,,,,,,,,,,,,,,,,,,,
823524,2026-07-17,LAD,NYY,Roki Sasaki,Gerrit Cole,xw+plat_consol_v3,,0.324,0.358,0.332,0.291,-0.0339999999999999,0.041,0.02,0.01,0.01,NYY,0.01,0.0,NYY,0.0,True,AGREE,graded,2.0,1.0,0.0,1.0,L,W,L,W,823524,401816142.0,-110.0,-110.0,-113.0,-107.0,0.4935039625828245,-115.0,-115.0,-105.0,-125.0,0.5203045685279188,2026-07-17T22:25:59.326430+00:00,2026-07-17T23:05:00Z,pregame,,,,,,,,,,,,,,,,,,,,,,,,,,,,,,,,,,,,,,,,,,,,,,,,,,,,,,,,,,,,,,
823766,2026-07-17,MIA,MIL,Sandy Alcantara,Logan Henderson,xw+plat_consol_v3,,0.329,0.321,0.301,0.272,0.008,0.0289999999999999,-0.007,-0.043,0.036,MIL,0.036,0.049,MIL,0.049,False,,graded,1.0,2.0,1.0,1.0,W,T,,,823766,401816148.0,129.0,-156.0,124.0,-150.0,0.5733788395904437,120.0,-154.0,120.0,-154.0,0.5715249662618084,2026-07-17T23:29:05.332646+00:00,2026-07-17T23:40:00Z,pregame,,,,,,,,,,,,,,,,,,,,,,,,,,,,,,,,,,,,,,,,,,,,,,,,,,,,,,,,,,,,,,
824009,2026-07-17,DET,LAA,Troy Melton,Reid Detmers,xw+plat_consol_v3,,0.323,0.334,0.269,0.287,-0.011,-0.0179999999999999,-0.045,-0.017,-0.028,DET,0.028,-0.085,DET,0.085,True,AGREE,graded,2.0,1.0,0.0,1.0,W,L,W,L,824009,401816152.0,-105.0,-115.0,-120.0,100.0,0.4782608695652174,-110.0,-120.0,-120.0,-110.0,0.4898785425101215,2026-07-18T00:59:15.162768+00:00,2026-07-18T01:38:00Z,pregame,,,,,,,,,,,,,,,,,,,,,,,,,,,,,,,,,,,,,,,,,,,,,,,,,,,,,,,,,,,,,,
824090,2026-07-17,SD,KC,Michael King,Seth Lugo,xw+plat_consol_v3,,0.324,0.319,0.329,0.357,0.005,-0.0279999999999999,0.017,0.04,-0.023,SD,0.023,-0.138,SD,0.138,True,AGREE,graded,6.0,7.0,2.0,1.0,L,W,L,W,824090,401816150.0,102.0,-123.0,-126.0,104.0,0.4678701556806889,-125.0,-105.0,-120.0,-110.0,0.4898785425101215,2026-07-17T23:29:05.332646+00:00,2026-07-18T00:10:00Z,pregame,,,,,,,,,,,,,,,,,,,,,,,,,,,,,,,,,,,,,,,,,,,,,,,,,,,,,,,,,,,,,,
824170,2026-07-17,BAL,HOU,Dean Kremer,Peter Lambert,xw+plat_consol_v3,,0.333,0.334,0.327,0.287,-0.001,0.04,0.024,-0.017,0.041,HOU,0.041,0.166,HOU,0.166,False,,graded,3.0,2.0,1.0,2.0,L,W,,,824170,401816147.0,-108.0,-112.0,102.0,-123.0,0.5270012302210156,-110.0,-115.0,-105.0,-125.0,0.5203045685279188,2026-07-17T23:29:05.332646+00:00,2026-07-18T00:10:00Z,pregame,,,,,,,,,,,,,,,,,,,,,,,,,,,,,,,,,,,,,,,,,,,,,,,,,,,,,,,,,,,,,,
824332,2026-07-17,CIN,COL,Brady Singer,Gabriel Hughes,xw+plat_consol_v3,,0.316,0.329,0.358,0.256,-0.013,0.1019999999999999,0.038,-0.053,0.091,COL,0.091,0.256,COL,0.256,False,,graded,7.0,2.0,1.0,1.0,L,T,,,824332,401816151.0,-105.0,-115.0,-108.0,-112.0,0.5043297540699688,-115.0,-115.0,-105.0,-125.0,0.5203045685279188,2026-07-17T23:29:05.332646+00:00,2026-07-18T00:40:00Z,pregame,,,,,,,,,,,,,,,,,,,,,,,,,,,,,,,,,,,,,,,,,,,,,,,,,,,,,,,,,,,,,,
824414,2026-07-17,PIT,CLE,Jared Jones,Gavin Williams,xw+plat_consol_v3,,0.305,0.326,0.295,0.324,-0.021,-0.029,-0.035,0.014,-0.049,PIT,0.049,-0.042,PIT,0.042,True,AGREE,void,,,,,,,,,,,,,,,,,,,,,2026-07-17T17:34:32.610649+00:00,2026-07-17T23:10:00Z,pregame,,,,,,,,,,,,,,,,,,,,,,,,,,,,,,,,,,,,,,,,,,,,,,,,,,,,,,,,,,,,,,
824655,2026-07-17,MIN,CHC,Bailey Ober,Colin Rea,xw+plat_consol_v3,,0.326,0.316,0.322,0.363,0.01,-0.0409999999999999,0.012,0.043,-0.031,MIN,0.031,-0.065,MIN,0.065,True,AGREE,graded,5.0,2.0,4.0,1.0,W,W,W,W,824655,401816149.0,119.0,-143.0,125.0,-151.0,0.5751163774862462,105.0,-135.0,114.0,-145.0,0.558797046641455,2026-07-17T23:29:05.332646+00:00,2026-07-18T00:05:00Z,pregame,,,,,,,,,,,,,,,,,,,,,,,,,,,,,,,,,,,,,,,,,,,,,,,,,,,,,,,,,,,,,,
824766,2026-07-17,TB,BOS,Griffin Jax,Jake Bennett,xw+plat_consol_v3,,0.303,0.318,0.352,0.268,-0.015,0.0839999999999999,0.017,-0.05,0.067,BOS,0.067,0.049,BOS,0.049,False,,graded,0.0,10.0,0.0,3.0,W,W,,,824766,401872178.0,104.0,-126.0,-101.0,-119.0,0.5195490681610843,-105.0,-125.0,-105.0,-125.0,0.5203045685279188,2026-07-17T17:34:32.610649+00:00,2026-07-17T17:35:00Z,pregame,,,,,,,,,,,,,,,,,,,,,,,,,,,,,,,,,,,,,,,,,,,,,,,,,,,,,,,,,,,,,,
824901,2026-07-17,TEX,ATL,Cal Quantrill,Chris Sale,xw+plat_consol_v3,,0.328,0.327,0.33,0.289,0.001,0.041,0.022,-0.021,0.043,ATL,0.043,0.025,ATL,0.025,True,AGREE,graded,1.0,15.0,0.0,8.0,W,W,W,W,824901,401816146.0,169.0,-207.0,179.0,-219.0,0.6569929355598327,175.0,-230.0,185.0,-245.0,0.6693026599568656,2026-07-17T22:25:59.326430+00:00,2026-07-17T23:15:00Z,pregame,,,,,,,,,,,,,,,,,,,,,,,,,,,,,,,,,,,,,,,,,,,,,,,,,,,,,,,,,,,,,,
824981,2026-07-17,WSH,ATH,Cade Cavalli,Gage Jump,xw+plat_consol_v3,,0.321,0.34,0.316,0.309,-0.019,0.007,0.001,0.012,-0.011,WSH,0.011,-0.044,WSH,0.044,True,AGREE,graded,23.0,4.0,8.0,2.0,W,W,W,W,824981,401816155.0,-108.0,-112.0,-136.0,113.0,0.448942322325369,-120.0,-110.0,-130.0,100.0,0.4693877551020409,2026-07-18T00:59:15.162768+00:00,2026-07-18T01:40:00Z,pregame,,,,,,,,,,,,,,,,,,,,,,,,,,,,,,,,,,,,,,,,,,,,,,,,,,,,,,,,,,,,,,
825060,2026-07-17,STL,ARI,Michael McGreevy,Merrill Kelly,xw+plat_consol_v3,,0.328,0.338,0.353,0.405,-0.01,-0.052,0.046,0.112,-0.066,STL,0.066,-0.213,STL,0.213,True,AGREE,graded,5.0,4.0,3.0,2.0,W,W,W,W,825060,401816154.0,-112.0,-108.0,-105.0,-115.0,0.5108342361863488,-130.0,100.0,-115.0,-115.0,0.5,2026-07-18T00:59:15.162768+00:00,2026-07-18T01:40:00Z,pregame,,,,,,,,,,,,,,,,,,,,,,,,,,,,,,,,,,,,,,,,,,,,,,,,,,,,,,,,,,,,,,
823357,2026-07-11,MIL,PIT,Brandon Sproat,Braxton Ashcraft,xw+plat_consol_v2,,0.326,0.342,0.331,0.278,-0.016,0.053,0.021,-0.019,0.04,PIT,0.04,0.087,PIT,0.087,True,AGREE,graded,6.0,7.0,5.0,3.0,W,L,W,L,823357,401889917.0,-102.0,-118.0,-103.0,-117.0,0.5151837230488916,-105.0,-125.0,105.0,-135.0,0.5407914020517831,2026-07-11T09:48:44+00:00,2026-07-11T16:05:00+00:00,pregame_recovered,,,,,,,,,,,,,,,,,,,,,,,,,,,,,,,,,,,,,,,,,,,,,,,,,,,,,,,,,,,,,,
824737,2026-07-17,TB,BOS,Mason Englert,Eduardo Rivera,xw+plat_consol_v3,,0.319,0.325,0.332,0.196,-0.006,0.136,0.015,-0.118,0.133,BOS,0.133,0.123,BOS,0.123,False,,graded,3.0,5.0,3.0,5.0,W,W,,,824737,401816145.0,-111.0,-108.0,109.0,-131.0,0.5423839616474178,-115.0,-115.0,-105.0,-125.0,0.5203045685279188,2026-07-17T22:25:59.326430+00:00,2026-07-17T23:10:00Z,pregame,,,,,,,,,,,,,,,,,,,,,,,,,,,,,,,,,,,,,,,,,,,,,,,,,,,,,,,,,,,,,,
822790,2026-07-18,CWS,TOR,Davis Martin,Shane Bieber,xw+plat_consol_v3,,0.302,0.338,0.323,0.477,-0.036,-0.1539999999999999,-0.011,0.189,-0.2,CWS,0.2,-0.246,CWS,0.246,False,,graded,0.0,1.0,0.0,1.0,L,L,,,822790,401816156.0,-117.0,-103.0,-106.0,-113.0,0.50763258897418,-120.0,-110.0,-110.0,-120.0,0.5101214574898786,2026-07-18T09:49:35.173495+00:00,2026-07-18T19:07:00Z,pregame,,,,,,,,,,,,,,,,,,,,,,,,,,,,,,,,,,,,,,,,,,,,,,,,,,,,,,,,,,,,,,
823116,2026-07-18,SF,SEA,Logan Webb,Bryan Woo,xw+plat_consol_v3,,0.328,0.322,0.309,0.292,0.006,0.017,0.001,-0.022,0.023,SEA,0.023,-0.025,SF,0.025,True,DIVERGE,graded,3.0,4.0,1.0,0.0,W,L,L,W,823116,401816168.0,110.0,-133.0,136.0,-164.0,0.5944949619071024,105.0,-135.0,120.0,-154.0,0.5715249662618084,2026-07-18T09:49:35.173495+00:00,2026-07-19T00:08:00Z,pregame,,,,,,,,,,,,,,,,,,,,,,,,,,,,,,,,,,,,,,,,,,,,,,,,,,,,,,,,,,,,,,
823441,2026-07-18,NYM,PHI,Sean Manaea,Jesús Luzardo,xw+plat_consol_v3,,0.323,0.339,0.318,0.269,-0.016,0.0489999999999999,0.005,-0.031,0.036,PHI,0.036,0.09,PHI,0.09,True,AGREE,graded,1.0,6.0,1.0,4.0,W,W,W,W,823441,401816158.0,136.0,-164.0,144.0,-175.0,0.6082621082621081,135.0,-175.0,140.0,-180.0,0.6067415730337079,2026-07-18T09:49:35.173495+00:00,2026-07-18T20:05:00Z,pregame,,,,,,,,,,,,,,,,,,,,,,,,,,,,,,,,,,,,,,,,,,,,,,,,,,,,,,,,,,,,,,
823523,2026-07-18,LAD,NYY,Emmet Sheehan,Ryan Weathers,xw+plat_consol_v3,,0.325,0.352,0.306,0.324,-0.0269999999999999,-0.018,-0.005,0.041,-0.046,LAD,0.046,0.01,NYY,0.01,True,DIVERGE,void,,,,,,,,,,,,,,,,,,,,,2026-07-18T09:49:35.173495+00:00,2026-07-19T00:08:00Z,pregame,,,,,,,,,,,,,,,,,,,,,,,,,,,,,,,,,,,,,,,,,,,,,,,,,,,,,,,,,,,,,,
823763,2026-07-18,MIA,MIL,Max Meyer,Shane Drohan,xw+plat_consol_v3,,0.33,0.32,0.302,0.286,0.01,0.016,-0.005,-0.03,0.025,MIL,0.025,-0.024,MIA,0.024,True,DIVERGE,graded,6.0,8.0,3.0,2.0,W,L,L,W,823763,401816163.0,110.0,-133.0,113.0,-136.0,0.551057677674631,-110.0,-120.0,-110.0,-120.0,0.5101214574898786,2026-07-18T09:49:35.173495+00:00,2026-07-18T20:10:00Z,pregame,,,,,,,,,,,,,,,,,,,,,,,,,,,,,,,,,,,,,,,,,,,,,,,,,,,,,,,,,,,,,,
824008,2026-07-18,DET,LAA,Tarik Skubal,Grayson Rodriguez,xw+plat_consol_v3,,0.32,0.331,0.278,0.394,-0.011,-0.1159999999999999,-0.038,0.092,-0.13,DET,0.13,-0.213,DET,0.213,True,AGREE,graded,7.0,0.0,7.0,0.0,W,W,W,W,824008,401816167.0,-178.0,147.0,-217.0,177.0,0.345282052957771,-220.0,170.0,-250.0,190.0,0.3255813953488372,2026-07-18T09:49:35.173495+00:00,2026-07-19T02:07:00Z,pregame,,,,,,,,,,,,,,,,,,,,,,,,,,,,,,,,,,,,,,,,,,,,,,,,,,,,,,,,,,,,,,
824088,2026-07-18,SD,KC,Griffin Canning,Randy Dobnak,xw+plat_consol_v3,,0.324,0.314,0.333,0.34,0.01,-0.007,0.021,0.018,0.003,KC,0.003,0.128,KC,0.128,False,,graded,1.0,6.0,1.0,4.0,W,W,,,824088,401816165.0,-112.0,-108.0,-110.0,-109.0,0.4989102005231036,-115.0,-115.0,-115.0,-115.0,0.5,2026-07-18T09:49:35.173495+00:00,2026-07-18T20:10:00Z,pregame,,,,,,,,,,,,,,,,,,,,,,,,,,,,,,,,,,,,,,,,,,,,,,,,,,,,,,,,,,,,,,
824169,2026-07-18,BAL,HOU,Trevor Rogers,Spencer Arrighetti,xw+plat_consol_v3,,0.332,0.328,0.32,0.349,0.004,-0.0289999999999999,0.016,0.042,-0.026,BAL,0.026,0.027,HOU,0.027,True,DIVERGE,graded,4.0,2.0,1.0,0.0,W,W,L,L,824169,401816162.0,-110.0,-110.0,-110.0,-110.0,0.5,-110.0,-120.0,-115.0,-115.0,0.5,2026-07-18T09:49:35.173495+00:00,2026-07-18T20:10:00Z,pregame,,,,,,,,,,,,,,,,,,,,,,,,,,,,,,,,,,,,,,,,,,,,,,,,,,,,,,,,,,,,,,
824331,2026-07-18,CIN,COL,Rhett Lowder,Tomoyuki Sugano,xw+plat_consol_v3,,0.318,0.334,0.357,0.397,-0.016,-0.04,0.039,0.099,-0.06,CIN,0.06,-0.021,CIN,0.021,True,AGREE,graded,3.0,10.0,2.0,8.0,L,L,L,L,824331,401816166.0,-112.0,-108.0,-117.0,-103.0,0.4848162769511084,-115.0,-115.0,-115.0,-115.0,0.5,2026-07-18T09:49:35.173495+00:00,2026-07-18T19:10:00Z,pregame,,,,,,,,,,,,,,,,,,,,,,,,,,,,,,,,,,,,,,,,,,,,,,,,,,,,,,,,,,,,,,
824414,2026-07-18,PIT,CLE,Jared Jones,Gavin Williams,xw+plat_consol_v3,,0.305,0.326,0.295,0.324,-0.021,-0.029,-0.035,0.014,-0.049,PIT,0.049,-0.042,PIT,0.042,True,AGREE,graded,7.0,1.0,2.0,1.0,W,W,W,W,824414,401896568.0,109.0,-131.0,109.0,-131.0,0.5423839616474178,105.0,-135.0,110.0,-140.0,0.550561797752809,2026-07-18T09:49:35.173495+00:00,2026-07-18T17:10:00Z,pregame,,,,,,,,,,,,,,,,,,,,,,,,,,,,,,,,,,,,,,,,,,,,,,,,,,,,,,,,,,,,,,
824657,2026-07-18,MIN,CHC,Taj Bradley,Matthew Boyd,xw+plat_consol_v3,,0.326,0.314,0.304,0.34,0.012,-0.036,-0.006,0.018,-0.024,MIN,0.024,-0.012,MIN,0.012,False,,graded,2.0,6.0,1.0,5.0,L,L,,,824657,401816164.0,124.0,-150.0,135.0,-163.0,0.592910765420633,110.0,-140.0,114.0,-145.0,0.558797046641455,2026-07-18T09:49:35.173495+00:00,2026-07-18T18:20:00Z,pregame,,,,,,,,,,,,,,,,,,,,,,,,,,,,,,,,,,,,,,,,,,,,,,,,,,,,,,,,,,,,,,
824738,2026-07-18,TB,BOS,Ian Seymour,Patrick Sandoval,xw+plat_consol_v3,,0.314,0.314,0.291,0.294,0.0,-0.003,-0.031,-0.028,-0.003,TB,0.003,0.064,BOS,0.064,False,,graded,6.0,7.0,5.0,3.0,L,W,,,824738,401816160.0,100.0,-120.0,-102.0,-118.0,0.5173641257162701,-105.0,-125.0,-110.0,-120.0,0.5101214574898786,2026-07-18T09:49:35.173495+00:00,2026-07-18T20:10:00Z,pregame,,,,,,,,,,,,,,,,,,,,,,,,,,,,,,,,,,,,,,,,,,,,,,,,,,,,,,,,,,,,,,
824899,2026-07-18,TEX,ATL,MacKenzie Gore,Owen Murphy,xw+plat_consol_v3,,0.326,0.328,0.306,0.26,-0.002,0.0459999999999999,-0.004,-0.05,0.046,ATL,0.046,0.045,ATL,0.045,False,,graded,7.0,6.0,3.0,5.0,L,W,,,824899,401816161.0,104.0,-125.0,-103.0,-117.0,0.5151837230488916,-120.0,-110.0,-120.0,-110.0,0.4898785425101215,2026-07-18T09:49:35.173495+00:00,2026-07-18T20:10:00Z,pregame,,,,,,,,,,,,,,,,,,,,,,,,,,,,,,,,,,,,,,,,,,,,,,,,,,,,,,,,,,,,,,
824979,2026-07-18,WSH,ATH,Zack Littell,J.T. Ginn,xw+plat_consol_v3,,0.317,0.332,0.381,0.313,-0.015,0.068,0.062,0.009,0.053,ATH,0.053,0.009,ATH,0.009,True,AGREE,graded,1.0,15.0,0.0,6.0,W,W,W,W,824979,401816170.0,106.0,-128.0,-111.0,-109.0,0.4978354041300489,-105.0,-125.0,-125.0,-105.0,0.4796954314720812,2026-07-18T09:49:35.173495+00:00,2026-07-19T02:05:00Z,pregame,,,,,,,,,,,,,,,,,,,,,,,,,,,,,,,,,,,,,,,,,,,,,,,,,,,,,,,,,,,,,,
825059,2026-07-18,STL,ARI,Dustin May,Brandon Pfaadt,xw+plat_consol_v3,,0.322,0.335,0.301,0.325,-0.013,-0.024,-0.013,0.024,-0.037,STL,0.037,-0.09,STL,0.09,True,AGREE,graded,3.0,5.0,0.0,5.0,L,L,L,L,825059,401816169.0,100.0,-120.0,-101.0,-120.0,0.5205006473888649,-105.0,-125.0,-120.0,-110.0,0.4898785425101215,2026-07-18T09:49:35.173495+00:00,2026-07-18T20:10:00Z,pregame,,,,,,,,,,,,,,,,,,,,,,,,,,,,,,,,,,,,,,,,,,,,,,,,,,,,,,,,,,,,,,
823113,2026-07-19,SF,SEA,Robbie Ray,Logan Gilbert,xw+plat_consol_v3,,0.323,0.325,0.331,0.303,-0.002,0.028,0.02,-0.006,0.026,SEA,0.026,-0.057,SF,0.057,True,DIVERGE,graded,3.0,6.0,3.0,3.0,W,T,L,T,823113,401816183.0,135.0,-163.0,163.0,-199.0,0.6364166980799397,130.0,-166.0,165.0,-215.0,0.6439672223792031,2026-07-19T17:34:29.889034+00:00,2026-07-19T20:10:00Z,pregame,,,,,,,,,,,,,,,,,,,,,,,,,,,,,,,,,,,,,,,,,,,,,,,,,,,,,,,,,,,,,,
823439,2026-07-19,NYM,PHI,Nolan McLean,Alan Rangel,xw+plat_consol_v3,,0.32,0.336,0.291,0.291,-0.016,0.0,-0.023,-0.009,-0.014,NYM,0.014,-0.06,NYM,0.06,False,,graded,6.0,1.0,5.0,0.0,W,W,,,823439,401816173.0,-126.0,104.0,-126.0,105.0,0.466652901094363,-154.0,114.0,-160.0,124.0,0.4204398447606727,2026-07-19T17:34:29.889034+00:00,2026-07-19T17:35:00Z,pregame,,,,,,,,,,,,,,,,,,,,,,,,,,,,,,,,,,,,,,,,,,,,,,,,,,,,,,,,,,,,,,
823764,2026-07-19,MIA,MIL,Eury Pérez,Robert Gasser,xw+plat_consol_v3,,0.336,0.317,0.316,0.304,0.019,0.012,0.018,-0.013,0.031,MIL,0.031,-0.031,MIA,0.031,True,DIVERGE,graded,1.0,3.0,1.0,0.0,W,L,L,W,823764,401816178.0,109.0,-132.0,109.0,-131.0,0.5423839616474178,100.0,-130.0,-110.0,-120.0,0.5101214574898786,2026-07-19T17:34:29.889034+00:00,2026-07-19T18:10:00Z,pregame,,,,,,,,,,,,,,,,,,,,,,,,,,,,,,,,,,,,,,,,,,,,,,,,,,,,,,,,,,,,,,
824007,2026-07-19,DET,LAA,Casey Mize,Ryan Johnson,xw+plat_consol_v3,,0.32,0.333,0.274,0.342,-0.013,-0.068,-0.04,0.042,-0.082,DET,0.082,-0.186,DET,0.186,True,AGREE,graded,2.0,3.0,1.0,2.0,L,L,L,L,824007,401816182.0,-163.0,135.0,-149.0,123.0,0.4283723570801864,-160.0,124.0,-154.0,120.0,0.4284750337381915,2026-07-19T17:34:29.889034+00:00,2026-07-19T20:07:00Z,pregame,,,,,,,,,,,,,,,,,,,,,,,,,,,,,,,,,,,,,,,,,,,,,,,,,,,,,,,,,,,,,,
824086,2026-07-19,SD,KC,Germán Márquez,Noah Cameron,xw+plat_consol_v3,,0.311,0.318,0.362,0.341,-0.007,0.0209999999999999,0.038,0.025,0.013,KC,0.013,0.055,KC,0.055,True,AGREE,graded,19.0,2.0,7.0,2.0,L,L,L,L,824086,401816180.0,-102.0,-118.0,-105.0,-115.0,0.5108342361863488,114.0,-145.0,100.0,-130.0,0.5306122448979592,2026-07-19T17:34:29.889034+00:00,2026-07-19T18:10:00Z,pregame,,,,,,,,,,,,,,,,,,,,,,,,,,,,,,,,,,,,,,,,,,,,,,,,,,,,,,,,,,,,,,
824168,2026-07-19,BAL,HOU,Brandon Young,Hunter Brown,xw+plat_consol_v3,,0.34,0.325,0.319,0.302,0.015,0.017,0.025,-0.007,0.032,HOU,0.032,0.072,HOU,0.072,True,AGREE,graded,5.0,2.0,4.0,1.0,L,L,L,L,824168,401816177.0,100.0,-120.0,106.0,-127.0,0.5354263026482748,-110.0,-120.0,-110.0,-120.0,0.5101214574898786,2026-07-19T17:34:29.889034+00:00,2026-07-19T18:10:00Z,pregame,,,,,,,,,,,,,,,,,,,,,,,,,,,,,,,,,,,,,,,,,,,,,,,,,,,,,,,,,,,,,,
824330,2026-07-19,CIN,COL,Hunter Greene,Ryan Feltner,xw+plat_consol_v3,,0.322,0.335,0.337,0.346,-0.013,-0.0089999999999999,0.025,0.049,-0.024,CIN,0.024,0.045,COL,0.045,False,,graded,9.0,6.0,9.0,1.0,W,W,,,824330,401816181.0,-135.0,112.0,-171.0,141.0,0.3967150239346518,-154.0,120.0,-175.0,135.0,0.4007285974499089,2026-07-19T17:34:29.889034+00:00,2026-07-19T19:10:00Z,pregame,,,,,,,,,,,,,,,,,,,,,,,,,,,,,,,,,,,,,,,,,,,,,,,,,,,,,,,,,,,,,,
824411,2026-07-19,PIT,CLE,Paul Skenes,Joey Cantillo,xw+plat_consol_v3,,0.307,0.319,0.258,0.306,-0.012,-0.0479999999999999,-0.067,-0.009,-0.058,PIT,0.058,-0.144,PIT,0.144,True,AGREE,graded,7.0,1.0,2.0,1.0,W,W,W,W,824411,401816174.0,-131.0,109.0,-107.0,-113.0,0.5064960374171755,-145.0,114.0,-120.0,-110.0,0.4898785425101215,2026-07-19T17:34:29.889034+00:00,2026-07-19T17:40:00Z,pregame,,,,,,,,,,,,,,,,,,,,,,,,,,,,,,,,,,,,,,,,,,,,,,,,,,,,,,,,,,,,,,
824653,2026-07-19,MIN,CHC,Zebby Matthews,Shota Imanaga,xw+plat_consol_v3,,0.325,0.316,0.33,0.301,0.009,0.029,0.021,-0.017,0.038,CHC,0.038,0.056,CHC,0.056,True,AGREE,graded,1.0,10.0,0.0,10.0,W,W,W,W,824653,401816179.0,135.0,-163.0,149.0,-181.0,0.6159575776626715,140.0,-180.0,135.0,-175.0,0.599271402550091,2026-07-19T17:34:29.889034+00:00,2026-07-19T18:20:00Z,pregame,,,,,,,,,,,,,,,,,,,,,,,,,,,,,,,,,,,,,,,,,,,,,,,,,,,,,,,,,,,,,,
824739,2026-07-19,TB,BOS,Shane McClanahan,Sonny Gray,xw+plat_consol_v3,,0.317,0.319,0.31,0.296,-0.002,0.014,-0.007,-0.019,0.012,BOS,0.012,-0.052,TB,0.052,True,DIVERGE,graded,1.0,6.0,1.0,6.0,W,W,L,L,824739,401816175.0,100.0,-120.0,102.0,-123.0,0.5270012302210156,-105.0,-125.0,-110.0,-120.0,0.5101214574898786,2026-07-19T17:34:29.889034+00:00,2026-07-19T17:35:00Z,pregame,,,,,,,,,,,,,,,,,,,,,,,,,,,,,,,,,,,,,,,,,,,,,,,,,,,,,,,,,,,,,,
824897,2026-07-19,TEX,ATL,Nathan Eovaldi,Grant Holmes,xw+plat_consol_v3,,0.329,0.324,0.308,0.329,0.005,-0.021,0.003,0.019,-0.016,TEX,0.016,0.04,ATL,0.04,True,DIVERGE,graded,5.0,8.0,3.0,4.0,L,L,W,W,824897,401816176.0,-118.0,-102.0,-117.0,-103.0,0.4848162769511084,-135.0,105.0,-135.0,105.0,0.4592085979482169,2026-07-19T17:34:29.889034+00:00,2026-07-19T17:35:00Z,pregame,,,,,,,,,,,,,,,,,,,,,,,,,,,,,,,,,,,,,,,,,,,,,,,,,,,,,,,,,,,,,,
824978,2026-07-19,WSH,ATH,Foster Griffin,Jacob Lopez,xw+plat_consol_v3,,0.316,0.332,0.304,0.306,-0.016,-0.002,-0.014,0.003,-0.017,WSH,0.017,-0.158,WSH,0.158,True,AGREE,graded,5.0,2.0,5.0,1.0,W,W,W,W,824978,401816185.0,-136.0,113.0,-148.0,123.0,0.4290360528683136,-160.0,124.0,-180.0,140.0,0.3932584269662921,2026-07-19T17:34:29.889034+00:00,2026-07-19T20:05:00Z,pregame,,,,,,,,,,,,,,,,,,,,,,,,,,,,,,,,,,,,,,,,,,,,,,,,,,,,,,,,,,,,,,
825057,2026-07-19,STL,ARI,Andre Pallante,Eduardo Rodriguez,xw+plat_consol_v3,,0.323,0.334,0.301,0.345,-0.011,-0.0439999999999999,-0.01,0.047,-0.057,STL,0.057,0.022,ARI,0.022,True,DIVERGE,graded,7.0,8.0,7.0,0.0,L,W,W,L,825057,401816184.0,100.0,-120.0,104.0,-126.0,0.532129844319311,-115.0,-115.0,-105.0,-125.0,0.5203045685279188,2026-07-19T17:34:29.889034+00:00,2026-07-19T20:10:00Z,pregame,,,,,,,,,,,,,,,,,,,,,,,,,,,,,,,,,,,,,,,,,,,,,,,,,,,,,,,,,,,,,,
822788,2026-07-20,TB,TOR,Nick Martinez,Dylan Cease,xw+plat_consol_v4,,0.298,0.312,0.333,0.264,-0.014,0.069,-0.004,-0.057,0.053,TOR,0.053,0.064,TOR,0.064,True,AGREE,graded,7.0,1.0,4.0,1.0,L,L,L,L,822788,401816191.0,119.0,-143.0,148.0,-180.0,0.6145374449339207,135.0,-175.0,154.0,-200.0,0.6287128712871286,2026-07-20T22:15:42.791484+00:00,2026-07-20T23:07:00Z,pregame,,,,,,,,,,,,,,,,,,,,,,,,,,,,,,,,,,,,,,,,,,,,,,,,,,,,,,,,,,,,,,
822874,2026-07-20,CWS,TEX,Erick Fedde,Jacob deGrom,xw+plat_consol_v4,,0.319,0.334,0.331,0.289,-0.015,0.042,0.016,-0.013,0.029,TEX,0.029,0.099,TEX,0.099,True,AGREE,graded,10.0,3.0,5.0,2.0,L,L,L,L,822874,401816192.0,144.0,-175.0,141.0,-171.0,0.6032849760653483,140.0,-180.0,150.0,-195.0,0.623003194888179,2026-07-20T23:17:28.477408+00:00,2026-07-21T00:05:00Z,pregame,,,,,,,,,,,,,,,,,,,,,,,,,,,,,,,,,,,,,,,,,,,,,,,,,,,,,,,,,,,,,,
823112,2026-07-20,CIN,SEA,Andrew Abbott,George Kirby,xw+plat_consol_v4,,0.306,0.336,0.335,0.305,-0.03,0.03,0.006,0.006,0.0,SEA,0.0,-0.024,CIN,0.024,True,DIVERGE,graded,0.0,8.0,0.0,1.0,W,W,L,L,823112,401816199.0,129.0,-156.0,129.0,-156.0,0.5825451699171612,130.0,-166.0,120.0,-154.0,0.5715249662618084,2026-07-21T00:13:05.882145+00:00,2026-07-21T01:40:00Z,pregame,,,,,,,,,,,,,,,,,,,,,,,,,,,,,,,,,,,,,,,,,,,,,,,,,,,,,,,,,,,,,,
823436,2026-07-20,LAD,PHI,Emmet Sheehan,Cristopher Sánchez,xw+plat_consol_v4,,0.312,0.347,0.306,0.279,-0.0349999999999999,0.0269999999999999,-0.016,-0.012,-0.004,LAD,0.004,0.048,PHI,0.048,True,DIVERGE,graded,7.0,10.0,1.0,4.0,L,L,W,W,823436,401816187.0,119.0,-143.0,129.0,-156.0,0.5825451699171612,124.0,-160.0,135.0,-175.0,0.599271402550091,2026-07-20T22:15:42.791484+00:00,2026-07-20T23:10:00Z,pregame,,,,,,,,,,,,,,,,,,,,,,,,,,,,,,,,,,,,,,,,,,,,,,,,,,,,,,,,,,,,,,
823522,2026-07-20,PIT,NYY,Braxton Ashcraft,Ryan Weathers,xw+plat_consol_v4,,0.319,0.307,0.283,0.324,0.012,-0.041,-0.032,-0.003,-0.029,PIT,0.029,-0.035,PIT,0.035,True,AGREE,graded,5.0,8.0,5.0,8.0,L,L,L,L,823522,401816189.0,103.0,-125.0,100.0,-121.0,0.5226781857451405,-115.0,-115.0,-115.0,-115.0,0.5,2026-07-20T22:15:42.791484+00:00,2026-07-20T23:05:00Z,pregame,,,,,,,,,,,,,,,,,,,,,,,,,,,,,,,,,,,,,,,,,,,,,,,,,,,,,,,,,,,,,,
823762,2026-07-20,NYM,MIL,Freddy Peralta,Jacob Misiorowski,xw+plat_consol_v4,,0.335,0.332,0.303,0.224,0.003,0.0789999999999999,0.003,-0.082,0.085,MIL,0.085,0.32,MIL,0.32,True,AGREE,graded,3.0,8.0,1.0,5.0,W,W,W,W,823762,401816195.0,159.0,-194.0,183.0,-224.0,0.6617671621847335,175.0,-230.0,195.0,-260.0,0.6805678793256432,2026-07-20T23:17:28.477408+00:00,2026-07-20T23:40:00Z,pregame,,,,,,,,,,,,,,,,,,,,,,,,,,,,,,,,,,,,,,,,,,,,,,,,,,,,,,,,,,,,,,
824006,2026-07-20,STL,LAA,Kyle Leahy,José Soriano,xw+plat_consol_v4,,0.318,0.338,0.353,0.322,-0.02,0.0309999999999999,0.037,0.026,0.011,LAA,0.011,0.03,LAA,0.03,True,AGREE,graded,2.0,3.0,2.0,1.0,W,L,W,L,824006,401816200.0,101.0,-120.0,-115.0,-104.0,0.4879965080750763,100.0,-130.0,-110.0,-120.0,0.5101214574898786,2026-07-21T00:13:05.882145+00:00,2026-07-21T02:10:00Z,pregame,,,,,,,,,,,,,,,,,,,,,,,,,,,,,,,,,,,,,,,,,,,,,,,,,,,,,,,,,,,,,,
824087,2026-07-20,SF,KC,Trevor McDonald,Michael Wacha,xw+plat_consol_v4,,0.313,0.321,0.306,0.315,-0.008,-0.009,-0.015,0.002,-0.017,SF,0.017,-0.019,SF,0.019,True,AGREE,graded,3.0,4.0,1.0,3.0,L,L,L,L,824087,401816196.0,-105.0,-115.0,104.0,-126.0,0.532129844319311,100.0,-130.0,-105.0,-125.0,0.5203045685279188,2026-07-20T23:17:28.477408+00:00,2026-07-20T23:40:00Z,pregame,,,,,,,,,,,,,,,,,,,,,,,,,,,,,,,,,,,,,,,,,,,,,,,,,,,,,,,,,,,,,,
824328,2026-07-20,WSH,COL,Andrew Alvarez,Kyle Freeland,xw+plat_consol_v4,,0.306,0.346,0.321,0.359,-0.0399999999999999,-0.0379999999999999,-0.007,0.075,-0.082,WSH,0.082,-0.187,WSH,0.187,True,AGREE,graded,7.0,3.0,3.0,3.0,W,T,W,T,824328,401816197.0,-120.0,100.0,-131.0,109.0,0.4576160383525822,-145.0,114.0,-140.0,110.0,0.449438202247191,2026-07-21T00:13:05.882145+00:00,2026-07-21T00:40:00Z,pregame,,,,,,,,,,,,,,,,,,,,,,,,,,,,,,,,,,,,,,,,,,,,,,,,,,,,,,,,,,,,,,
824410,2026-07-20,MIN,CLE,Joe Ryan,Tanner Bibee,xw+plat_consol_v4,,0.293,0.327,0.279,0.332,-0.034,-0.0529999999999999,-0.059,0.025,-0.084,MIN,0.084,-0.135,MIN,0.135,True,AGREE,graded,4.0,13.0,2.0,9.0,L,L,L,L,824410,401816188.0,-120.0,100.0,-131.0,109.0,0.4576160383525822,-145.0,110.0,-160.0,124.0,0.4204398447606727,2026-07-20T22:15:42.791484+00:00,2026-07-20T22:40:00Z,pregame,,,,,,,,,,,,,,,,,,,,,,,,,,,,,,,,,,,,,,,,,,,,,,,,,,,,,,,,,,,,,,
824654,2026-07-20,DET,CHC,Jack Flaherty,Jameson Taillon,xw+plat_consol_v4,,0.322,0.322,0.321,0.357,0.0,-0.0359999999999999,0.009,0.046,-0.037,DET,0.037,-0.071,DET,0.071,True,AGREE,graded,8.0,6.0,4.0,3.0,W,W,W,W,824654,401816193.0,-105.0,-115.0,-108.0,-112.0,0.5043297540699688,-115.0,-115.0,-115.0,-115.0,0.5,2026-07-20T23:17:28.477408+00:00,2026-07-21T00:05:00Z,pregame,,,,,,,,,,,,,,,,,,,,,,,,,,,,,,,,,,,,,,,,,,,,,,,,,,,,,,,,,,,,,,
824736,2026-07-20,BAL,BOS,Shane Baz,Payton Tolle,xw+plat_consol_v4,,0.324,0.285,0.322,0.271,0.039,0.0509999999999999,0.012,-0.073,0.085,BOS,0.085,0.124,BOS,0.124,True,AGREE,graded,5.0,6.0,2.0,3.0,W,W,W,W,824736,401816186.0,119.0,-143.0,139.0,-168.0,0.5997132273867846,114.0,-145.0,124.0,-160.0,0.5795601552393274,2026-07-20T22:15:42.791484+00:00,2026-07-20T23:10:00Z,pregame,,,,,,,,,,,,,,,,,,,,,,,,,,,,,,,,,,,,,,,,,,,,,,,,,,,,,,,,,,,,,,
824898,2026-07-20,SD,ATL,JP Sears,Bryce Elder,xw+plat_consol_v4,,0.318,0.312,0.354,0.303,0.006,0.0509999999999999,0.038,-0.019,0.057,ATL,0.057,0.074,ATL,0.074,False,,graded,2.0,3.0,1.0,2.0,W,W,,,824898,401816190.0,135.0,-163.0,114.0,-138.0,0.5537388434710868,124.0,-160.0,-105.0,-125.0,0.5203045685279188,2026-07-20T22:15:42.791484+00:00,2026-07-20T23:15:00Z,pregame,,,,,,,,,,,,,,,,,,,,,,,,,,,,,,,,,,,,,,,,,,,,,,,,,,,,,,,,,,,,,,
825058,2026-07-20,ATH,ARI,Jeffrey Springs,Mitch Bratt,xw+plat_consol_v4,,0.308,0.302,0.33,0.382,0.006,-0.0519999999999999,0.004,0.047,-0.043,ATH,0.043,0.107,ARI,0.107,False,,graded,5.0,2.0,2.0,0.0,W,W,,,825058,401816198.0,139.0,-168.0,124.0,-150.0,0.5733788395904437,124.0,-160.0,105.0,-135.0,0.5407914020517831,2026-07-21T00:13:05.882145+00:00,2026-07-21T01:40:00Z,pregame,,,,,,,,,,,,,,,,,,,,,,,,,,,,,,,,,,,,,,,,,,,,,,,,,,,,,,,,,,,,,,
822787,2026-07-21,TB,TOR,Drew Rasmussen,Kevin Gausman,xw+plat_consol_v5,,0.31,0.313,0.299,0.31,-0.003,-0.011,-0.024,-0.011,-0.013,TB,0.013,-0.119,TB,0.119,True,AGREE,graded,12.0,2.0,8.0,0.0,W,W,W,W,822787,401816206.0,-115.0,-105.0,-111.0,-108.0,0.4967303165053623,-120.0,-110.0,-125.0,-105.0,0.4796954314720812,2026-07-21T22:25:13.911442+00:00,2026-07-21T23:07:00Z,pregame,,,,,,,,,,,,,,,,,,,,,,,,,,,,,,,,,,,,,,,,,,,,,,,,,,,,,,,,,,,,,,
822871,2026-07-21,CWS,TEX,Noah Schultz,Kumar Rocker,xw+plat_consol_v5,,0.321,0.323,0.337,0.326,-0.002,0.011,0.025,0.015,0.01,TEX,0.01,0.025,TEX,0.025,False,,graded,0.0,10.0,0.0,9.0,W,W,,,822871,401816207.0,109.0,-131.0,-105.0,-114.0,0.5098167539267016,105.0,-135.0,-110.0,-120.0,0.5101214574898786,2026-07-21T23:14:55.196818+00:00,2026-07-22T00:05:00Z,pregame,,,,,,,,,,,,,,,,,,,,,,,,,,,,,,,,,,,,,,,,,,,,,,,,,,,,,,,,,,,,,,
823114,2026-07-21,CIN,SEA,Chase Burns,Luis Castillo,xw+plat_consol_v5,,0.318,0.317,0.296,0.323,0.001,-0.027,-0.02,0.006,-0.026,CIN,0.026,-0.096,CIN,0.096,True,AGREE,graded,4.0,2.0,3.0,0.0,W,W,W,W,823114,401816214.0,-106.0,-114.0,-102.0,-119.0,0.5183284457478006,-125.0,-105.0,-125.0,-105.0,0.4796954314720812,2026-07-22T00:09:58.866528+00:00,2026-07-22T01:40:00Z,pregame,,,,,,,,,,,,,,,,,,,,,,,,,,,,,,,,,,,,,,,,,,,,,,,,,,,,,,,,,,,,,,
823437,2026-07-21,LAD,PHI,Justin Wrobleski,Zack Wheeler,xw+plat_consol_v5,,0.324,0.335,0.315,0.287,-0.011,0.028,0.005,-0.014,0.019,PHI,0.019,-0.02,LAD,0.02,True,DIVERGE,graded,2.0,1.0,2.0,1.0,L,L,W,W,823437,401816202.0,115.0,-138.0,-106.0,-114.0,0.5086640097036909,110.0,-145.0,120.0,-154.0,0.5715249662618084,2026-07-21T22:25:13.911442+00:00,2026-07-21T22:40:00Z,pregame,,,,,,,,,,,,,,,,,,,,,,,,,,,,,,,,,,,,,,,,,,,,,,,,,,,,,,,,,,,,,,
823519,2026-07-21,PIT,NYY,Bubba Chandler,Will Warren,xw+plat_consol_v5,,0.32,0.32,0.315,0.321,0.0,-0.006,0.001,0.007,-0.006,PIT,0.006,-0.045,PIT,0.045,True,AGREE,void,,,,,,,,,,,,,,,,,,,,,2026-07-21T14:02:06.341892+00:00,2026-07-21T23:05:00Z,pregame,,,,,,,,,,,,,,,,,,,,,,,,,,,,,,,,,,,,,,,,,,,,,,,,,,,,,,,,,,,,,,
823760,2026-07-21,NYM,MIL,Zac Thornton,Brandon Sproat,xw+plat_consol_v5,,0.328,0.327,0.316,0.326,0.001,-0.01,0.01,0.019,-0.009,NYM,0.009,-0.083,NYM,0.083,False,,graded,4.0,0.0,3.0,0.0,W,W,,,823760,401816210.0,121.0,-146.0,117.0,-141.0,0.5593908258222572,120.0,-154.0,114.0,-145.0,0.558797046641455,2026-07-21T23:14:55.196818+00:00,2026-07-21T23:40:00Z,pregame,,,,,,,,,,,,,,,,,,,,,,,,,,,,,,,,,,,,,,,,,,,,,,,,,,,,,,,,,,,,,,
824005,2026-07-21,STL,LAA,Matthew Liberatore,Walbert Ureña,xw+plat_consol_v5,,0.32,0.327,0.334,0.301,-0.007,0.033,0.02,-0.007,0.027,LAA,0.027,0.154,LAA,0.154,True,AGREE,graded,1.0,5.0,1.0,5.0,W,W,W,W,824005,401816215.0,-123.0,102.0,104.0,-126.0,0.532129844319311,-105.0,-125.0,-105.0,-125.0,0.5203045685279188,2026-07-22T00:09:58.866528+00:00,2026-07-22T01:38:00Z,pregame,,,,,,,,,,,,,,,,,,,,,,,,,,,,,,,,,,,,,,,,,,,,,,,,,,,,,,,,,,,,,,
824085,2026-07-21,SF,KC,Tyler Mahle,Luinder Avila,xw+plat_consol_v5,,0.315,0.321,0.317,0.325,-0.006,-0.008,-0.002,0.012,-0.014,SF,0.014,-0.052,SF,0.052,True,AGREE,graded,2.0,3.0,2.0,1.0,L,W,L,W,824085,401816211.0,-112.0,-108.0,-112.0,-108.0,0.4956702459300312,-125.0,-105.0,-110.0,-120.0,0.5101214574898786,2026-07-21T23:14:55.196818+00:00,2026-07-21T23:40:00Z,pregame,,,,,,,,,,,,,,,,,,,,,,,,,,,,,,,,,,,,,,,,,,,,,,,,,,,,,,,,,,,,,,
824165,2026-07-21,MIA,HOU,Tyler Phillips,Tatsuya Imai,xw+plat_consol_v5,,0.323,0.32,0.327,0.328,0.003,-0.001,0.016,0.014,0.002,HOU,0.002,-0.043,MIA,0.043,True,DIVERGE,graded,3.0,5.0,1.0,5.0,W,W,L,L,824165,401816209.0,107.0,-129.0,102.0,-123.0,0.5270012302210156,105.0,-135.0,-105.0,-125.0,0.5203045685279188,2026-07-22T00:09:58.866528+00:00,2026-07-22T00:10:00Z,pregame,,,,,,,,,,,,,,,,,,,,,,,,,,,,,,,,,,,,,,,,,,,,,,,,,,,,,,,,,,,,,,
824329,2026-07-21,WSH,COL,Carson Palmquist,Michael Lorenzen,xw+plat_consol_v5,,0.317,0.328,0.314,0.34,-0.011,-0.026,-0.003,0.034,-0.037,WSH,0.037,-0.203,WSH,0.203,False,,graded,7.0,8.0,6.0,6.0,L,T,,,824329,401816212.0,-106.0,-114.0,-117.0,-103.0,0.4848162769511084,-120.0,-110.0,-120.0,-110.0,0.4898785425101215,2026-07-22T00:09:58.866528+00:00,2026-07-22T00:40:00Z,pregame,,,,,,,,,,,,,,,,,,,,,,,,,,,,,,,,,,,,,,,,,,,,,,,,,,,,,,,,,,,,,,
824409,2026-07-21,MIN,CLE,Kendry Rojas,Parker Messick,xw+plat_consol_v5,,0.311,0.322,0.314,0.298,-0.011,0.016,-0.009,-0.015,0.006,CLE,0.006,0.015,CLE,0.015,False,,graded,2.0,5.0,2.0,2.0,W,T,,,824409,401816203.0,129.0,-156.0,134.0,-162.0,0.5913146565171273,120.0,-154.0,124.0,-160.0,0.5795601552393274,2026-07-21T22:25:13.911442+00:00,2026-07-21T22:40:00Z,pregame,,,,,,,,,,,,,,,,,,,,,,,,,,,,,,,,,,,,,,,,,,,,,,,,,,,,,,,,,,,,,,
824652,2026-07-21,DET,CHC,Framber Valdez,David Peterson,xw+plat_consol_v5,,0.322,0.324,0.317,0.335,-0.002,-0.018,0.005,0.025,-0.02,DET,0.02,-0.069,DET,0.069,True,AGREE,graded,2.0,11.0,0.0,9.0,L,L,L,L,824652,401816208.0,-103.0,-117.0,102.0,-123.0,0.5270012302210156,-105.0,-125.0,-110.0,-120.0,0.5101214574898786,2026-07-21T23:14:55.196818+00:00,2026-07-22T00:05:00Z,pregame,,,,,,,,,,,,,,,,,,,,,,,,,,,,,,,,,,,,,,,,,,,,,,,,,,,,,,,,,,,,,,
824735,2026-07-21,BAL,BOS,Kyle Bradish,Eduardo Rivera,xw+plat_consol_v5,,0.317,0.318,0.309,0.312,-0.001,-0.003,-0.008,-0.004,-0.004,BAL,0.004,-0.001,BAL,0.001,False,,void,,,,,,,,,,,,,,,,,,,,,2026-07-21T21:18:35.301492+00:00,2026-07-21T23:10:00Z,pregame,,,,,,,,,,,,,,,,,,,,,,,,,,,,,,,,,,,,,,,,,,,,,,,,,,,,,,,,,,,,,,
824895,2026-07-21,SD,ATL,Walker Buehler,Reynaldo López,xw+plat_consol_v5,,0.323,0.32,0.322,0.321,0.003,0.001,0.011,0.007,0.004,ATL,0.004,0.12,ATL,0.12,True,AGREE,graded,8.0,3.0,5.0,2.0,L,L,L,L,824895,401816205.0,123.0,-149.0,123.0,-149.0,0.5716276429198135,114.0,-145.0,120.0,-154.0,0.5715249662618084,2026-07-21T23:14:55.196818+00:00,2026-07-21T23:15:00Z,pregame,,,,,,,,,,,,,,,,,,,,,,,,,,,,,,,,,,,,,,,,,,,,,,,,,,,,,,,,,,,,,,
825056,2026-07-21,ATH,ARI,Jack Perkins,Kohl Drake,xw+plat_consol_v5,,0.32,0.314,0.317,0.317,0.006,0.0,0.003,-0.003,0.006,ARI,0.006,-0.001,ATH,0.001,False,,graded,5.0,6.0,1.0,3.0,W,W,,,825056,401816213.0,111.0,-133.0,114.0,-137.0,0.552982006111132,110.0,-140.0,100.0,-130.0,0.5306122448979592,2026-07-22T00:09:58.866528+00:00,2026-07-22T01:40:00Z,pregame,,,,,,,,,,,,,,,,,,,,,,,,,,,,,,,,,,,,,,,,,,,,,,,,,,,,,,,,,,,,,,
822784,2026-07-22,TB,TOR,Griffin Jax,Braydon Fisher,xw+plat_consol_v5,,0.307,0.317,0.332,0.297,-0.01,0.035,0.005,-0.02,0.025,TOR,0.025,-0.018,TB,0.018,True,DIVERGE,graded,4.0,2.0,1.0,1.0,L,T,W,T,822784,401816221.0,-110.0,-110.0,-109.0,-111.0,0.5021645958699511,-115.0,-115.0,-115.0,-115.0,0.5,2026-07-22T22:44:30.673380+00:00,2026-07-22T23:07:00Z,pregame,posted,posted,9.0,9.0,,,False,True,,,,,,,,,,,,,,,,,,,,,,,,,,,,,,,,,,,,,,,,,,,,,,,,,,,,,,
822873,2026-07-22,CWS,TEX,Anthony Kay,Tyler Alexander,xw+plat_consol_v5,,0.317,0.325,0.335,0.307,-0.008,0.028,0.018,-0.002,0.02,TEX,0.02,0.134,TEX,0.134,True,AGREE,graded,4.0,2.0,3.0,2.0,L,L,L,L,822873,401816222.0,-105.0,-115.0,-122.0,101.0,0.4751508925131629,-110.0,-120.0,-120.0,-110.0,0.4898785425101215,2026-07-22T23:44:56.076584+00:00,2026-07-23T00:05:00Z,pregame,posted,posted,9.0,9.0,,,False,True,,,,,,,,,,,,,,,,,,,,,,,,,,,,,,,,,,,,,,,,,,,,,,,,,,,,,,
823110,2026-07-22,CIN,SEA,Brady Singer,Emerson Hancock,xw+plat_consol_v5,,0.321,0.332,0.333,0.319,-0.011,0.014,0.021,0.017,0.004,SEA,0.004,0.188,SEA,0.188,True,AGREE,graded,5.0,3.0,2.0,3.0,L,W,L,W,823110,401816229.0,129.0,-156.0,144.0,-175.0,0.6082621082621081,124.0,-160.0,124.0,-160.0,0.5795601552393274,2026-07-22T18:16:27.114772+00:00,2026-07-22T19:40:00Z,pregame,posted,posted,9.0,9.0,,,False,False,,,,,,,,,,,,,,,,,,,,,,,,,,,,,,,,,,,,,,,,,,,,,,,,,,,,,,
823438,2026-07-22,LAD,PHI,Eric Lauer,Aaron Nola,xw+plat_consol_v5,,0.321,0.338,0.328,0.316,-0.017,0.012,0.015,0.02,-0.005,LAD,0.005,-0.141,LAD,0.141,True,AGREE,graded,9.0,5.0,3.0,3.0,W,T,W,T,823438,401816217.0,-110.0,-110.0,-131.0,109.0,0.4576160383525822,-120.0,-110.0,-120.0,-110.0,0.4898785425101215,2026-07-22T22:22:06.805596+00:00,2026-07-22T22:40:00Z,pregame,posted,partial_filled,9.0,8.0,,,False,False,,,,,,,,,,,,,,,,,,,,,,,,,,,,,,,,,,,,,,,,,,,,,,,,,,,,,,
823518,2026-07-22,PIT,NYY,Mitch Keller,Gerrit Cole,xw+plat_consol_v5,,0.319,0.321,0.336,0.308,-0.002,0.028,0.022,-0.005,0.027,NYY,0.027,0.015,NYY,0.015,True,AGREE,graded,5.0,3.0,2.0,0.0,L,L,L,L,823518,401816219.0,136.0,-164.0,167.0,-205.0,0.6421657769695547,140.0,-180.0,165.0,-215.0,0.6439672223792031,2026-07-22T17:03:20.630723+00:00,2026-07-22T17:05:00Z,pregame,posted,posted,9.0,9.0,,,False,False,,,,,,,,,,,,,,,,,,,,,,,,,,,,,,,,,,,,,,,,,,,,,,,,,,,,,,
823519,2026-07-22,PIT,NYY,Bubba Chandler,Max Fried,xw+plat_consol_v5,,0.323,0.321,0.315,0.292,0.002,0.023,0.004,-0.021,0.025,NYY,0.025,0.117,NYY,0.117,True,AGREE,graded,0.0,2.0,0.0,0.0,W,T,W,T,823519,401898714.0,149.0,-181.0,153.0,-186.0,0.6219831346321605,130.0,-166.0,154.0,-200.0,0.6287128712871286,2026-07-22T22:44:30.673380+00:00,2026-07-22T23:05:00Z,pregame,posted,posted,9.0,9.0,,,False,False,,,,,,,,,,,,,,,,,,,,,,,,,,,,,,,,,,,,,,,,,,,,,,,,,,,,,,
823761,2026-07-22,NYM,MIL,Christian Scott,Logan Henderson,xw+plat_consol_v5,,0.326,0.32,0.316,0.304,0.006,0.012,0.008,-0.01,0.018,MIL,0.018,0.096,MIL,0.096,False,,graded,3.0,4.0,2.0,3.0,W,W,,,823761,401816225.0,123.0,-149.0,133.0,-161.0,0.5897065065316837,120.0,-154.0,114.0,-145.0,0.558797046641455,2026-07-22T17:03:20.630723+00:00,2026-07-22T18:10:00Z,pregame,posted,posted,9.0,9.0,,,False,False,,,,,,,,,,,,,,,,,,,,,,,,,,,,,,,,,,,,,,,,,,,,,,,,,,,,,,
824004,2026-07-22,STL,LAA,Hunter Dobbins,Reid Detmers,xw+plat_consol_v5,,0.32,0.326,0.323,0.297,-0.006,0.026,0.009,-0.012,0.021,LAA,0.021,0.066,LAA,0.066,False,,graded,1.0,0.0,0.0,0.0,L,T,,,824004,401816230.0,100.0,-120.0,123.0,-149.0,0.5716276429198135,105.0,-135.0,120.0,-154.0,0.5715249662618084,2026-07-22T18:16:27.114772+00:00,2026-07-22T20:07:00Z,pregame,posted,posted,9.0,9.0,,,False,False,,,,,,,,,,,,,,,,,,,,,,,,,,,,,,,,,,,,,,,,,,,,,,,,,,,,,,
824083,2026-07-22,SF,KC,Landen Roupp,Seth Lugo,xw+plat_consol_v5,,0.314,0.32,0.301,0.339,-0.006,-0.038,-0.019,0.025,-0.044,SF,0.044,-0.178,SF,0.178,True,AGREE,graded,4.0,5.0,0.0,0.0,L,T,L,T,824083,401816226.0,-110.0,-110.0,-142.0,118.0,0.4387555297701066,-125.0,-105.0,-140.0,110.0,0.449438202247191,2026-07-22T17:03:20.630723+00:00,2026-07-22T18:10:00Z,pregame,posted,partial_filled,9.0,8.0,,,False,False,,,,,,,,,,,,,,,,,,,,,,,,,,,,,,,,,,,,,,,,,,,,,,,,,,,,,,
824166,2026-07-22,MIA,HOU,Sandy Alcantara,Peter Lambert,xw+plat_consol_v5,,0.323,0.321,0.306,0.299,0.002,0.007,-0.006,-0.014,0.008,HOU,0.008,0.041,HOU,0.041,True,AGREE,graded,2.0,5.0,2.0,2.0,W,T,W,T,824166,401816224.0,-107.0,-113.0,-107.0,-112.0,0.5054504229528212,-110.0,-120.0,-115.0,-115.0,0.5,2026-07-22T23:44:56.076584+00:00,2026-07-23T00:10:00Z,pregame,posted,posted,9.0,9.0,,,False,False,,,,,,,,,,,,,,,,,,,,,,,,,,,,,,,,,,,,,,,,,,,,,,,,,,,,,,
824327,2026-07-22,WSH,COL,Cade Cavalli,Gabriel Hughes,xw+plat_consol_v5,,0.318,0.325,0.315,0.309,-0.007,0.006,-0.001,0.0,-0.001,WSH,0.001,0.062,COL,0.062,False,,graded,8.0,0.0,1.0,0.0,W,W,,,824327,401816227.0,-136.0,113.0,-148.0,123.0,0.4290360528683136,-140.0,110.0,-140.0,110.0,0.449438202247191,2026-07-22T18:16:27.114772+00:00,2026-07-22T19:10:00Z,pregame,posted,posted,9.0,9.0,,,False,False,,,,,,,,,,,,,,,,,,,,,,,,,,,,,,,,,,,,,,,,,,,,,,,,,,,,,,
824408,2026-07-22,MIN,CLE,Bailey Ober,Slade Cecconi,xw+plat_consol_v5,,0.315,0.315,0.318,0.323,0.0,-0.005,-0.001,0.004,-0.005,MIN,0.005,-0.063,MIN,0.063,True,AGREE,graded,10.0,6.0,7.0,4.0,W,W,W,W,824408,401816218.0,104.0,-126.0,114.0,-137.0,0.552982006111132,100.0,-130.0,100.0,-130.0,0.5306122448979592,2026-07-22T22:22:06.805596+00:00,2026-07-22T22:40:00Z,pregame,posted,posted,9.0,9.0,,,False,False,,,,,,,,,,,,,,,,,,,,,,,,,,,,,,,,,,,,,,,,,,,,,,,,,,,,,,
824650,2026-07-22,DET,CHC,Keider Montero,Colin Rea,xw+plat_consol_v5,,0.323,0.319,0.303,0.337,0.004,-0.034,-0.008,0.023,-0.031,DET,0.031,-0.141,DET,0.141,True,AGREE,graded,5.0,1.0,4.0,1.0,W,W,W,W,824650,401816223.0,-105.0,-115.0,105.0,-126.0,0.533347098905637,-105.0,-125.0,-105.0,-125.0,0.5203045685279188,2026-07-22T23:44:56.076584+00:00,2026-07-23T00:10:00Z,pregame,posted,posted,9.0,9.0,,,False,False,,,,,,,,,,,,,,,,,,,,,,,,,,,,,,,,,,,,,,,,,,,,,,,,,,,,,,
824735,2026-07-22,BAL,BOS,Dean Kremer,Jake Bennett,xw+plat_consol_v5,,0.318,0.317,0.322,0.3,0.001,0.022,0.006,-0.017,0.023,BOS,0.023,0.165,BOS,0.165,False,,graded,3.0,6.0,2.0,6.0,W,W,,,824735,401898715.0,113.0,-136.0,144.0,-175.0,0.6082621082621081,124.0,-160.0,130.0,-166.0,0.5893794380981784,2026-07-22T17:03:20.630723+00:00,2026-07-22T17:35:00Z,pregame,posted,posted,9.0,9.0,,,False,False,,,,,,,,,,,,,,,,,,,,,,,,,,,,,,,,,,,,,,,,,,,,,,,,,,,,,,
824896,2026-07-22,SD,ATL,Michael King,Martín Pérez,xw+plat_consol_v5,,0.323,0.318,0.324,0.323,0.005,0.001,0.013,0.007,0.006,ATL,0.006,0.009,ATL,0.009,True,AGREE,graded,6.0,7.0,0.0,1.0,W,W,W,W,824896,401816220.0,100.0,-120.0,-107.0,-112.0,0.5054504229528212,-110.0,-120.0,-115.0,-115.0,0.5,2026-07-22T22:44:30.673380+00:00,2026-07-22T23:15:00Z,pregame,posted,posted,9.0,9.0,,,False,False,,,,,,,,,,,,,,,,,,,,,,,,,,,,,,,,,,,,,,,,,,,,,,,,,,,,,,
825055,2026-07-22,ATH,ARI,Gage Jump,Merrill Kelly,xw+plat_consol_v5,,0.32,0.319,0.313,0.365,0.001,-0.0519999999999999,-0.001,0.05,-0.051,ATH,0.051,-0.104,ATH,0.104,True,AGREE,graded,5.0,15.0,2.0,9.0,L,L,L,L,825055,401816228.0,-102.0,-118.0,123.0,-149.0,0.5716276429198135,-115.0,-115.0,-105.0,-125.0,0.5203045685279188,2026-07-22T18:16:27.114772+00:00,2026-07-22T19:40:00Z,pregame,posted,posted,9.0,9.0,,,False,False,,,,,,,,,,,,,,,,,,,,,,,,,,,,,,,,,,,,,,,,,,,,,,,,,,,,,,
824732,2026-07-22,BAL,BOS,Kyle Bradish,Eduardo Rivera,xw+plat_consol_v5,,0.317,0.32,0.309,0.312,-0.003,-0.003,-0.008,-0.002,-0.006,BAL,0.006,0.017,BOS,0.017,False,,graded,5.0,1.0,4.0,1.0,W,W,,,824732,401816216.0,134.0,-162.0,108.0,-130.0,0.5403677058353318,100.0,-130.0,-105.0,-125.0,0.5203045685279188,2026-07-22T22:44:30.673380+00:00,2026-07-22T23:10:00Z,pregame,posted,posted,9.0,9.0,,,False,False,,,,,,,,,,,,,,,,,,,,,,,,,,,,,,,,,,,,,,,,,,,,,,,,,,,,,,
822785,2026-07-23,TB,TOR,Casey Legumina,Shane Bieber,xw+plat_consol_v6,,0.312,0.321,0.314,0.323,-0.009,-0.009,-0.008,0.01,-0.018,TB,0.018,-0.157,TB,0.157,True,AGREE,graded,1.0,3.0,1.0,2.0,L,L,L,L,822785,401816234.0,-121.0,101.0,-118.0,-102.0,0.4826358742837298,-120.0,-110.0,-120.0,-110.0,0.4898785425101215,2026-07-23T19:05:52.230223+00:00,2026-07-23T19:07:00Z,pregame,posted,posted,9.0,9.0,,,True,False,repeated_short_starts,,high,,opener_bullpen_blend,starter_bullpen_blend,0.325,0.342,0.3120742005525604,0.3014648169466767,1.5,4.73,8.0,9.0,1033.9917043740572,1289.3148348465504,,,,,,,,,,,,,,,,,,,,,,,,,,,,,,,,,,,,,,
823042,2026-07-23,ARI,STL,Brandon Pfaadt,Michael McGreevy,xw+plat_consol_v6,,0.325,0.319,0.313,0.331,0.006,-0.018,0.004,0.016,-0.012,ARI,0.012,0.065,STL,0.065,True,DIVERGE,graded,10.0,6.0,4.0,2.0,W,W,L,L,823042,401881162.0,109.0,-131.0,104.0,-126.0,0.532129844319311,105.0,-135.0,-105.0,-125.0,0.5203045685279188,2026-07-23T21:03:44.981968+00:00,2026-07-23T21:15:00Z,pregame,posted,posted,9.0,9.0,,,False,False,,,,,starter_bullpen_blend,starter_bullpen_blend,0.317,0.336,0.3068736043740292,0.3215297912080113,5.39,5.84,7.0,7.0,1060.0,1147.0,,,,,,,,,,,,,,,,,,,,,,,,,,,,,,,,,,,,,,
824247,2026-07-23,KC,DET,Randy Dobnak,Troy Melton,xw+plat_consol_v6,,0.322,0.311,0.321,0.304,0.011,0.017,0.009,-0.019,0.028,DET,0.028,0.15,DET,0.15,False,,graded,3.0,4.0,0.0,0.0,W,T,,,824247,401816231.0,163.0,-199.0,188.0,-232.0,0.6680531115021597,170.0,-220.0,200.0,-270.0,0.6864406779661016,2026-07-23T22:17:03.314040+00:00,2026-07-23T22:40:00Z,pregame,posted,posted,9.0,9.0,,,False,False,,,,,starter_bullpen_blend,starter_bullpen_blend,0.323,0.3,0.3184453838428834,0.3118072975183004,4.33,5.96,8.0,8.0,1160.1515151515152,982.8703314659195,,,,,,,,,,,,,,,,,,,,,,,,,,,,,,,,,,,,,,
824406,2026-07-23,MIN,CLE,Taj Bradley,Gavin Williams,xw+plat_consol_v5,,0.315,0.318,0.311,0.32,-0.003,-0.009,-0.008,0.004,-0.012,MIN,0.012,-0.075,MIN,0.075,True,AGREE,graded,3.0,1.0,0.0,1.0,W,L,W,L,824406,401816232.0,109.0,-131.0,123.0,-149.0,0.5716276429198135,105.0,-135.0,114.0,-145.0,0.558797046641455,2026-07-23T15:58:41.446995+00:00,2026-07-23T17:10:00Z,pregame,posted,posted,9.0,9.0,,,False,False,,,,,,,,,,,,,,,,,,,,,,,,,,,,,,,,,,,,,,,,,,,,,,,,,,,,,,
824893,2026-07-23,SD,ATL,Kyle Hart,Chris Sale,xw+plat_consol_v5,,0.323,0.317,0.312,0.299,0.006,0.013,0.001,-0.018,0.019,ATL,0.019,0.148,ATL,0.148,True,AGREE,graded,5.0,6.0,3.0,5.0,W,W,W,W,824893,401816233.0,189.0,-232.0,215.0,-268.0,0.6964197327173733,210.0,-280.0,210.0,-280.0,0.6955128205128205,2026-07-23T15:58:41.446995+00:00,2026-07-23T16:15:00Z,pregame,posted,posted,9.0,9.0,,,False,False,,,,,,,,,,,,,,,,,,,,,,,,,,,,,,,,,,,,,,,,,,,,,,,,,,,,,,
822707,2026-07-24,ARI,WSH,Eduardo Rodriguez,Carson Palmquist,xw+plat_consol_v7,,0.3348746778098913,0.3240594140933758,0.3237750201035047,0.3158176545392178,0.0108152637165154,0.0079573655642868,0.0248444842869337,0.0056689505353577,0.0191755337515759,WSH,0.0191755337515759,-0.064742593676795,ARI,0.064742593676795,False,,graded,3.0,2.0,2.0,2.0,L,T,,,822707,401816235.0,-117.0,-103.0,-126.0,104.0,0.4678701556806889,-120.0,-110.0,-125.0,-105.0,0.4796954314720812,2026-07-24T22:29:50.695617+00:00,2026-07-24T22:45:00Z,pregame,posted,posted,9.0,9.0,0.0,0.0,False,True,,repeated_short_starts,,high,starter_bullpen_blend,opener_bullpen_blend,0.3338798104360405,0.3164940950159153,0.306075546591101,0.3155921743803187,5.729166666666666,2.25,8.0,7.0,1084.0,388.0,,,,,,,,,,,,,,,,,,,,,,,,,,,,,,,,,,,,,,
822872,2026-07-24,SEA,TEX,Bryce Miller,MacKenzie Gore,xw+plat_consol_v7,,0.3169288091219107,0.3185767329071989,0.2962206827168452,0.3110424386133938,-0.0016479237852882,-0.0148217558965486,-0.0210200458317568,-0.0045893339402521,-0.0164307118915047,SEA,0.0164307118915047,-0.0609414949574941,SEA,0.0609414949574941,True,AGREE,graded,4.0,5.0,3.0,3.0,L,T,L,T,822872,401816248.0,-120.0,100.0,-118.0,-102.0,0.4826358742837298,-125.0,-105.0,-125.0,-105.0,0.4796954314720812,2026-07-24T23:36:10.670172+00:00,2026-07-25T00:05:00Z,pregame,posted,posted,9.0,9.0,0.0,0.0,False,False,,,,,starter_bullpen_blend,starter_bullpen_blend,0.2863636830724776,0.3116354973480035,0.3134861279537949,0.3101891992726329,5.729166666666666,5.30952380952381,7.0,9.0,885.0,1082.5041067041068,,,,,,,,,,,,,,,,,,,,,,,,,,,,,,,,,,,,,,
822952,2026-07-24,CLE,TB,Joey Cantillo,Shane McClanahan,xw+plat_consol_v7,,0.3159264720205729,0.3076460327612253,0.3108308904265507,0.3147287332043071,0.0082804392593475,-0.0038978427777563,-0.0073998201384626,-0.0117350565471535,0.0043352364086909,TB,0.0043352364086909,0.1580921378597836,TB,0.1580921378597836,True,AGREE,graded,3.0,11.0,1.0,5.0,W,W,W,W,822952,401816238.0,117.0,-141.0,117.0,-141.0,0.5593908258222572,114.0,-145.0,114.0,-145.0,0.558797046641455,2026-07-24T22:29:50.695617+00:00,2026-07-24T23:10:00Z,pregame,posted,posted,9.0,9.0,0.0,0.0,False,False,,,,,starter_bullpen_blend,starter_bullpen_blend,0.3111400394076011,0.3159526429998487,0.3104186917851503,0.3129988495268098,5.142857142857142,5.270833333333333,8.0,9.0,1130.0,1170.825641025641,,,,,,,,,,,,,,,,,,,,,,,,,,,,,,,,,,,,,,
823031,2026-07-24,CIN,STL,Rhett Lowder,Dustin May,xw+plat_consol_v7,,0.3289206492704183,0.3316974609680236,0.3295691818433278,0.3171098428943853,-0.0027768116976052,0.0124593389489424,0.024775272822107,0.014628062986427,0.01014720983568,STL,0.01014720983568,0.0781128251407818,STL,0.0781128251407818,True,AGREE,graded,4.0,2.0,1.0,2.0,L,W,L,W,823031,401816245.0,134.0,-162.0,119.0,-144.0,0.5637871853546911,130.0,-166.0,130.0,-166.0,0.5893794380981784,2026-07-24T23:36:10.670172+00:00,2026-07-25T00:15:00Z,pregame,posted,posted,9.0,9.0,0.0,0.0,False,False,,,,,starter_bullpen_blend,starter_bullpen_blend,0.3391512487657115,0.3108057087800613,0.3190985357046123,0.3220986666173314,4.699404761904763,3.975877192982456,8.0,7.0,959.8333333333334,1165.923076923077,,,,,,,,,,,,,,,,,,,,,,,,,,,,,,,,,,,,,,
823196,2026-07-24,LAA,SF,Grayson Rodriguez,Logan Webb,xw+plat_consol_v7,,0.3194244755401358,0.3206864162067697,0.3282913455714475,0.3116342773139148,-0.0012619406666338,0.0166570682575327,0.0136181327583698,-0.0019213359965872,0.015539468754957,SF,0.015539468754957,0.2749134625766757,SF,0.2749134625766757,True,AGREE,graded,6.0,7.0,4.0,5.0,W,W,W,W,823196,401816249.0,126.0,-153.0,131.0,-158.0,0.5858615043821631,145.0,-188.0,140.0,-180.0,0.6067415730337079,2026-07-25T01:06:00.734885+00:00,2026-07-25T02:15:00Z,pregame,posted,posted,9.0,9.0,0.0,0.0,False,False,,,,,starter_bullpen_blend,starter_bullpen_blend,0.3468737849938534,0.3112333095725687,0.3118569307714788,0.3125791537647284,4.223958333333334,6.318627450980393,8.0,8.0,1246.111111111111,851.0,,,,,,,,,,,,,,,,,,,,,,,,,,,,,,,,,,,,,,
823352,2026-07-24,CHC,PIT,Matthew Boyd,Jared Jones,xw+plat_consol_v7,,0.3191550910567722,0.3235973024929188,0.3215288832543843,0.3085857264358514,-0.0044422114361465,0.0129431568185328,0.0065327300827595,-0.0021716462478312,0.0087043763305907,PIT,0.0087043763305907,0.0314316501585403,PIT,0.0314316501585403,True,AGREE,graded,3.0,2.0,0.0,1.0,L,W,L,W,823352,401816237.0,102.0,-123.0,-110.0,-110.0,0.5,-105.0,-125.0,-105.0,-125.0,0.5203045685279188,2026-07-24T22:29:50.695617+00:00,2026-07-24T22:40:00Z,pregame,posted,posted,9.0,9.0,0.0,0.0,False,False,,,,,starter_bullpen_blend,starter_bullpen_blend,0.3235603206760866,0.3055037410034564,0.3184101976351512,0.3116677118682465,5.45,4.5,7.0,6.0,685.1428571428571,803.2682926829268,,,,,,,,,,,,,,,,,,,,,,,,,,,,,,,,,,,,,,
823434,2026-07-24,NYY,PHI,Cam Schlittler,Jesús Luzardo,xw+plat_consol_v7,,0.3179727598308317,0.3211070126470722,0.2945526295548275,0.2929782450011017,-0.0031342528162405,0.0015743845537258,-0.0217174996238149,-0.0204003455409316,-0.0013171540828833,NYY,0.0013171540828833,-0.0638591978661749,NYY,0.0638591978661749,True,AGREE,graded,1.0,0.0,1.0,0.0,W,W,W,W,823434,401816241.0,104.0,-126.0,115.0,-138.0,0.554890592855807,100.0,-130.0,120.0,-154.0,0.5715249662618084,2026-07-24T22:29:50.695617+00:00,2026-07-24T22:45:00Z,pregame,posted,posted,9.0,9.0,0.0,0.0,False,False,,,,,starter_bullpen_blend,starter_bullpen_blend,0.2891129829399316,0.2862285995971728,0.3039323445286209,0.3056416942343052,5.696428571428571,5.870833333333334,8.0,9.0,1295.24,1025.8461538461538,,,,,,,,,,,,,,,,,,,,,,,,,,,,,,,,,,,,,,
823601,2026-07-24,LAD,NYM,Roki Sasaki,Sean Manaea,xw+plat_consol_v7,,0.3322305990798241,0.3397693158543168,0.3140470339091045,0.3138295137726645,-0.0075387167744926,0.0002175201364399,0.0119521813172183,0.0191854728959031,-0.0072332915786848,LAD,0.0072332915786848,-0.0167435140796615,LAD,0.0167435140796615,True,AGREE,graded,4.0,2.0,1.0,1.0,W,T,W,T,823601,401816240.0,-159.0,132.0,-126.0,104.0,0.4678701556806889,-154.0,120.0,-130.0,100.0,0.4693877551020409,2026-07-24T22:29:50.695617+00:00,2026-07-24T23:10:00Z,pregame,posted,posted,9.0,9.0,0.0,0.0,False,False,,,,,starter_bullpen_blend,starter_bullpen_blend,0.3235400910753178,0.3191513440928418,0.302426519958216,0.3067719480249832,4.953431372549019,5.130952380952381,8.0,7.0,887.7596843615495,819.9663865546219,,,,,,,,,,,,,,,,,,,,,,,,,,,,,,,,,,,,,,
823680,2026-07-24,ATH,MIN,Jacob Lopez,Zebby Matthews,xw+plat_consol_v7,,0.3187828192389816,0.320305969064451,0.3139486257044381,0.3213255065490625,-0.0015231498254694,-0.0073768808446244,-0.001465476761828,0.0074942794064709,-0.0089597561682989,ATH,0.0089597561682989,0.0575397001133284,MIN,0.0575397001133284,True,DIVERGE,graded,2.0,0.0,1.0,0.0,W,W,L,L,823680,401816244.0,119.0,-144.0,114.0,-137.0,0.552982006111132,114.0,-145.0,114.0,-145.0,0.558797046641455,2026-07-24T23:36:10.670172+00:00,2026-07-25T00:10:00Z,pregame,posted,posted,9.0,9.0,0.0,0.0,False,False,,,,,starter_bullpen_blend,starter_bullpen_blend,0.3114050489264193,0.3257591437521605,0.3157057345158678,0.3142900942207931,3.6770833333333335,5.520833333333334,9.0,8.0,1056.490588235294,824.1052631578948,,,,,,,,,,,,,,,,,,,,,,,,,,,,,,,,,,,,,,
823759,2026-07-24,COL,MIL,Tomoyuki Sugano,Shane Drohan,xw+plat_consol_v7,,0.3227689821192108,0.3160537540886675,0.3433150666806793,0.3016261490600303,0.0067152280305433,0.0416889176206489,0.0323735722694383,-0.0164497087513588,0.048823281020797,MIL,0.048823281020797,0.1698030353979344,MIL,0.1698030353979344,True,AGREE,graded,5.0,2.0,4.0,1.0,L,L,L,L,823759,401816246.0,199.0,-246.0,234.0,-294.0,0.7136544666996133,185.0,-245.0,185.0,-245.0,0.6693026599568656,2026-07-24T18:49:00.339433+00:00,2026-07-24T20:10:00Z,pregame,posted,posted,9.0,9.0,0.0,0.0,False,False,,,,,starter_bullpen_blend,starter_bullpen_blend,0.3591456732441379,0.3000339894935274,0.319385080014986,0.3040894902761292,5.416666666666667,5.466666666666667,7.0,8.0,1113.7317257526315,1109.0625,,,,,,,,,,,,,,,,,,,,,,,,,,,,,,,,,,,,,,
824248,2026-07-24,KC,DET,Beck Way,Tarik Skubal,xw+plat_consol_v7,,0.3220172492657815,0.310746346293378,0.3172457857990244,0.3006751519390095,0.0112709029724035,0.0165706338600148,0.0050853031104884,-0.0224302549763529,0.0275155580868413,DET,0.0275155580868413,0.117783099552839,DET,0.117783099552839,False,,graded,1.0,2.0,1.0,2.0,W,W,,,824248,401816239.0,194.0,-240.0,218.0,-272.0,0.6992627085758635,240.0,-330.0,220.0,-298.0,0.7055341817105653,2026-07-24T22:29:50.695617+00:00,2026-07-24T22:40:00Z,pregame,posted,posted,9.0,9.0,0.0,0.0,True,False,reliever_spot_start,,medium,,opener_bullpen_blend,starter_bullpen_blend,0.3177779192717294,0.2948925357727005,0.3171792691149363,0.3113582902801566,1.0,5.839285714285714,6.0,8.0,987.0588235294116,998.9105677154582,,,,,,,,,,,,,,,,,,,,,,,,,,,,,,,,,,,,,,
824573,2026-07-24,HOU,CWS,Spencer Arrighetti,Davis Martin,xw+plat_consol_v7,,0.3247469642741991,0.3254502549560968,0.3211857096206761,0.3146771928322544,-0.0007032906818977,0.0065085167884216,0.0118514211555524,0.0058836798851901,0.0059677412703623,CWS,0.0059677412703623,0.0313972966075125,CWS,0.0313972966075125,True,AGREE,graded,9.0,5.0,0.0,5.0,L,W,L,W,824573,401816247.0,126.0,-153.0,114.0,-137.0,0.552982006111132,110.0,-140.0,110.0,-140.0,0.550561797752809,2026-07-24T23:36:10.670172+00:00,2026-07-24T23:40:00Z,pregame,posted,posted,9.0,9.0,0.0,0.0,False,False,,,,,starter_bullpen_blend,starter_bullpen_blend,0.3317169467461418,0.319945477781622,0.3077879819166814,0.3076816993175241,5.0390625,5.133771929824562,6.0,8.0,898.16,1135.015582568214,,,,,,,,,,,,,,,,,,,,,,,,,,,,,,,,,,,,,,
824733,2026-07-24,TOR,BOS,Trey Yesavage,Patrick Sandoval,xw+plat_consol_v7,,0.3182186069462778,0.3083647650459387,0.3004012989418603,0.3142250370190365,0.0098538419003391,-0.0138237380771761,-0.0156196413587337,-0.0115115126677402,-0.0041081286909935,TOR,0.0041081286909935,-0.0873561082454379,TOR,0.0873561082454379,False,,graded,4.0,6.0,0.0,3.0,L,L,,,824733,401816243.0,104.0,-126.0,109.0,-131.0,0.5423839616474178,-105.0,-125.0,100.0,-130.0,0.5306122448979592,2026-07-24T22:29:50.695617+00:00,2026-07-24T23:15:00Z,pregame,posted,posted,9.0,9.0,0.0,0.0,False,False,,,,,starter_bullpen_blend,starter_bullpen_blend,0.3005916846253125,0.3175480280919173,0.3001316923699916,0.3106464312482418,5.275,4.666666666666667,9.0,8.0,1295.3148348465504,1053.0,,,,,,,,,,,,,,,,,,,,,,,,,,,,,,,,,,,,,,
823843,2026-07-24,SD,MIA,Germán Márquez,Ryan Gusto,xw+plat_consol_v7,,0.3213860354802073,0.3214806171195913,0.317398135994105,0.3158909292902019,-9.45816393840282e-05,0.001507206703903,0.0046081936082283,0.0031747911146606,0.0014334024935677,MIA,0.0014334024935677,0.1796831956113879,MIA,0.1796831956113879,True,AGREE,graded,4.0,2.0,2.0,2.0,L,T,L,T,823843,401816242.0,119.0,-143.0,104.0,-126.0,0.532129844319311,114.0,-145.0,105.0,-135.0,0.5407914020517831,2026-07-24T22:29:50.695617+00:00,2026-07-24T23:10:00Z,pregame,posted,posted,9.0,9.0,0.0,0.0,False,False,,,,,starter_bullpen_blend,starter_bullpen_blend,0.3355816826150454,0.3210091505818382,0.298293903468307,0.3122350569390332,4.611111111111111,3.75,6.0,8.0,1031.189663994542,1047.8864081996437,,,,,,,,,,,,,,,,,,,,,,,,,,,,,,,,,,,,,,
824812,2026-07-24,ATL,BAL,Grant Holmes,Trevor Rogers,xw+plat_consol_v7,,0.3187376808546361,0.3229518848209315,0.3116173802120815,0.3141242117622195,-0.0042142039662954,-0.0025068315501379,-0.003853526635954,0.0028411173661251,-0.0066946440020791,ATL,0.0066946440020791,-0.0097037095280872,ATL,0.0097037095280872,True,AGREE,graded,7.0,6.0,2.0,3.0,W,L,W,L,824812,401816236.0,100.0,-120.0,107.0,-129.0,0.5383343749369998,100.0,-130.0,110.0,-140.0,0.550561797752809,2026-07-24T22:29:50.695617+00:00,2026-07-24T23:05:00Z,pregame,posted,posted,9.0,9.0,0.0,0.0,False,False,,,,,starter_bullpen_blend,starter_bullpen_blend,0.3237381928736461,0.3164756221272362,0.2992318384128228,0.3097632260191708,4.548611111111112,5.847222222222222,7.0,8.0,803.6323529411765,1116.0,,,,,,,,,,,,,,,,,,,,,,,,,,,,,,,,,,,,,,
822704,2026-07-25,ARI,WSH,Mitch Bratt,Foster Griffin,xw+plat_consol_v7,,0.3330597293713815,0.3297967230929836,0.312185621424035,0.3114307724480549,0.0032630062783979,0.0007548489759801,0.0111154425324022,0.0071159648822906,0.0039994776501116,WSH,0.0039994776501116,0.118778062604783,WSH,0.118778062604783,False,,graded,3.0,5.0,2.0,5.0,W,W,,,822704,401816250.0,109.0,-131.0,113.0,-136.0,0.551057677674631,135.0,-175.0,140.0,-180.0,0.6067415730337079,2026-07-25T20:00:11.318177+00:00,2026-07-25T20:05:00Z,pregame,posted,posted,9.0,9.0,0.0,0.0,False,False,,,,,starter_bullpen_blend,starter_bullpen_blend,0.3216962699817569,0.3097698065696741,0.3059745856312371,0.3154465253945197,3.555555555555556,6.366666666666667,8.0,7.0,1093.0,400.0,,,,,,,,,,,,,,,,,,,,,,,,,,,,,,,,,,,,,,
822869,2026-07-25,SEA,TEX,Bryan Woo,Nathan Eovaldi,xw+plat_consol_v7,,0.3194343683538903,0.3279392052520291,0.3051735431141781,0.3117595194682196,-0.0085048368981388,-0.0065859763540415,-0.0093725333459228,0.0056309100766999,-0.0150034434226226,SEA,0.0150034434226226,-0.0987759075000215,SEA,0.0987759075000215,True,AGREE,graded,1.0,7.0,1.0,5.0,L,L,L,L,822869,401816263.0,-112.0,-107.0,-108.0,-111.0,0.5032696834946377,-120.0,-110.0,-115.0,-115.0,0.5,2026-07-25T22:30:10.926680+00:00,2026-07-25T23:15:00Z,pregame,posted,posted,9.0,9.0,0.0,0.0,False,False,,,,,starter_bullpen_blend,starter_bullpen_blend,0.3004951175522539,0.312738292644709,0.3133295149494044,0.3100057177356528,5.719298245614034,5.776315789473684,7.0,9.0,898.0,1097.665541731567,,,,,,,,,,,,,,,,,,,,,,,,,,,,,,,,,,,,,,
822948,2026-07-25,CLE,TB,Tanner Bibee,Nick Martinez,xw+plat_consol_v7,,0.3217977016923711,0.3154482958779384,0.3180199696509471,0.3198582378430921,0.0063494058144327,-0.0018382681921449,0.005946190657259,0.0014048225608231,0.0045413680964359,TB,0.0045413680964359,0.0536536983298219,TB,0.0536536983298219,True,AGREE,graded,0.0,3.0,0.0,2.0,W,W,W,W,822948,401816253.0,113.0,-136.0,-105.0,-114.0,0.5098167539267016,100.0,-130.0,-115.0,-115.0,0.5,2026-07-25T21:28:10.460591+00:00,2026-07-25T22:10:00Z,pregame,posted,posted,9.0,9.0,0.0,0.0,False,False,,,,,starter_bullpen_blend,starter_bullpen_blend,0.3224243600695117,0.3246432510278317,0.3099066188799071,0.3114370007856181,5.833333333333334,5.739035087719298,8.0,8.0,1080.0,1133.8692307692309,,,,,,,,,,,,,,,,,,,,,,,,,,,,,,,,,,,,,,
823027,2026-07-25,CIN,STL,Hunter Greene,Andre Pallante,xw+plat_consol_v7,,0.329070018100528,0.3144603583751639,0.3183522729639076,0.3123903599993893,0.0146096597253641,0.0059619129645183,0.0135882127779481,-0.0070015573233415,0.0205897701012896,STL,0.0205897701012896,0.0731361640072116,STL,0.0731361640072116,False,,graded,0.0,7.0,0.0,1.0,W,W,,,823027,401816260.0,102.0,-122.0,-115.0,-104.0,0.4879965080750763,-120.0,-105.0,-125.0,-105.0,0.4796954314720812,2026-07-25T22:30:10.926680+00:00,2026-07-25T23:15:00Z,pregame,posted,posted,9.0,9.0,0.0,0.0,False,False,,,,,starter_bullpen_blend,starter_bullpen_blend,0.3180206674902882,0.3064300839307077,0.3188600438453874,0.3225016824759569,5.444444444444444,5.662280701754385,8.0,7.0,973.8333333333334,1179.923076923077,,,,,,,,,,,,,,,,,,,,,,,,,,,,,,,,,,,,,,
823197,2026-07-25,LAA,SF,Ryan Johnson,Robbie Ray,xw+plat_consol_v7,,0.320359853513718,0.3278379245203143,0.317044277982784,0.3205372972369555,-0.0074780710065963,-0.0034930192541715,0.0035172539227907,0.0146107721326974,-0.0110935182099067,LAA,0.0110935182099067,0.1169889807376222,SF,0.1169889807376222,True,DIVERGE,graded,2.0,9.0,0.0,9.0,L,L,W,W,823197,401816264.0,107.0,-128.0,113.0,-136.0,0.551057677674631,105.0,-135.0,110.0,-140.0,0.550561797752809,2026-07-25T20:00:11.318177+00:00,2026-07-25T20:05:00Z,pregame,posted,posted,9.0,9.0,0.0,0.0,False,False,,,,,starter_bullpen_blend,starter_bullpen_blend,0.3215077197612745,0.3247325899813264,0.3116842496461688,0.3124167949721004,4.910714285714286,5.934210526315789,8.0,8.0,1268.2432432432431,868.0,,,,,,,,,,,,,,,,,,,,,,,,,,,,,,,,,,,,,,
823355,2026-07-25,CHC,PIT,Shota Imanaga,Paul Skenes,xw+plat_consol_v7,,0.3217219692319956,0.3188623714722994,0.3110343193511821,0.2937770337184247,0.0028595977596961,0.0172572856327574,-0.0012207591954112,-0.0213887777818486,0.0201680185864374,PIT,0.0201680185864374,0.0669694727274374,PIT,0.0669694727274374,True,AGREE,graded,11.0,0.0,3.0,0.0,L,L,L,L,823355,401816252.0,113.0,-136.0,107.0,-128.0,0.5374878286270691,114.0,-145.0,110.0,-140.0,0.550561797752809,2026-07-25T22:30:10.926680+00:00,2026-07-25T22:40:00Z,pregame,posted,posted,9.0,9.0,0.0,0.0,False,False,,,,,starter_bullpen_blend,starter_bullpen_blend,0.3068447757546677,0.282377314063131,0.3182635948946945,0.3114928142638136,5.697916666666666,5.476190476190476,7.0,6.0,695.1428571428571,821.4047619047619,,,,,,,,,,,,,,,,,,,,,,,,,,,,,,,,,,,,,,
823600,2026-07-25,LAD,NYM,Yoshinobu Yamamoto,Nolan McLean,xw+plat_consol_v7,,0.3184849942417353,0.3441507415663401,0.296466288866528,0.3013271980022642,-0.0256657473246048,-0.0048609091357362,-0.0190362401230482,0.0102494221739513,-0.0292856622969995,LAD,0.0292856622969995,-0.1641483301680601,LAD,0.1641483301680601,True,AGREE,graded,4.0,3.0,4.0,1.0,W,W,W,W,823600,401816255.0,-156.0,129.0,-161.0,133.0,0.4102934934683162,-145.0,114.0,-154.0,120.0,0.4284750337381915,2026-07-25T22:30:10.926680+00:00,2026-07-25T23:15:00Z,pregame,posted,posted,9.0,9.0,0.0,0.0,False,False,,,,,starter_bullpen_blend,starter_bullpen_blend,0.2945073227064464,0.2984205123741512,0.3023190769940332,0.3067917669831168,6.743055555555555,5.875,8.0,7.0,894.7596843615495,835.1428571428571,,,,,,,,,,,,,,,,,,,,,,,,,,,,,,,,,,,,,,
823758,2026-07-25,COL,MIL,Ryan Feltner,Robert Gasser,xw+plat_consol_v7,,0.3263163005427734,0.3166436455843514,0.3305517569877457,0.3085310581887524,0.009672654958422,0.0220206987989932,0.0233824933277673,-0.0087052827536479,0.0320877760814152,MIL,0.0320877760814152,0.0539521867196833,MIL,0.0539521867196833,True,AGREE,graded,5.0,8.0,2.0,3.0,W,W,W,W,823758,401816261.0,184.0,-226.0,197.0,-244.0,0.6781075719579294,160.0,-210.0,160.0,-210.0,0.6378504672897196,2026-07-25T22:30:10.926680+00:00,2026-07-25T23:10:00Z,pregame,posted,posted,9.0,9.0,0.0,0.0,False,False,,,,,starter_bullpen_blend,starter_bullpen_blend,0.3402658844639324,0.311630297764822,0.3192383100272904,0.3040057448214162,4.842261904761905,5.341666666666667,7.0,8.0,1127.7317257526315,1121.0625,,,,,,,,,,,,,,,,,,,,,,,,,,,,,,,,,,,,,,
823841,2026-07-25,SD,MIA,Randy Vásquez,Eury Pérez,xw+plat_consol_v7,,0.3220253791703798,0.3164578468777478,0.3265797468705808,0.3130987378233626,0.005567532292632,0.0134810090472181,0.0148716528032829,-0.0043254759687994,0.0191971287720822,MIA,0.0191971287720822,0.2277933103645514,MIA,0.2277933103645514,True,AGREE,graded,7.0,2.0,2.0,1.0,L,L,L,L,823841,401816257.0,104.0,-125.0,123.0,-148.0,0.5709639471316864,124.0,-160.0,135.0,-175.0,0.599271402550091,2026-07-25T20:00:11.318177+00:00,2026-07-25T20:10:00Z,pregame,posted,posted,9.0,9.0,0.0,0.0,False,False,,,,,starter_bullpen_blend,starter_bullpen_blend,0.3566506215979766,0.3137269296406522,0.2974003689994132,0.312040730552138,4.432291666666666,5.647058823529412,6.0,8.0,1056.9412698412698,1074.7990286136628,,,,,,,,,,,,,,,,,,,,,,,,,,,,,,,,,,,,,,
824244,2026-07-25,KC,DET,Michael Wacha,Casey Mize,xw+plat_consol_v7,,0.3176198898677802,0.3138812645190023,0.3162823951168381,0.301865178843677,0.0037386253487779,0.0144172162731611,1.2915552501102656e-05,-0.0179958046872986,0.0180087202397997,DET,0.0180087202397997,0.083516061957713,DET,0.083516061957713,True,AGREE,graded,3.0,2.0,1.0,2.0,L,W,L,W,824244,401816254.0,144.0,-175.0,141.0,-171.0,0.6032849760653483,135.0,-175.0,135.0,-175.0,0.599271402550091,2026-07-25T16:14:18.498208+00:00,2026-07-25T17:10:00Z,pregame,posted,posted,9.0,9.0,0.0,0.0,False,False,,,,,starter_bullpen_blend,starter_bullpen_blend,0.3157414855827352,0.2962938130314235,0.3175225291706349,0.3108630020804158,6.266666666666667,5.558333333333333,7.0,8.0,1086.5325077399382,1004.18507751938,,,,,,,,,,,,,,,,,,,,,,,,,,,,,,,,,,,,,,
824571,2026-07-25,HOU,CWS,Hunter Brown,Sean Burke,xw+plat_consol_v7,,0.3283387111931776,0.3251412714314353,0.3120421213236965,0.3044002661567622,0.0031974397617423,0.0076418551669343,0.0063166429615575,-0.0046708457394947,0.0109874887010521,CWS,0.0109874887010521,0.0293108413832508,CWS,0.0293108413832508,True,AGREE,graded,4.0,1.0,0.0,0.0,L,T,L,T,824571,401816262.0,104.0,-126.0,100.0,-121.0,0.5226781857451405,110.0,-140.0,105.0,-135.0,0.5407914020517831,2026-07-25T22:30:10.926680+00:00,2026-07-25T23:10:00Z,pregame,posted,posted,9.0,9.0,0.0,0.0,False,False,,,,,starter_bullpen_blend,starter_bullpen_blend,0.3144431864165987,0.3027476598460485,0.3092568858159298,0.3076459509350936,4.833333333333334,5.963541666666666,7.0,8.0,1114.156862745098,1157.6454903416002,,,,,,,,,,,,,,,,,,,,,,,,,,,,,,,,,,,,,,
824734,2026-07-25,TOR,BOS,Dylan Cease,Sonny Gray,xw+plat_consol_v7,,0.3172571141402905,0.3089881251473752,0.2919356561444957,0.3067770849900515,0.0082689889929152,-0.0148414288455558,-0.0247198960284258,-0.0178675413909328,-0.006852354637493,TOR,0.006852354637493,-0.0628920458958915,TOR,0.0628920458958915,True,AGREE,graded,6.0,0.0,5.0,0.0,W,W,W,W,824734,401816258.0,100.0,-120.0,-104.0,-116.0,0.5130072840790842,-130.0,100.0,-135.0,105.0,0.4592085979482169,2026-07-25T20:00:11.318177+00:00,2026-07-25T20:10:00Z,pregame,posted,posted,9.0,9.0,0.0,0.0,False,False,,,,,starter_bullpen_blend,starter_bullpen_blend,0.2881823935451153,0.3051164286037937,0.2997915303680196,0.3103785573974127,6.090277777777777,6.159722222222223,9.0,8.0,1318.1698412698413,1072.0,,,,,,,,,,,,,,,,,,,,,,,,,,,,,,,,,,,,,,
824811,2026-07-25,ATL,BAL,Bryce Elder,Brandon Young,xw+plat_consol_v7,,0.3157530589855052,0.3272455416018228,0.3050926538613419,0.3143170731835894,-0.0114924826163175,-0.0092244193222475,-0.0129977142214404,0.0075892744725923,-0.0205869886940327,ATL,0.0205869886940327,-0.0417571607503109,ATL,0.0417571607503109,True,AGREE,graded,2.0,3.0,0.0,2.0,L,L,L,L,824811,401816251.0,-108.0,-112.0,-103.0,-117.0,0.5151837230488916,-105.0,-125.0,-105.0,-125.0,0.5203045685279188,2026-07-25T22:30:10.926680+00:00,2026-07-25T23:05:00Z,pregame,posted,posted,9.0,9.0,0.0,0.0,False,False,,,,,starter_bullpen_blend,starter_bullpen_blend,0.3092763600138223,0.3169749924314075,0.2995096193711717,0.3095790432200875,5.144736842105264,5.765625,7.0,8.0,813.5490196078431,1131.0,,,,,,,,,,,,,,,,,,,,,,,,,,,,,,,,,,,,,,
823435,2026-07-25,NYY,PHI,Ryan Weathers,Tim Mayza,xw+plat_consol_v7,,0.3278720702847851,0.317724987770964,0.3140576145395876,0.3056038428930636,0.0101470825138211,0.008453771646524,0.0079422056732058,-0.0105870720726742,0.01852927774588,PHI,0.01852927774588,0.0495457251555502,PHI,0.0495457251555502,True,AGREE,graded,3.0,1.0,1.0,1.0,L,T,L,T,823435,401816256.0,-118.0,-102.0,-126.0,104.0,0.4678701556806889,-125.0,-105.0,-135.0,105.0,0.4592085979482169,2026-07-25T21:28:10.460591+00:00,2026-07-25T22:05:00Z,pregame,posted,posted,9.0,9.0,0.0,0.0,False,True,,repeated_short_starts,,high,starter_bullpen_blend,opener_bullpen_blend,0.3233422948624389,0.3069983176004369,0.303781551512859,0.3053372521401835,4.728070175438597,1.4444444444444444,8.0,7.0,1301.24,890.7647058823529,,,,,,,,,,,,,,,,,,,,,,,,,,,,,,,,,,,,,,
823679,2026-07-25,ATH,MIN,Brady Basso,Mike Paredes,xw+plat_consol_v7,,0.318815025659966,0.3212137863918385,0.315993805407473,0.3205800396852289,-0.0023987607318725,-0.0045862342777558,0.0009152632667621,0.0079548518233293,-0.0070395885565672,ATH,0.0070395885565672,-0.0095345200595823,ATH,0.0095345200595823,False,,graded,0.0,2.0,0.0,0.0,L,T,,,823679,401816259.0,139.0,-168.0,123.0,-149.0,0.5716276429198135,130.0,-166.0,114.0,-145.0,0.558797046641455,2026-07-25T22:30:10.926680+00:00,2026-07-25T23:10:00Z,pregame,posted,posted,9.0,9.0,0.0,0.0,True,False,reliever_spot_start,,medium,,opener_bullpen_blend,starter_bullpen_blend,0.3209872601509413,0.3274815682859071,0.3153696235645395,0.3139785775454498,1.0,4.4,8.0,8.0,1029.5552036199094,835.1052631578948,,,,,,,,,,,,,,,,,,,,,,,,,,,,,,,,,,,,,,
822706,2026-07-26,ARI,WSH,Kohl Drake,Miles Mikolas,xw+plat_consol_v7,,0.3326854948156415,0.3238375493893989,0.3131483849268918,0.3247894685450123,0.0088479454262426,-0.0116410836181204,0.0121545420816726,0.0153087742682246,-0.0031542321865519,ARI,0.0031542321865519,-0.0605686066860421,ARI,0.0605686066860421,False,,graded,7.0,10.0,4.0,6.0,L,L,,,822706,401816265.0,-126.0,105.0,-117.0,-103.0,0.4848162769511084,-120.0,-110.0,-110.0,-120.0,0.5101214574898786,2026-07-26T17:18:47.997146+00:00,2026-07-26T17:35:00Z,pregame,posted,posted,9.0,9.0,0.0,0.0,False,False,,,,,starter_bullpen_blend,starter_bullpen_blend,0.3195986728961982,0.3328137551309704,0.3050855249652587,0.3148060054939111,5.0,4.989583333333334,8.0,7.0,1106.0,407.0,,,,,,,,,,,,,,,,,,,,,,,,,,,,,,,,,,,,,,
822870,2026-07-26,SEA,TEX,Logan Gilbert,Jacob deGrom,xw+plat_consol_v7,,0.3173907888469417,0.3276175489981779,0.3076201427426813,0.3043370913261294,-0.0102267601512361,0.0032830514165518,-0.0085057403028322,-0.0019694242332826,-0.0065363160695496,SEA,0.0065363160695496,0.0169245161535621,TEX,0.0169245161535621,True,DIVERGE,graded,6.0,4.0,1.0,3.0,W,L,L,W,822870,401816278.0,-107.0,-113.0,-103.0,-117.0,0.5151837230488916,-105.0,-125.0,100.0,-130.0,0.5306122448979592,2026-07-26T18:14:36.336224+00:00,2026-07-26T18:35:00Z,pregame,posted,posted,9.0,9.0,0.0,0.0,False,False,,,,,starter_bullpen_blend,starter_bullpen_blend,0.305760208704309,0.3014661890558737,0.3122399789025092,0.3092074393299404,6.416666666666667,5.662280701754385,7.0,9.0,925.0,1105.665541731567,,,,,,,,,,,,,,,,,,,,,,,,,,,,,,,,,,,,,,
822950,2026-07-26,CLE,TB,Parker Messick,Drew Rasmussen,xw+plat_consol_v7,,0.3151261528702344,0.3198642600796282,0.2990683519564855,0.3033186742366366,-0.0047381072093938,-0.004250322280151,-0.0192130815165992,-0.0104473290524218,-0.0087657524641774,CLE,0.0087657524641774,-0.002977983259379,CLE,0.002977983259379,True,AGREE,graded,0.0,1.0,0.0,1.0,L,L,L,L,822950,401816268.0,113.0,-136.0,103.0,-125.0,0.5300261096605744,120.0,-154.0,100.0,-130.0,0.5306122448979592,2026-07-26T15:12:53.089650+00:00,2026-07-26T16:15:00Z,pregame,posted,posted,9.0,9.0,0.0,0.0,False,False,,,,,starter_bullpen_blend,starter_bullpen_blend,0.2940892645593888,0.2974813123293913,0.3094423391885521,0.310955178059051,6.081250000000001,5.100877192982456,8.0,8.0,1086.0,1144.9594746716698,,,,,,,,,,,,,,,,,,,,,,,,,,,,,,,,,,,,,,
823028,2026-07-26,CIN,STL,Andrew Abbott,Kyle Leahy,xw+plat_consol_v7,,0.3302336748378514,0.3172029780932561,0.3218424670906492,0.3301877827464284,0.0130306967445952,-0.0083453156557792,0.0187947987088242,0.0139118403556736,0.0048829583531505,STL,0.0048829583531505,0.0207667969366414,STL,0.0207667969366414,True,AGREE,graded,5.0,3.0,2.0,2.0,L,T,L,T,823028,401816275.0,113.0,-136.0,113.0,-136.0,0.551057677674631,100.0,-130.0,100.0,-130.0,0.5306122448979592,2026-07-26T18:14:36.336224+00:00,2026-07-26T18:15:00Z,pregame,posted,posted,9.0,9.0,0.0,0.0,False,False,,,,,starter_bullpen_blend,starter_bullpen_blend,0.3243883591965991,0.335590692154545,0.3182391757074677,0.3232857308832296,5.273809523809524,5.048245614035087,8.0,7.0,984.0,1188.923076923077,,,,,,,,,,,,,,,,,,,,,,,,,,,,,,,,,,,,,,
823194,2026-07-26,LAA,SF,José Soriano,Carson Whisenhunt,xw+plat_consol_v7,,0.3233555666117158,0.3276603194049733,0.3164603990558816,0.3179493942319406,-0.0043047527932575,-0.0014889951760589,0.006311766810556,0.0121528836034477,-0.0058411167928917,LAA,0.0058411167928917,-0.0347096920497236,LAA,0.0347096920497236,False,,graded,4.0,3.0,4.0,1.0,W,W,,,823194,401816279.0,100.0,-120.0,-126.0,104.0,0.4678701556806889,-120.0,-110.0,-125.0,-105.0,0.4796954314720812,2026-07-26T19:37:58.278863+00:00,2026-07-26T20:05:00Z,pregame,posted,posted,9.0,9.0,0.0,0.0,False,False,,,,,starter_bullpen_blend,starter_bullpen_blend,0.3200486833452691,0.3223903574129803,0.3111835103950177,0.3114898114231556,5.357142857142857,5.333333333333333,8.0,7.0,1284.0526315789473,828.0,,,,,,,,,,,,,,,,,,,,,,,,,,,,,,,,,,,,,,
823354,2026-07-26,CHC,PIT,Jameson Taillon,Braxton Ashcraft,xw+plat_consol_v7,,0.3231451845535819,0.3231625890084938,0.3273532172792745,0.3051528334492366,-1.7404454911940093e-05,0.0222003838300379,0.0172143527596698,-0.0054175548431523,0.0226319076028221,PIT,0.0226319076028221,0.1483298989551192,PIT,0.1483298989551192,True,AGREE,graded,7.0,8.0,4.0,8.0,W,W,W,W,823354,401816267.0,104.0,-125.0,119.0,-144.0,0.5637871853546911,110.0,-140.0,130.0,-166.0,0.5893794380981784,2026-07-26T17:18:47.997146+00:00,2026-07-26T17:35:00Z,pregame,posted,posted,9.0,9.0,0.0,1.0,False,False,,,,,starter_bullpen_blend,starter_bullpen_blend,0.3358931186737697,0.301316360718726,0.3184440228515039,0.3108798703527746,4.595238095238095,5.389583333333333,7.0,7.0,695.1428571428571,841.4047619047619,,,,,,,,,,,,,,,,,,,,,,,,,,,,,,,,,,,,,,
823433,2026-07-26,NYY,PHI,Will Warren,Cristopher Sánchez,xw+plat_consol_v7,,0.3207448785147784,0.3223576033435815,0.3141491073815509,0.2982207847319564,-0.001612724828803,0.0159283226495944,0.0013630095144885,-0.013247860769616,0.0146108702841045,PHI,0.0146108702841045,0.0541100568303783,PHI,0.0541100568303783,True,AGREE,graded,4.0,11.0,3.0,6.0,W,W,W,W,823433,401816271.0,134.0,-162.0,177.0,-218.0,0.6550452346343263,140.0,-180.0,190.0,-250.0,0.6744186046511629,2026-07-26T22:33:05.126692+00:00,2026-07-26T23:20:00Z,pregame,posted,posted,9.0,9.0,0.0,0.0,False,False,,,,,starter_bullpen_blend,starter_bullpen_blend,0.3222865812924316,0.2946611462520947,0.3032682481886422,0.304759032521421,5.149122807017544,5.8273809523809526,8.0,8.0,1313.1844444444444,1079.8333333333333,,,,,,,,,,,,,,,,,,,,,,,,,,,,,,,,,,,,,,
823599,2026-07-26,LAD,NYM,Emmet Sheehan,Freddy Peralta,xw+plat_consol_v7,,0.3164328914055332,0.3405277336465511,0.305980059771239,0.3073147157234468,-0.0240948422410178,-0.0013346559522078,-0.011074476167294,0.0136360247062415,-0.0247105008735354,LAD,0.0247105008735354,-0.1074684827061129,LAD,0.1074684827061129,True,AGREE,graded,3.0,8.0,3.0,1.0,L,W,L,W,823599,401816270.0,-151.0,125.0,-150.0,124.0,0.4266211604095563,-160.0,124.0,-160.0,124.0,0.4204398447606727,2026-07-26T17:18:47.997146+00:00,2026-07-26T17:40:00Z,pregame,posted,posted,9.0,9.0,0.0,0.0,False,False,,,,,starter_bullpen_blend,starter_bullpen_blend,0.3101273265917432,0.3081028351411412,0.3013592062012482,0.3063478475718422,4.743055555555555,4.958333333333334,8.0,7.0,908.7596843615496,845.3720930232558,,,,,,,,,,,,,,,,,,,,,,,,,,,,,,,,,,,,,,
823678,2026-07-26,ATH,MIN,Jeffrey Springs,Connor Prielipp,xw+plat_consol_v7,,0.3214547556969401,0.3162606062309191,0.3223143696441805,0.315846596691654,0.0051941494660209,0.0064677729525264,0.0103536262820885,-0.001389582893044,0.0117432091751325,MIN,0.0117432091751325,0.1201754227860888,MIN,0.1201754227860888,True,AGREE,graded,8.0,11.0,0.0,7.0,W,W,W,W,823678,401816274.0,113.0,-136.0,135.0,-163.0,0.592910765420633,120.0,-154.0,124.0,-160.0,0.5795601552393274,2026-07-26T17:18:47.997146+00:00,2026-07-26T18:10:00Z,pregame,posted,posted,9.0,9.0,0.0,0.0,False,False,,,,,starter_bullpen_blend,starter_bullpen_blend,0.3278421002185938,0.3173784318359965,0.3157571831733178,0.3136118879784538,4.883333333333334,5.33974358974359,9.0,7.0,1096.4376984126984,829.1282051282051,,,,,,,,,,,,,,,,,,,,,,,,,,,,,,,,,,,,,,
823755,2026-07-26,COL,MIL,Kyle Freeland,Jacob Misiorowski,xw+plat_consol_v7,,0.3336393288015185,0.3243308688787985,0.3332137176997892,0.2749187643943542,0.00930845992272,0.0582949533054349,0.0342328241597858,-0.0352498047453647,0.0694826289051505,MIL,0.0694826289051505,0.4228492455295521,MIL,0.4228492455295521,True,AGREE,graded,2.0,11.0,1.0,3.0,W,W,W,W,823755,401816276.0,243.0,-306.0,290.0,-373.0,0.7546298697930176,250.0,-345.0,250.0,-345.0,0.7307110438729199,2026-07-26T17:18:47.997146+00:00,2026-07-26T18:10:00Z,pregame,posted,posted,9.0,9.0,0.0,0.0,False,False,,,,,starter_bullpen_blend,starter_bullpen_blend,0.3425420659479643,0.2591185740493346,0.3188370868702488,0.3031402856419757,5.458333333333334,5.769736842105263,7.0,8.0,1133.7055933484503,1126.2897727272727,,,,,,,,,,,,,,,,,,,,,,,,,,,,,,,,,,,,,,
823840,2026-07-26,SD,MIA,Walker Buehler,Janson Junk,xw+plat_consol_v7,,0.3225921292119404,0.3198625388158591,0.3081397054082688,0.3146711243995168,0.0027295903960813,-0.0065314189912479,-0.002925159475479,0.0010150604783419,-0.0039402199538209,SD,0.0039402199538209,0.0503976855908801,MIA,0.0503976855908801,True,DIVERGE,graded,5.0,3.0,1.0,3.0,W,L,L,W,823840,401816272.0,108.0,-131.0,-104.0,-115.0,0.5120034919249236,105.0,-135.0,100.0,-130.0,0.5306122448979592,2026-07-26T17:18:47.997146+00:00,2026-07-26T17:40:00Z,pregame,posted,posted,9.0,9.0,0.0,0.0,False,False,,,,,starter_bullpen_blend,starter_bullpen_blend,0.319829205766139,0.3168755371430022,0.2963195961078526,0.3118224832787515,4.525,5.073717948717949,6.0,8.0,1059.9412698412698,1085.7990286136628,,,,,,,,,,,,,,,,,,,,,,,,,,,,,,,,,,,,,,
824246,2026-07-26,KC,DET,Luinder Avila,Framber Valdez,xw+plat_consol_v7,,0.3247658148121469,0.3207868765949686,0.321787372731999,0.3150407029129111,0.0039789382171783,0.0067466698190878,0.0131825258169085,0.0023076240869259,0.0108749017299826,DET,0.0108749017299826,0.0983681091679812,DET,0.0983681091679812,True,AGREE,graded,5.0,4.0,3.0,4.0,L,W,L,W,824246,401816269.0,157.0,-192.0,157.0,-192.0,0.6282338561825219,150.0,-195.0,150.0,-195.0,0.623003194888179,2026-07-26T17:18:47.997146+00:00,2026-07-26T17:40:00Z,pregame,posted,posted,9.0,9.0,0.0,0.0,False,False,,,,,starter_bullpen_blend,starter_bullpen_blend,0.3251086321871838,0.3187730702798161,0.3179203351699503,0.3101275866202828,4.841666666666667,5.114583333333334,7.0,8.0,1094.5325077399382,1018.2083333333334,,,,,,,,,,,,,,,,,,,,,,,,,,,,,,,,,,,,,,
824572,2026-07-26,HOU,CWS,Ronel Blanco,Erick Fedde,xw+plat_consol_v7,,0.3236519400137975,0.3235284032473897,0.3148858729841226,0.3152744207201822,0.0001235367664078,-0.0003885477360596,0.0049990306817822,0.005273084338648,-0.0002740536568658,HOU,0.0002740536568658,-0.0473000053497834,HOU,0.0473000053497834,False,,graded,3.0,12.0,3.0,3.0,L,T,,,824572,401816277.0,100.0,-120.0,102.0,-123.0,0.5270012302210156,-115.0,-115.0,-115.0,-115.0,0.5,2026-07-26T17:18:47.997146+00:00,2026-07-26T18:10:00Z,pregame,posted,posted,9.0,9.0,0.0,0.0,False,False,,,,,starter_bullpen_blend,starter_bullpen_blend,0.3211250021650347,0.3233019060332304,0.3081668107892941,0.3070208090602876,4.666666666666667,4.5625,8.0,8.0,1138.156862745098,1169.6454903416002,,,,,,,,,,,,,,,,,,,,,,,,,,,,,,,,,,,,,,
824730,2026-07-26,TOR,BOS,Kevin Gausman,Ranger Suarez,xw+plat_consol_v7,,0.3127440801191292,0.3083296584867599,0.3069664392100268,0.3026416362151966,0.0044144216323692,0.0043248029948302,-0.0136639654401837,-0.0221518961559245,0.0084879307157408,BOS,0.0084879307157408,0.0959449588846362,BOS,0.0959449588846362,True,AGREE,graded,1.0,6.0,0.0,3.0,W,W,W,W,824730,401816273.0,113.0,-136.0,122.0,-147.0,0.5691910559179544,105.0,-135.0,110.0,-140.0,0.550561797752809,2026-07-26T17:18:47.997146+00:00,2026-07-26T17:35:00Z,pregame,posted,posted,9.0,9.0,0.0,0.0,False,False,,,,,starter_bullpen_blend,starter_bullpen_blend,0.3125080617277597,0.2977060698113284,0.298658585286748,0.3097322143601034,5.398809523809525,5.306372549019608,9.0,7.0,1318.1698412698413,1037.0,,,,,,,,,,,,,,,,,,,,,,,,,,,,,,,,,,,,,,
824810,2026-07-26,ATL,BAL,Reynaldo López,Shane Baz,xw+plat_consol_v7,,0.3200158549098521,0.3269830584618588,0.3131427110156173,0.3146199598568435,-0.0069672035520066,-0.0014772488412261,-0.0003768057766729,0.0080360498457765,-0.0084128556224494,ATL,0.0084128556224494,-0.0602427603699861,ATL,0.0602427603699861,True,AGREE,graded,3.0,2.0,2.0,0.0,W,W,W,W,824810,401816266.0,-106.0,-114.0,-114.0,-105.0,0.4901832460732984,100.0,-130.0,-110.0,-120.0,0.5101214574898786,2026-07-26T17:18:47.997146+00:00,2026-07-26T17:35:00Z,pregame,posted,posted,9.0,9.0,0.0,0.0,False,False,,,,,starter_bullpen_blend,starter_bullpen_blend,0.3272380042486308,0.3175444706392162,0.299408174830615,0.3093459718852576,4.441666666666667,5.789583333333334,7.0,8.0,828.495238095238,1141.0,,,,,,,,,,,,,,,,,,,,,,,,,,,,,,,,,,,,,,
822705,2026-07-27,TOR,WSH,Max Scherzer,Eddy Yean,xw+plat_consol_v9,,0.3317694027901072,0.2992379028104487,0.3470129827187976,0.3039043908335893,0.0325314999796584,0.0431085918852083,0.0033220401528187,-0.0161303500982538,0.0194523902510725,WSH,0.0194523902510725,0.2942452376599901,WSH,0.2942452376599901,False,,graded,3.0,2.0,3.0,2.0,L,L,,,822705,401816285.0,104.0,-126.0,104.0,-126.0,0.532129844319311,110.0,-140.0,120.0,-154.0,0.5715249662618084,2026-07-27T22:30:11.961528+00:00,2026-07-27T22:45:00Z,pregame,posted,posted,9.0,9.0,0.0,0.0,False,True,,reliever_spot_start,,medium,starter_bullpen_sequential,opener_bullpen_sequential,0.3470129827187976,0.3039043908335893,0.2846428585432826,0.3156401019416604,3.375,2.0,8.0,6.0,1145.34126984127,526.28,,,,,0.3260429751672652,0.3047385668210728,0.3317694027901072,0.2992379028104487,0.005726427622842,-0.0055006640106241,0.375,0.2222222222222222,0.625,0.7777777777777778,0.3638392803996145,0.2873962565571106,0.0474130553076432,-0.0290299685348607,0.2932936561518954,0.3039814802613195,-0.0231325689400759,-0.0124447448306518,0.31974826524479,0.3002958749937175,0.0033220401528187,-0.0161303500982538,,,,,,,,,,,,
822868,2026-07-27,SEA,TEX,George Kirby,Kumar Rocker,xw+plat_consol_v9,,0.3167641944138419,0.328920767825072,0.3028468327715721,0.3273436839710316,-0.0121565734112301,-0.0244968511994594,-0.0116789959421595,0.0115129506767608,-0.0231919466189203,SEA,0.0231919466189203,0.0114728785947608,TEX,0.0114728785947608,True,DIVERGE,graded,3.0,7.0,2.0,7.0,L,L,W,W,822868,401816288.0,-120.0,100.0,-126.0,104.0,0.4678701556806889,-140.0,110.0,-140.0,110.0,0.449438202247191,2026-07-27T18:08:38.876737+00:00,2026-07-27T18:35:00Z,pregame,posted,posted,9.0,9.0,0.0,0.0,False,False,,,,,starter_bullpen_sequential,starter_bullpen_sequential,0.3028468327715721,0.3273436839710316,0.3091634476904993,0.3035956887814581,6.289473684210527,5.004901960784313,7.0,9.0,936.0,1124.7598988083475,,,,,0.315651312607733,0.3256989882765993,0.3167641944138419,0.328920767825072,0.0011128818061089,0.0032217795484727,0.6988304093567251,0.5561002178649237,0.3011695906432748,0.4438997821350763,0.3031702981817881,0.3402693182056716,-0.0132559269101832,0.0238430931137002,0.3084063213960024,0.3124924574520265,-0.0080199036959688,-0.0039337676399447,0.3047472291498117,0.3279391757687322,-0.0116789959421595,0.0115129506767608,,,,,,,,,,,,
823195,2026-07-27,MIL,SF,Brandon Sproat,Tyler Mahle,xw+plat_consol_v9,,0.3222588536301987,0.3294014693699359,0.3326503647128903,0.3184392647259196,-0.0071426157397372,0.0142110999869706,0.0026676482924538,0.0105639085467049,-0.0078962602542511,MIL,0.0078962602542511,-0.0309712794471758,MIL,0.0309712794471758,True,AGREE,graded,0.0,3.0,0.0,3.0,L,L,L,L,823195,401816291.0,-125.0,104.0,-136.0,113.0,0.448942322325369,-130.0,100.0,-125.0,-105.0,0.4796954314720812,2026-07-28T01:00:36.325988+00:00,2026-07-28T01:45:00Z,pregame,posted,posted,9.0,9.0,0.0,0.0,False,False,,,,,starter_bullpen_sequential,starter_bullpen_sequential,0.3326503647128903,0.3184392647259196,0.2940525991404073,0.3072547256382726,4.625,5.236979166666666,8.0,7.0,1143.358943577431,828.0,,,,,0.3209759851043022,0.3302912436063236,0.3222588536301987,0.3294014693699359,0.0012828685258964,-0.0008897742363877,0.5138888888888888,0.581886574074074,0.4861111111111111,0.418113425925926,0.3387820499419266,0.3314970548832092,0.0223558248499552,0.0150708297912379,0.2982806581664951,0.3207178716160078,-0.0181455669254761,0.0042916465240365,0.3190938733844252,0.3269901336386762,0.0026676482924538,0.0105639085467049,,,,,,,,,,,,
823353,2026-07-27,ARI,PIT,Merrill Kelly,Mitch Keller,xw+plat_consol_v9,,0.3213110230899377,0.3258168655712003,0.3848323457517189,0.3432245079950303,-0.0045058424812626,0.0416078377566885,0.0401997861876999,0.0220244370308264,0.0181753491568734,PIT,0.0181753491568734,0.1699852825850406,PIT,0.1699852825850406,True,AGREE,graded,2.0,3.0,0.0,0.0,W,T,W,T,823353,401816280.0,115.0,-138.0,-104.0,-115.0,0.5120034919249236,-105.0,-125.0,-115.0,-115.0,0.5,2026-07-27T22:30:11.961528+00:00,2026-07-27T22:40:00Z,pregame,posted,posted,9.0,9.0,0.0,0.0,False,False,,,,,starter_bullpen_sequential,starter_bullpen_sequential,0.3848323457517189,0.3432245079950303,0.2952970678390195,0.3081959736144087,5.659722222222222,5.28125,8.0,7.0,1128.0,846.3023255813954,,,,,0.3201450204338951,0.3256760953188762,0.3213110230899377,0.3258168655712003,0.0011660026560425,0.000140770252324,0.628858024691358,0.5868055555555556,0.371141975308642,0.4131944444444444,0.3907731563515177,0.3534104461463475,0.0743469312595463,0.0369842210543762,0.2987675430186425,0.3172052545599412,-0.0176586820733287,0.0007790294679699,0.3566260112796713,0.3384506621227977,0.0401997861876999,0.0220244370308264,,,,,,,,,,,,
823597,2026-07-27,ATL,NYM,Martín Pérez,Zac Thornton,xw+plat_consol_v9,,0.3218472604152547,0.3281166370518031,0.3261996046975437,0.3166931684983803,-0.0062693766365484,0.0095064361991634,-0.0054510471066333,0.0053342197352731,-0.0107852668419064,ATL,0.0107852668419064,0.0330390520421142,NYM,0.0330390520421142,False,,graded,3.0,14.0,3.0,3.0,L,T,,,823597,401816281.0,-110.0,-110.0,-105.0,-114.0,0.5098167539267016,-115.0,-115.0,-105.0,-125.0,0.5203045685279188,2026-07-27T22:30:11.961528+00:00,2026-07-27T23:10:00Z,pregame,posted,posted,9.0,9.0,0.0,0.0,False,False,,,,,starter_bullpen_sequential,starter_bullpen_sequential,0.3261996046975437,0.3166931684983803,0.285897770472116,0.298440678883046,4.816666666666666,5.833333333333333,7.0,7.0,850.5285714285715,864.3194614443084,,,,,0.3176586813979904,0.3281963183267035,0.3218472604152547,0.3281166370518031,0.0041885790172642,-7.968127490037835e-05,0.5351851851851852,0.6481481481481481,0.4648148148148148,0.3518518518518518,0.3317880782161102,0.3283934427203872,0.0153618531241389,0.0119672176284158,0.2870113207475167,0.3095417644977711,-0.0294149043444546,-0.0068844605942002,0.310975177985338,0.3217604448272445,-0.0054510471066333,0.0053342197352731,,,,,,,,,,,,
823839,2026-07-27,PHI,MIA,Zack Wheeler,Tyler Phillips,xw+plat_consol_v9,,0.3225490112661936,0.319693788837575,0.265422130227494,0.3307977884823465,0.0028552224286186,-0.0653756582548524,-0.0371374283383726,0.0044943187218106,-0.0416317470601832,PHI,0.0416317470601832,-0.1350094767603494,PHI,0.1350094767603494,True,AGREE,graded,7.0,8.0,2.0,5.0,L,L,L,L,823839,401816284.0,-175.0,144.0,-205.0,167.0,0.3578342230304452,-188.0,145.0,-238.0,180.0,0.3365193150139386,2026-07-27T22:30:11.961528+00:00,2026-07-27T22:40:00Z,pregame,posted,posted,9.0,9.0,0.0,0.0,False,False,,,,,starter_bullpen_sequential,starter_bullpen_sequential,0.265422130227494,0.3307977884823465,0.2958017581829409,0.3087139971949317,6.302083333333334,4.3,9.0,8.0,1102.9065040650407,1103.647377650247,,,,,0.3205782277336571,0.3164720092891023,0.3225490112661936,0.319693788837575,0.0019707835325365,0.0032217795484727,0.7002314814814815,0.4777777777777777,0.2997685185185185,0.5222222222222223,0.270557997043897,0.334213759647368,-0.0458682280480742,0.0177875345553967,0.2996831358438282,0.3087586654979479,-0.0167430892481431,-0.0076675595940234,0.2792887967535986,0.320920543813782,-0.0371374283383726,0.0044943187218106,,,,,,,,,,,,
824001,2026-07-27,HOU,LAA,Tatsuya Imai,Walbert Ureña,xw+plat_consol_v9,,0.3130433649515663,0.3183989929170801,0.3326944762826735,0.2892021391405797,-0.0053556279655138,0.0434923371420938,-0.0005712995246897,-0.0172346325139837,0.016663332989294,LAA,0.016663332989294,0.0109896711424953,LAA,0.0109896711424953,True,AGREE,graded,6.0,4.0,1.0,4.0,L,W,L,W,824001,401816290.0,-114.0,-106.0,-106.0,-114.0,0.5086640097036909,-115.0,-115.0,-110.0,-120.0,0.5101214574898786,2026-07-28T01:00:36.325988+00:00,2026-07-28T01:38:00Z,pregame,posted,posted,9.0,9.0,0.0,0.0,False,False,,,,,starter_bullpen_sequential,starter_bullpen_sequential,0.3326944762826735,0.2892021391405797,0.3019194182857879,0.3070679608556109,4.428571428571429,5.1328125,8.0,8.0,1155.156862745098,1302.0526315789473,,,,,0.3175453569834389,0.3195065626381956,0.3130433649515663,0.3183989929170801,-0.0045019920318725,-0.0011075697211155,0.4920634920634921,0.5703125,0.5079365079365079,0.4296875,0.3291376949747322,0.2910051776683861,0.0127114698827608,-0.0254210474235851,0.3029872427038138,0.3100571978216404,-0.0134389823881574,-0.0063690272703309,0.3158549255672815,0.2991915925779875,-0.0005712995246897,-0.0172346325139837,,,,,,,,,,,,
824245,2026-07-27,BAL,DET,Kyle Bradish,Keider Montero,xw+plat_consol_v9,,0.3207746855975991,0.3121215472427025,0.306153591870359,0.2918624711159867,0.0086531383548965,0.0142911207543723,-0.0074242367468078,-0.0231713188728618,0.015747082126054,DET,0.015747082126054,0.114899224932302,DET,0.114899224932302,True,AGREE,graded,8.0,5.0,7.0,5.0,L,L,L,L,824245,401816282.0,-107.0,-113.0,108.0,-130.0,0.5403677058353318,-105.0,-125.0,-110.0,-120.0,0.5101214574898786,2026-07-27T22:30:11.961528+00:00,2026-07-27T22:40:00Z,pregame,posted,posted,9.0,9.0,0.0,0.0,False,False,,,,,starter_bullpen_sequential,starter_bullpen_sequential,0.306153591870359,0.2918624711159867,0.3031078360478759,0.3061701445968759,6.166666666666667,5.981770833333334,8.0,8.0,1170.0,1034.923976608187,,,,,0.3194918170717027,0.3140631143077755,0.3207746855975991,0.3121215472427025,0.0012828685258963,-0.001941567065073,0.6851851851851852,0.6646412037037037,0.3148148148148147,0.3353587962962963,0.310360881586998,0.2878919597777413,-0.0060653435049733,-0.0285342653142299,0.3060443971717588,0.3038836275097243,-0.0103818279202124,-0.0125425975822469,0.3090019883451634,0.2932549062191095,-0.0074242367468078,-0.0231713188728618,,,,,,,,,,,,
824490,2026-07-27,CLE,CIN,Slade Cecconi,Chase Burns,xw+plat_consol_v9,,0.324895165376557,0.3169763195453917,0.3300137342508056,0.2835846576157545,0.0079188458311653,0.046429076635051,0.011097029097671,-0.020423670844919,0.03152069994259,CIN,0.03152069994259,0.1260626975860466,CIN,0.1260626975860466,True,AGREE,void,,,,,,,,,,,,,,,,,,,,,2026-07-27T22:30:11.961528+00:00,2026-07-27T23:10:00Z,pregame,posted,posted,9.0,9.0,0.0,0.0,False,False,,,,,starter_bullpen_sequential,starter_bullpen_sequential,0.3300137342508056,0.2835846576157545,0.3033779773252808,0.3187791517415336,5.110416666666667,5.5,8.0,8.0,1087.0,1002.0,,,,,0.3260930405425596,0.312418550621089,0.324895165376557,0.3169763195453917,-0.0011978751660026,0.0045577689243027,0.5678240740740741,0.6111111111111112,0.4321759259259259,0.3888888888888888,0.3388463353022856,0.2840776583055178,0.0224201102103143,-0.0323485667864534,0.3126461690427147,0.314741676440892,-0.0037800560492566,-0.0016845486510792,0.3275232541896423,0.2960025542470522,0.011097029097671,-0.020423670844919,,,,,,,,,,,,
824570,2026-07-27,NYY,CWS,Max Fried,Noah Schultz,xw+plat_consol_v9,,0.3238780889454719,0.3133423103038189,0.2665017486213403,0.3555400071082072,0.0105357786416529,-0.0890382584868669,-0.033544011824819,0.0072605216027335,-0.0408045334275525,NYY,0.0408045334275525,-0.228612703622188,NYY,0.228612703622188,True,AGREE,graded,9.0,5.0,4.0,4.0,W,T,W,T,824570,401816287.0,-138.0,115.0,-144.0,119.0,0.4362128146453089,-145.0,114.0,-154.0,120.0,0.4284750337381915,2026-07-27T22:30:11.961528+00:00,2026-07-27T23:40:00Z,pregame,posted,posted,9.0,9.0,0.0,0.0,False,False,,,,,starter_bullpen_sequential,starter_bullpen_sequential,0.2665017486213403,0.3555400071082072,0.2943803450589898,0.3000902408917706,5.4393939393939394,4.520833333333334,8.0,8.0,1336.8290598290598,1189.9678137651822,,,,,0.3206589654394957,0.3110952983516277,0.3238780889454719,0.3133423103038189,0.0032191235059761,0.0022470119521911,0.6043771043771043,0.5023148148148149,0.3956228956228956,0.4976851851851851,0.2727778869119286,0.3520748863351672,-0.0436483381800426,0.0356486612431959,0.2983181841672596,0.2950345313366568,-0.0181080409247116,-0.0213916937553145,0.2828822132671522,0.3236867466947049,-0.033544011824819,0.0072605216027335,,,,,,,,,,,,
824977,2026-07-27,BOS,ATH,Payton Tolle,Jack Perkins,xw+plat_consol_v9,,0.3066397949273324,0.3170957576226786,0.2775837741096298,0.3161107078160964,-0.0104559626953462,-0.0385269337064665,-0.0380188718219366,0.0006664293336563,-0.0386853011555929,BOS,0.0386853011555929,-0.1537808977721843,BOS,0.1537808977721843,True,AGREE,graded,4.0,2.0,0.0,1.0,W,L,W,L,824977,401816289.0,-146.0,121.0,-205.0,167.0,0.3578342230304452,-160.0,124.0,-180.0,140.0,0.3932584269662921,2026-07-28T01:00:36.325988+00:00,2026-07-28T01:40:00Z,pregame,posted,posted,9.0,9.0,0.0,0.0,False,False,,,,,starter_bullpen_sequential,starter_bullpen_sequential,0.2775837741096298,0.3161107078160964,0.3032528376289708,0.3136290410423393,5.268229166666666,4.654761904761905,7.0,7.0,1058.0,838.2376984126984,,,,,0.304360910465181,0.3202591042362244,0.3066397949273324,0.3170957576226786,0.0022788844621514,-0.0031633466135457,0.5853587962962963,0.5171957671957672,0.4146412037037037,0.4828042328042328,0.2689986632536279,0.3167795727375367,-0.0474275618383434,0.0003533476455654,0.2916898235444175,0.3174280378230072,-0.0247364015475538,0.0010018127310358,0.2784073532700346,0.3170926544256277,-0.0380188718219366,0.0006664293336563,,,,,,,,,,,,
823025,2026-07-27,CHC,STL,David Peterson,Matthew Liberatore,xw+plat_consol_v9,,0.3340890714737997,0.3279446744497216,0.3425624950774646,0.3437479003895663,0.006144397024078,-0.0011854053121017,0.0332303654761179,0.030612656590489,0.0026177088856289,STL,0.0026177088856289,-0.0728788181045898,CHC,0.0728788181045898,True,DIVERGE,graded,7.0,3.0,5.0,1.0,L,L,W,W,823025,401816286.0,-126.0,104.0,-124.0,103.0,0.4708652148322542,-115.0,-115.0,-110.0,-120.0,0.5101214574898786,2026-07-27T22:30:11.961528+00:00,2026-07-27T23:45:00Z,pregame,posted,posted,9.0,9.0,0.0,0.0,False,False,,,,,starter_bullpen_sequential,starter_bullpen_sequential,0.3425624950774646,0.3437479003895663,0.3203445740722641,0.3269948688865602,4.947916666666667,5.189583333333334,7.0,7.0,712.0555555555555,1206.975,,,,,0.3308726040103203,0.3236684460300669,0.3340890714737997,0.3279446744497216,0.0032164674634794,0.0042762284196546,0.5497685185185186,0.5766203703703705,0.4502314814814814,0.4233796296296295,0.3616842626394626,0.3562609049021327,0.0452580375474912,0.0398346798101614,0.3349698444655127,0.3344789801842624,0.0185436193735413,0.018052755092291,0.3496565905680893,0.3470388816824603,0.0332303654761179,0.030612656590489,,,,,,,,,,,,
822703,2026-07-28,TOR,WSH,Shane Bieber,Cade Cavalli,xw+plat_consol_v9,,0.3305514619088257,0.3042835752665427,0.3634325992543258,0.3086407664827052,0.0262678866422829,0.0547918327716205,0.0281244639783899,-0.0134745050579179,0.0415989690363078,WSH,0.0415989690363078,0.1298325796771227,WSH,0.1298325796771227,True,AGREE,graded,6.0,8.0,3.0,8.0,W,W,W,W,822703,401816298.0,129.0,-156.0,112.0,-135.0,0.54911742133538,124.0,-166.0,124.0,-160.0,0.5795601552393274,2026-07-28T22:37:53.075556+00:00,2026-07-28T22:45:00Z,pregame,posted,posted,9.0,9.0,0.0,0.0,False,False,,,,,starter_bullpen_sequential,starter_bullpen_sequential,0.3634325992543258,0.3086407664827052,0.284658615958325,0.3243698552950611,5.291666666666667,5.303030303030303,8.0,8.0,1169.1733542319748,700.0961538461538,4.304347826086956,4.319277108433735,4.258658359010278,4.472797833629324,0.3270454858132081,0.3041109325042584,0.3305514619088257,0.3042835752665427,0.0035059760956175,0.0001726427622842,0.5905458093726614,0.5807465630645068,0.4094541906273385,0.4192534369354932,0.3795873324833249,0.2967430442397048,0.0631037022132889,-0.0197405860303311,0.2941583906490598,0.3116888512871431,-0.0223252396209761,-0.0047947789828928,0.3446080942484259,0.303009125212118,0.0281244639783899,-0.0134745050579179,,,,,,,,,,,,
823193,2026-07-28,MIL,SF,Logan Henderson,Landen Roupp,xw+plat_consol_v9,,0.3203244380539049,0.3266082568164554,0.2851627541411435,0.2906523573195755,-0.0062838187625504,-0.005489603178432,-0.0251446322375146,-0.0102722425108607,-0.0148723897266538,MIL,0.0148723897266538,-0.0175169243984632,MIL,0.0175169243984632,False,,graded,8.0,2.0,5.0,0.0,W,W,,,823193,401816305.0,-144.0,119.0,-150.0,124.0,0.4266211604095563,-145.0,114.0,-154.0,120.0,0.4284750337381915,2026-07-29T01:03:17.420536+00:00,2026-07-29T01:45:00Z,pregame,posted,posted,9.0,9.0,0.0,0.0,False,False,,,,,starter_bullpen_sequential,starter_bullpen_sequential,0.2851627541411435,0.2906523573195755,0.2941976645051652,0.307273243764486,4.963541666666666,5.770833333333334,8.0,7.0,1150.358943577431,837.0,3.860869565217391,4.154545454545454,4.06393243273091,4.236650266059135,0.316821118000784,0.3266905941338525,0.3203244380539049,0.3266082568164554,0.0035033200531208,-8.233731739709649e-05,0.5387951712239667,0.6366890914716045,0.4612048287760333,0.3633109085283955,0.2886234554887624,0.299950615716657,-0.0278601747812735,-0.0165330145533789,0.2945113872152483,0.317183161989153,-0.0219722430547876,0.000699531719117,0.2913389980325213,0.3062113877591751,-0.0251446322375146,-0.0102722425108607,,,,,,,,,,,,
823275,2026-07-28,COL,SD,Michael Lorenzen,Michael King,xw+plat_consol_v9,,0.3207649132842564,0.3180654412679417,0.3525229605274975,0.3268821709424765,0.0026994720163147,0.0256407895850209,0.0277160868576156,-0.0064230007502721,0.0341390876078877,SD,0.0341390876078877,0.1947983337870204,SD,0.1947983337870204,True,AGREE,graded,7.0,8.0,4.0,3.0,W,L,W,L,823275,401816303.0,160.0,-195.0,198.0,-245.0,0.6790996186401266,145.0,-188.0,154.0,-200.0,0.6287128712871286,2026-07-29T01:03:17.420536+00:00,2026-07-29T01:40:00Z,pregame,posted,posted,9.0,9.0,0.0,0.0,False,False,,,,,starter_bullpen_sequential,starter_bullpen_sequential,0.3525229605274975,0.3268821709424765,0.320971356439355,0.2818044417689362,4.863095238095238,5.547619047619048,7.0,6.0,1146.4395834962338,1074.012767425811,4.788079470198675,4.1145251396648055,4.42349905075909,4.071455630385392,0.3229614604290108,0.3145594651723241,0.3207649132842564,0.3180654412679417,-0.0021965471447544,0.0035059760956175,0.5599417389954776,0.6188871822097174,0.4400582610045224,0.3811128177902826,0.3572917713558533,0.3285159546948145,0.0408081410858173,0.0120323244247785,0.327541041990345,0.2800911200695823,0.0110574117203091,-0.0363925102004535,0.3441997171276515,0.3100606295197638,0.0277160868576156,-0.0064230007502721,,,,,,,,,,,,
823350,2026-07-28,ARI,PIT,Brandon Pfaadt,Bubba Chandler,xw+plat_consol_v9,,0.3271580729788394,0.3181749142981665,0.3153904290184305,0.3103807435922576,0.0089831586806728,0.0050096854261729,0.0023469150035725,-0.0040531009619916,0.006400015965564,PIT,0.006400015965564,0.1189744142507399,PIT,0.1189744142507399,True,AGREE,graded,8.0,7.0,5.0,0.0,L,L,L,L,823350,401816292.0,-105.0,-115.0,-108.0,-111.0,0.5032696834946377,-110.0,-120.0,-120.0,-110.0,0.4898785425101215,2026-07-28T22:37:53.075556+00:00,2026-07-28T22:40:00Z,pregame,posted,posted,9.0,9.0,0.0,0.0,False,False,,,,,starter_bullpen_sequential,starter_bullpen_sequential,0.3153904290184305,0.3103807435922576,0.2971837918775717,0.3084100485079105,5.421875,5.214912280701755,8.0,7.0,1144.0,864.2045454545455,4.307692307692308,4.3907284768211925,4.024665889297554,4.323454270100803,0.3271049521289059,0.3211709302344215,0.3271580729788394,0.3181749142981665,5.3120849933530057e-05,-0.0029960159362549,0.6185889214258121,0.5831927043470216,0.3814110785741879,0.4168072956529783,0.3260279999493177,0.3120394138806038,0.0095443696792817,-0.004444216389432,0.3071574031574913,0.3129777742008754,-0.0093262271125446,-0.0035058560691604,0.3188305452736085,0.3124305293080443,0.0023469150035725,-0.0040531009619916,,,,,,,,,,,,
823598,2026-07-28,ATL,NYM,Chris Sale,Christian Scott,xw+plat_consol_v9,,0.3193040485685757,0.3289670751294183,0.2841658131161589,0.3110171510161822,-0.0096630265608426,-0.0268513379000233,-0.0289862002523652,-0.0013145312228562,-0.027671669029509,ATL,0.027671669029509,-0.1421203011705937,ATL,0.1421203011705937,True,AGREE,void,,,,,,,,,,,,,,,,,,,,,2026-07-28T14:26:21.838827+00:00,2026-07-28T23:10:00Z,pregame,projected,projected,0.0,0.0,0.0,0.0,False,False,,,,,starter_bullpen_sequential,starter_bullpen_sequential,0.2841658131161589,0.3110171510161822,0.2862465467587017,0.2972823703602001,5.565789473684211,4.529761904761904,7.0,7.0,850.5285714285715,872.6746411483253,,,,,0.3192987364835823,0.326770527984664,0.3193040485685757,0.3289670751294183,5.312084993380761e-06,0.0021965471447543,0.618421052631579,0.5033068783068783,0.381578947368421,0.4966931216931217,0.2866982235869577,0.3232849749529841,-0.0297854066830782,0.0068013446829481,0.2887926956122745,0.3069451555527494,-0.0276909346577614,-0.0095384747172865,0.2874974300176707,0.3151690990471797,-0.0289862002523652,-0.0013145312228562,,,,,,,,,,,,
823676,2026-07-28,KC,MIN,Seth Lugo,Taj Bradley,xw+plat_consol_v9,,0.320393650554917,0.3118291980354797,0.3477368331001729,0.3086322943666155,0.0085644525194372,0.0391045387335574,0.0244889029978299,-0.0122467487783707,0.0367356517762006,MIN,0.0367356517762006,0.1699243057133142,MIN,0.1699243057133142,True,AGREE,graded,2.0,3.0,0.0,1.0,W,W,W,W,823676,401816300.0,129.0,-156.0,158.0,-193.0,0.6295547070574253,124.0,-160.0,150.0,-195.0,0.623003194888179,2026-07-28T22:37:53.075556+00:00,2026-07-28T23:40:00Z,pregame,posted,posted,9.0,9.0,0.0,0.0,False,False,,,,,starter_bullpen_sequential,starter_bullpen_sequential,0.3477368331001729,0.3086322943666155,0.3177712807709505,0.3111960533900503,5.517857142857143,6.025,7.0,7.0,1014.0285714285716,804.1282051282051,4.240793201133144,4.194767441860465,4.317159447629709,4.3134797367150615,0.3224441153623539,0.3096937398681491,0.320393650554917,0.3118291980354797,-0.0020504648074368,0.0021354581673306,0.6088532344008835,0.6632399988242397,0.3911467655991165,0.3367600011757603,0.3520329733778292,0.3040933294340553,0.0355493431077932,-0.0123903008359806,0.3237560167909019,0.3045196035079022,0.0072723865208659,-0.0119640267621337,0.3409725332678659,0.3042368814916651,0.0244889029978299,-0.0122467487783707,,,,,,,,,,,,
823838,2026-07-28,PHI,MIA,Aaron Nola,Sandy Alcantara,xw+plat_consol_v9,,0.3227089804950599,0.3176002455963479,0.3193884574382671,0.3023615516146183,0.0051087348987119,0.0170269058236487,-0.0021718453346404,-0.0111992240305976,0.0090273786959572,MIA,0.0090273786959572,0.1892596532742537,MIA,0.1892596532742537,True,AGREE,graded,0.0,1.0,0.0,1.0,W,W,W,W,823838,401816296.0,-110.0,-110.0,114.0,-137.0,0.552982006111132,100.0,-130.0,114.0,-145.0,0.558797046641455,2026-07-28T22:37:53.075556+00:00,2026-07-28T22:40:00Z,pregame,posted,posted,9.0,9.0,0.0,0.0,False,False,,,,,starter_bullpen_sequential,starter_bullpen_sequential,0.3193884574382671,0.3023615516146183,0.2949787803189743,0.3103785766208114,5.392857142857142,6.657196969696969,9.0,8.0,1128.6521181001283,1123.5457516339868,4.384615384615385,4.162412993039443,4.295921191632566,4.254171432766966,0.3186292992201595,0.3165511088101593,0.3227089804950599,0.3176002455963479,0.0040796812749004,0.0010491367861886,0.6041040956307135,0.7354681099036751,0.3958959043692864,0.2645318900963249,0.3256709466895654,0.3034283415219898,0.0091873164195294,-0.0130552887480461,0.2969786525061573,0.310444753481896,-0.0195049777638786,-0.0060388767881399,0.3143117849353954,0.3052844062394382,-0.0021718453346404,-0.0111992240305976,,,,,,,,,,,,
824003,2026-07-28,HOU,LAA,Peter Lambert,Reid Detmers,xw+plat_consol_v9,,0.314044248290133,0.3278605548145588,0.2944423030237695,0.2886464806526198,-0.0138163065244257,0.0057958223711497,-0.0196155603652475,-0.0117941646641107,-0.0078213957011368,HOU,0.0078213957011368,0.0036727035193107,LAA,0.0036727035193107,True,DIVERGE,graded,3.0,2.0,2.0,2.0,W,T,L,T,824003,401816304.0,-115.0,-105.0,-114.0,-106.0,0.4913359902963091,-105.0,-125.0,-110.0,-120.0,0.5101214574898786,2026-07-29T01:03:17.420536+00:00,2026-07-29T01:38:00Z,pregame,posted,posted,9.0,9.0,0.0,0.0,False,False,,,,,starter_bullpen_sequential,starter_bullpen_sequential,0.2944423030237695,0.2886464806526198,0.3024495417413968,0.3071802320111352,5.828431372549019,5.392857142857142,8.0,8.0,1171.156862745098,1321.0526315789473,4.13265306122449,4.108333333333333,4.191692644704262,4.247603063151061,0.3195449123007571,0.3223598908039346,0.314044248290133,0.3278605548145588,-0.0055006640106241,0.0055006640106241,0.6443595354707942,0.5911742803259143,0.3556404645292058,0.4088257196740856,0.2921728104515803,0.2990227178931525,-0.0243108198184556,-0.0174609123768834,0.3053750748773217,0.3128837531462432,-0.0111085553927142,-0.0035998771237927,0.2968680699047884,0.3046894656059252,-0.0196155603652475,-0.0117941646641107,,,,,,,,,,,,
824243,2026-07-28,BAL,DET,Dean Kremer,Troy Melton,xw+plat_consol_v9,,0.3307479869783067,0.3183551521649156,0.3246885349000156,0.2894534613898917,0.012392834813391,0.0352350735101238,0.0138741965540757,-0.019369578997205,0.0332437755512807,DET,0.0332437755512807,0.221885259679854,DET,0.221885259679854,True,AGREE,graded,0.0,14.0,0.0,9.0,W,W,W,W,824243,401816294.0,123.0,-149.0,123.0,-149.0,0.5716276429198135,114.0,-145.0,124.0,-160.0,0.5795601552393274,2026-07-28T22:37:53.075556+00:00,2026-07-28T22:40:00Z,pregame,posted,posted,9.0,9.0,0.0,0.0,False,False,,,,,starter_bullpen_sequential,starter_bullpen_sequential,0.3246885349000156,0.2894534613898917,0.3027573778047694,0.3053903648948552,5.375,5.791666666666666,8.0,8.0,1184.0,1053.227485380117,4.0625,3.933333333333333,4.121148456462712,4.23583204195469,0.3316377612146945,0.3182409423375584,0.3307479869783067,0.3183551521649156,-0.0008897742363878,0.0001142098273571,0.593769618879962,0.6263467673451746,0.4062303811200379,0.3736532326548254,0.339322698053882,0.2911651407272327,0.022839067783846,-0.0253184895428032,0.3172542569760562,0.3070860803196212,0.0007706267060202,-0.0093975499504146,0.3303578268241117,0.2971140512728308,0.0138741965540757,-0.019369578997205,,,,,,,,,,,,
824490,2026-07-28,CLE,CIN,Slade Cecconi,Chase Burns,xw+plat_consol_v9,,0.3199990814098206,0.3159981864624818,0.3300240775261326,0.283595427818018,0.0040008949473387,0.0464286497081146,0.0064262542294621,-0.0210402168453858,0.0274664710748478,CIN,0.0274664710748478,0.1290583707679285,CIN,0.1290583707679285,True,AGREE,graded,6.0,5.0,5.0,5.0,L,T,L,T,824490,401901849.0,139.0,-168.0,136.0,-164.0,0.5944949619071024,130.0,-166.0,145.0,-188.0,0.6152818594710127,2026-07-28T14:26:21.838827+00:00,2026-07-28T17:40:00Z,pregame,projected,projected,0.0,0.0,0.0,0.0,False,False,,,,,starter_bullpen_sequential,starter_bullpen_sequential,0.3300240775261326,0.283595427818018,0.3032727104970734,0.3187898280199171,5.110416666666667,5.5,8.0,8.0,1087.0,1002.0,,,,,0.3221956285545749,0.3124683059843942,0.3199990814098206,0.3159981864624818,-0.0021965471447543,0.0035298804780876,0.5678240740740741,0.6111111111111112,0.4321759259259259,0.3888888888888888,0.3336899338565396,0.2831604301400419,0.0172063035865037,-0.033323200129994,0.3087462738552436,0.3147452443004629,-0.0077373564147923,-0.0017383859695729,0.3229098844994981,0.2954434134246501,0.0064262542294621,-0.0210402168453858,,,,,,,,,,,,
824569,2026-07-28,NYY,CWS,Gerrit Cole,Anthony Kay,xw+plat_consol_v9,,0.3291815746183623,0.3189337446585098,0.2981784874000101,0.3446550790937566,0.0102478299598524,-0.0464765916937465,-0.0087481900544404,0.0092366884223962,-0.0179848784768366,NYY,0.0179848784768366,-0.0225534087588673,NYY,0.0225534087588673,True,AGREE,graded,3.0,2.0,3.0,0.0,W,W,W,W,824569,401816301.0,-149.0,123.0,-125.0,104.0,0.4687499999999999,-145.0,114.0,-135.0,105.0,0.4592085979482169,2026-07-28T22:37:53.075556+00:00,2026-07-28T23:40:00Z,pregame,posted,posted,9.0,9.0,0.0,0.0,False,False,,,,,starter_bullpen_sequential,starter_bullpen_sequential,0.2981784874000101,0.3446550790937566,0.2948321270055519,0.2998674068038716,5.821969696969697,4.552631578947368,8.0,8.0,1362.9927234927236,1215.8847268673355,4.112903225806452,4.515254237288136,4.156466420435443,4.218963487950607,0.3256516941402747,0.3187903183636891,0.3291815746183623,0.3189337446585098,0.0035298804780876,0.0001434262948207,0.6444751009138142,0.5228004001410452,0.3555248990861858,0.4771995998589547,0.3101419934923881,0.3473232877705456,-0.0063416367776478,0.0308396575005097,0.3033729787680235,0.3020529877021915,-0.0131106515020124,-0.0144306425678444,0.3077354402155954,0.3257203186924322,-0.0087481900544404,0.0092366884223962,,,,,,,,,,,,
824976,2026-07-28,BOS,ATH,Jake Bennett,Gage Jump,xw+plat_consol_v9,,0.315422306850422,0.3188090366282123,0.288305054793324,0.3168503276145032,-0.0033867297777903,-0.0285452728211791,-0.0259099850099967,-0.0013057669767946,-0.0246042180332021,BOS,0.0246042180332021,-0.1804832710916911,BOS,0.1804832710916911,True,AGREE,graded,3.0,4.0,0.0,1.0,L,L,L,L,824976,401816302.0,-146.0,121.0,-157.0,130.0,0.4157903251900987,-145.0,114.0,-135.0,105.0,0.4592085979482169,2026-07-29T01:03:17.420536+00:00,2026-07-29T01:40:00Z,pregame,posted,posted,9.0,9.0,0.0,0.0,False,False,,,,,starter_bullpen_sequential,starter_bullpen_sequential,0.288305054793324,0.3168503276145032,0.3026275069225846,0.3142243184833715,6.308333333333334,4.651515151515152,7.0,8.0,1071.3103448275865,1065.1354395604396,3.859550561797753,4.298245614035087,4.147256314457522,4.361908245892167,0.3112576322156278,0.3131968188327276,0.315422306850422,0.3188090366282123,0.0041646746347941,0.0056122177954847,0.6856401730660707,0.5131626685187196,0.3143598269339293,0.4868373314812804,0.2873382278317394,0.319178428331107,-0.0291454024382965,0.002694798061071,0.2976303108242007,0.3109609709194221,-0.0188533194458351,-0.0055226593506138,0.2905736452600392,0.3151778632932412,-0.0259099850099967,-0.0013057669767946,,,,,,,,,,,,
822949,2026-07-28,TEX,TB,Cal Quantrill,Griffin Jax,xw+plat_consol_v9,,0.3183361175167289,0.3150382392213547,0.3321768576575866,0.3368902373894092,0.0032978782953742,-0.0047133797318226,-0.0008926320543837,0.0049862429128387,-0.0058788749672223,TEX,0.0058788749672223,0.0672268625210347,TB,0.0672268625210347,True,DIVERGE,graded,4.0,1.0,2.0,0.0,W,W,L,L,822949,401816297.0,149.0,-181.0,144.0,-175.0,0.6082621082621081,145.0,-188.0,145.0,-188.0,0.6152818594710127,2026-07-28T22:37:53.075556+00:00,2026-07-28T22:40:00Z,pregame,posted,posted,9.0,9.0,0.0,0.0,False,False,,,,,starter_bullpen_sequential,starter_bullpen_sequential,0.3321768576575866,0.3368902373894092,0.3010180030169191,0.3056755082847964,4.2,5.0625,8.0,8.0,960.4984023069128,1151.9594746716698,4.312499999999999,4.1234567901234565,4.16268819121064,4.029255549038898,0.314144882456968,0.3139253574152459,0.3183361175167289,0.3150382392213547,0.0041912350597609,0.0011128818061088,0.475476025307806,0.5681788222627187,0.5245239746921939,0.4318211777372813,0.3341212027471958,0.3353516487012826,0.0176375724771598,0.0188680184312466,0.2987935429535369,0.3032046021132768,-0.017690087316499,-0.0132790281567591,0.3155909982156522,0.3214698731828747,-0.0008926320543837,0.0049862429128387,,,,,,,,,,,,
823026,2026-07-28,CHC,STL,Colin Rea,Michael McGreevy,xw+plat_consol_v9,,0.3298490140475536,0.3238321259219628,0.3506127455996505,0.3480475866913422,0.0060168881255908,0.0025651589083082,0.0356648931943562,0.032319434455823,0.0033454587385332,STL,0.0033454587385332,0.0596056761020368,STL,0.0596056761020368,True,AGREE,graded,10.0,2.0,8.0,1.0,L,L,L,L,823026,401816299.0,-115.0,-105.0,-108.0,-112.0,0.5043297540699688,-115.0,-115.0,-110.0,-120.0,0.5101214574898786,2026-07-28T22:37:53.075556+00:00,2026-07-28T23:45:00Z,pregame,posted,posted,9.0,9.0,0.0,0.0,False,False,,,,,starter_bullpen_sequential,starter_bullpen_sequential,0.3506127455996505,0.3480475866913422,0.3201108247987041,0.326686898956696,5.247549019607844,6.01875,7.0,7.0,726.1351351351351,1206.975,4.37223974763407,3.970845481049562,4.131596650834597,4.351212596905258,0.3287414443264381,0.3248334539432112,0.3298490140475536,0.3238321259219628,0.0011075697211155,-0.0010013280212484,0.5967552507565591,0.6481828828881434,0.4032447492434409,0.3518171171118566,0.3654194321199933,0.3561289720548843,0.0489358018499573,0.0396453417848484,0.3325091247185959,0.3353059166300506,0.0160254944485599,0.0188222863600146,0.3521485234643922,0.348803064725859,0.0356648931943562,0.032319434455823,,,,,,,,,,,,
823923,2026-07-28,SEA,LAD,Luis Castillo,Justin Wrobleski,xw+plat_consol_v9,,0.3473794243552903,0.3147928253679649,0.3217395803230243,0.3128556546316863,0.0325865989873254,0.008883925691338,0.0305293389563868,-0.0112443770607264,0.0417737160171132,LAD,0.0417737160171132,0.2569451244214611,LAD,0.2569451244214611,True,AGREE,graded,7.0,6.0,4.0,5.0,L,W,L,W,823923,401816306.0,155.0,-189.0,193.0,-238.0,0.6735371955106535,140.0,-180.0,175.0,-230.0,0.6571428571428573,2026-07-29T01:03:17.420536+00:00,2026-07-29T02:10:00Z,pregame,posted,posted,9.0,9.0,0.0,0.0,False,False,,,,,starter_bullpen_sequential,starter_bullpen_sequential,0.3217395803230243,0.3128556546316863,0.3084492742694285,0.2911521306101526,5.661458333333334,6.572916666666667,7.0,8.0,952.0,925.6190476190476,4.404929577464788,3.975,4.305499492881101,4.091852208259303,0.3451297563606025,0.3147954814104615,0.3473794243552903,0.3147928253679649,0.0022496679946878,-2.656042496607114e-06,0.6343625911479892,0.7245798913449802,0.3656374088520108,0.2754201086550197,0.3531484712481404,0.3111842320875232,0.0366648409781044,-0.0052993981825127,0.336368180519735,0.2895991019848401,0.019884550249699,-0.0268845282851958,0.3470129692264228,0.3052392532093095,0.0305293389563868,-0.0112443770607264,,,,,,,,,,,,
824489,2026-07-28,CLE,CIN,Gavin Williams,Caleb Ferguson,xw+plat_consol_v9,,0.3215293082147554,0.3094810420434424,0.3127374391891506,0.3065585723041422,0.0120482661713129,0.0061788668850084,-0.0010201427035219,-0.0026076507957776,0.0015875080922557,CIN,0.0015875080922557,-0.0404135483465144,CLE,0.0404135483465144,False,,graded,0.0,2.0,0.0,2.0,W,W,,,824489,401816295.0,-122.0,102.0,-144.0,119.0,0.4362128146453089,-130.0,100.0,-166.0,130.0,0.4106205619018215,2026-07-28T22:37:53.075556+00:00,2026-07-28T23:10:00Z,pregame,posted,posted,9.0,9.0,0.0,0.0,False,True,,reliever_spot_start,,medium,starter_bullpen_sequential,opener_bullpen_sequential,0.3127374391891506,0.3065585723041422,0.3034270151734682,0.3212132200489814,5.964285714285714,0.8333333333333334,9.0,8.0,1131.0,1003.7142857142858,4.021108179419525,4.476190476190476,4.2337514376608105,4.294479738211966,0.3246395339783676,0.3107320380593787,0.3215293082147554,0.3094810420434424,-0.0031102257636122,-0.0012509960159363,0.6510849454460662,0.0961337923729527,0.3489150545539338,0.9038662076270472,0.3177233918529846,0.2997755881499644,0.0012397615829486,-0.0167080421200714,0.3112464449371807,0.3153756749828511,-0.0052371853328552,-0.0011079552871848,0.315463487566514,0.3138759794742583,-0.0010201427035219,-0.0026076507957776,,,,,,,,,,,,
822702,2026-07-29,TOR,WSH,Trey Yesavage,Zack Littell,xw+plat_consol_v10,,0.3300269968685912,0.2978923597325134,0.2903800771119197,0.364844896875842,0.0321346371360778,-0.0744648197639222,-0.0171864198400982,0.0046008222307971,-0.0217872420708953,TOR,0.0217872420708953,-0.0658969246280064,TOR,0.0658969246280064,True,AGREE,graded,5.0,2.0,0.0,1.0,W,L,W,L,822702,401816313.0,-120.0,100.0,-119.0,-101.0,0.4804509318389157,-130.0,100.0,-125.0,-105.0,0.4796954314720812,2026-07-29T16:54:44.525322+00:00,2026-07-29T17:05:00Z,pregame,posted,posted,9.0,9.0,0.0,0.0,False,False,,,,,starter_bullpen_sequential,starter_bullpen_sequential,0.2903800771119197,0.364844896875842,0.2846132017418918,0.3152830564037185,5.033854166666666,4.631410256410256,8.0,7.0,1189.137315270936,561.0961538461538,4.152941176470589,4.297029702970297,4.221202776705261,4.389077684980553,0.3276870234290162,0.2988299427338414,0.3300269968685912,0.2978923597325134,0.002339973439575,-0.000937583001328,0.5552948661732033,0.5093054443241692,0.4447051338267966,0.4906945556758307,0.3028560345368901,0.3434690340059133,-0.0135757147801062,0.0270372846889169,0.2947367105504074,0.297745146918521,-0.021695038766589,-0.0186866023984753,0.2992453294768982,0.3210325715477935,-0.0171864198400982,0.0046008222307971,,,,,,,,,,,,
822947,2026-07-29,TEX,TB,MacKenzie Gore,Casey Legumina,xw+plat_consol_v10,,0.3180690640576656,0.3106694993599018,0.3094099915245813,0.3291339471287707,0.0073995646977638,-0.0197239556041893,-0.0088547982551273,-0.0123874881730979,0.0035326899179705,TB,0.0035326899179705,-0.0277805111947783,TEX,0.0277805111947783,True,DIVERGE,graded,0.0,3.0,0.0,3.0,W,W,L,L,822947,401816312.0,113.0,-136.0,119.0,-144.0,0.5637871853546911,110.0,-140.0,110.0,-140.0,0.550561797752809,2026-07-29T22:08:54.894356+00:00,2026-07-29T22:40:00Z,pregame,posted,posted,9.0,9.0,0.0,0.0,False,True,,repeated_short_starts,,high,starter_bullpen_sequential,opener_bullpen_sequential,0.3094099915245813,0.3291339471287707,0.3057474579654122,0.3017058395187064,5.054924242424242,1.6666666666666667,9.0,7.0,1155.65202020202,910.8,4.305475504322766,4.168421052631579,4.171896325825432,3.9778596053748254,0.3136255049607201,0.3141143864780958,0.3180690640576656,0.3106694993599018,0.0044435590969455,-0.0034448871181939,0.5694019656704555,0.1923501644937666,0.4305980343295444,0.8076498355062334,0.3110109735408519,0.323140389033495,-0.0054207757761445,0.0067086397164985,0.3030359662133575,0.2994963207131849,-0.0133957831036388,-0.0169354286038114,0.3075769510618691,0.3040442611438985,-0.0088547982551273,-0.0123874881730979,,,,,,,,,,,,
823022,2026-07-29,CHC,STL,Matthew Boyd,Dustin May,xw+plat_consol_v10,,0.3254904416754489,0.3208555884939912,0.3211016616523111,0.3095585488571157,0.0046348531814576,0.0115431127951953,0.0127445990574256,0.0068187114304406,0.005925887626985,STL,0.005925887626985,-0.0729592957176843,CHC,0.0729592957176843,True,DIVERGE,graded,2.0,3.0,0.0,0.0,W,T,L,T,823022,401816314.0,-120.0,100.0,-108.0,-112.0,0.5043297540699688,-120.0,-110.0,105.0,-135.0,0.5407914020517831,2026-07-29T23:17:06.853952+00:00,2026-07-29T23:45:00Z,pregame,posted,posted,9.0,9.0,0.0,0.0,False,False,,,,,starter_bullpen_sequential,starter_bullpen_sequential,0.3211016616523111,0.3095585488571157,0.3212056658909774,0.3268558248275979,5.803030303030303,4.491666666666667,8.0,7.0,740.1351351351351,1229.9512195121952,4.169491525423729,4.240384615384615,4.145955434395264,4.351517780935367,0.3222739742119695,0.3217427066878823,0.3254904416754489,0.3208555884939912,0.0032164674634794,-0.000887118193891,0.6460766264721556,0.4926069310942333,0.3539233735278444,0.5073930689057666,0.3302940425526936,0.3138862980130195,0.0138622932356972,-0.0025454513039768,0.3271360307855404,0.3323417387911367,0.010704281468544,0.0159099894741403,0.3291763483744221,0.3232504607474371,0.0127445990574256,0.0068187114304406,,,,,,,,,,,,
823192,2026-07-29,MIL,SF,Thomas Pannone,Logan Webb,xw+plat_consol_v10,,0.3143609707400869,0.3317483262891263,0.3164317493169964,0.3111424066282409,-0.0173873555490394,0.0052893426887555,-0.010956721621108,0.0074562331572439,-0.0184129547783519,MIL,0.0184129547783519,-0.0034782184528657,MIL,0.0034782184528657,False,,graded,3.0,16.0,2.0,3.0,L,L,,,823192,401816320.0,-118.0,-102.0,-109.0,-111.0,0.5021645958699511,-120.0,-110.0,114.0,-145.0,0.558797046641455,2026-07-29T18:33:35.802084+00:00,2026-07-29T19:45:00Z,pregame,posted,posted,9.0,9.0,0.0,0.0,False,False,,,,,starter_bullpen_sequential,starter_bullpen_sequential,0.3164317493169964,0.3111424066282409,0.2939436051994092,0.3067043519514661,5.2,6.0625,7.0,7.0,1146.4458823529412,863.0,,4.097345132743363,4.072408674347624,4.25253023537014,0.3157553930508439,0.3294110088920479,0.3143609707400869,0.3317483262891263,-0.0013944223107569,0.0023373173970783,0.5777777777777778,0.6653857244017296,0.4222222222222221,0.3346142755982704,0.3143609707400869,0.3262029580131812,-0.0020707785769095,0.0097712086961848,0.2933153161617219,0.3192846173811153,-0.0231164331552744,0.0028528680641189,0.3054750276958883,0.3238879824742404,-0.010956721621108,0.0074562331572439,,,,,,,,,,,,
823351,2026-07-29,ARI,PIT,Eduardo Rodriguez,Jared Jones,xw+plat_consol_v10,,0.3263056363208151,0.3201847450062398,0.3369391321185118,0.2895886441257029,0.0061208913145753,0.0473504879928088,0.0144991957292736,-0.0168691530524724,0.031368348781746,PIT,0.031368348781746,0.0378433860815415,PIT,0.0378433860815415,True,AGREE,graded,3.0,0.0,2.0,0.0,L,L,L,L,823351,401816307.0,113.0,-136.0,118.0,-143.0,0.5619569528067202,114.0,-145.0,120.0,-154.0,0.5715249662618084,2026-07-29T15:54:39.611227+00:00,2026-07-29T16:35:00Z,pregame,posted,posted,9.0,9.0,0.0,0.0,False,False,,,,,starter_bullpen_sequential,starter_bullpen_sequential,0.3369391321185118,0.2895886441257029,0.2972653551262424,0.3023745876883651,5.648809523809524,4.933333333333334,8.0,6.0,1169.0,770.2045454545455,4.116847826086956,4.0,4.043182035231782,4.332193065407238,0.322082528751094,0.321154200517528,0.3263056363208151,0.3201847450062398,0.0042231075697211,-0.0009694555112881,0.6318554374696744,0.5283225726109488,0.3681445625303255,0.4716774273890511,0.347452928300102,0.2930232708197798,0.0310211789831055,-0.0234084784972165,0.3025738646511015,0.3068872487526273,-0.0138578846658948,-0.0095445005643691,0.3309309450462701,0.2995625962645239,0.0144991957292736,-0.0168691530524724,,,,,,,,,,,,
823596,2026-07-29,ATL,NYM,AJ Smith-Shawver,Sean Manaea,xw+plat_consol_v10,,0.3202422651846224,0.3282242162472931,0.3164317493169964,0.3224133646366869,-0.0079819510626706,-0.0059816153196904,-0.0094733658350797,0.0079998584505988,-0.0174732242856785,ATL,0.0174732242856785,-0.0801235551265032,ATL,0.0801235551265032,False,,graded,2.0,3.0,0.0,2.0,L,L,,,823596,401816308.0,-118.0,-102.0,-112.0,-108.0,0.4956702459300312,-130.0,100.0,-110.0,-120.0,0.5101214574898786,2026-07-29T16:54:44.525322+00:00,2026-07-29T17:10:00Z,pregame,posted,posted,9.0,9.0,0.0,0.0,False,False,,,,,starter_bullpen_sequential,starter_bullpen_sequential,0.3164317493169964,0.3224133646366869,0.2864919509705345,0.2979433417937985,5.2,5.541666666666666,8.0,8.0,863.5285714285715,920.6746411483252,,4.400778210116731,3.9902640151868254,4.10102323931451,0.318959396658726,0.3263065535646902,0.3202422651846224,0.3282242162472931,0.0012828685258964,0.0019176626826029,0.5777777777777778,0.6322899611419328,0.4222222222222221,0.3677100388580672,0.3202422651846224,0.3344287485182676,0.003810515867626,0.0179969992012712,0.2887804400992665,0.3072411830612059,-0.0276513092177299,-0.0091905662557904,0.3069583834819166,0.3244316077675953,-0.0094733658350797,0.0079998584505988,,,,,,,,,,,,
823598,2026-07-29,ATL,NYM,Chris Sale,Christian Scott,xw+plat_consol_v10,,0.3269275411644434,0.3300829836259418,0.2841563973352081,0.3110031669318049,-0.0031554424614984,-0.0268467695965968,-0.0241716940535244,0.0002741608973623,-0.0244458549508867,ATL,0.0244458549508867,-0.1158335324119717,ATL,0.1158335324119717,True,AGREE,graded,1.0,0.0,0.0,0.0,W,T,W,T,823598,401902545.0,-156.0,129.0,-184.0,151.0,0.3807787192963637,-166.0,130.0,-195.0,150.0,0.3769968051118211,2026-07-29T22:08:54.894356+00:00,2026-07-29T23:10:00Z,pregame,posted,posted,9.0,9.0,0.0,0.0,False,False,,,,,starter_bullpen_sequential,starter_bullpen_sequential,0.2841563973352081,0.3110031669318049,0.2866156380994216,0.2978252929098813,5.565789473684211,4.529761904761904,8.0,8.0,880.7979797979798,930.880701754386,4.063063063063063,4.278947368421053,3.999179676370993,4.091836411287661,0.3202608744977768,0.3278067552062871,0.3269275411644434,0.3300829836259418,0.0066666666666666,0.0022762284196547,0.6221536956707057,0.5144811674167091,0.3778463043292943,0.4855188325832908,0.293581641183173,0.3244202058723475,-0.0228501081338234,0.0079884565553511,0.2900839599711074,0.3085314387632666,-0.0263477893458889,-0.0079003105537297,0.292260055263472,0.3167059102143588,-0.0241716940535244,0.0002741608973623,,,,,,,,,,,,
823677,2026-07-29,KC,MIN,Randy Dobnak,Joe Ryan,xw+plat_consol_v10,,0.3138792985312642,0.3089698813361507,0.3282398607316646,0.294620935195279,0.0049094171951134,0.0336189255363856,0.0039330598968586,-0.0221561257498791,0.0260891856467377,MIN,0.0260891856467377,0.0493912303074858,MIN,0.0493912303074858,False,,graded,4.0,0.0,4.0,0.0,L,L,,,823677,401816315.0,141.0,-171.0,169.0,-206.0,0.6442439602855349,150.0,-195.0,190.0,-250.0,0.6744186046511629,2026-07-29T23:17:06.853952+00:00,2026-07-29T23:40:00Z,pregame,posted,posted,9.0,9.0,0.0,0.0,False,False,,,,,starter_bullpen_sequential,starter_bullpen_sequential,0.3282398607316646,0.294620935195279,0.3177560188031129,0.3112888032816372,4.666666666666667,5.416666666666667,7.0,7.0,1027.111111111111,816.1282051282051,4.2105263157894735,4.128279883381924,4.324323687365836,4.308413416203881,0.3135711976016493,0.3088583275512902,0.3138792985312642,0.3089698813361507,0.0003081009296148,0.0001115537848604,0.5118577443133361,0.5915745382966227,0.4881422556866639,0.4084254617033773,0.3255921615287827,0.287673394287751,0.0091604122117863,-0.0287583550292453,0.3148834956551954,0.3038384718806878,-0.001548253661801,-0.0125932774363085,0.320364809213855,0.2942756235671172,0.0039330598968586,-0.0221561257498791,,,,,,,,,,,,
823837,2026-07-29,PHI,MIA,Jesús Luzardo,Ryan Gusto,xw+plat_consol_v10,,0.3162846873423873,0.3171582718114882,0.2717736862589485,0.3191799798075683,-0.0008735844691009,-0.0474062935486198,-0.0375889908990091,-0.0010882349320115,-0.0365007559669975,PHI,0.0365007559669975,-0.01181492239924,PHI,0.01181492239924,True,AGREE,graded,6.0,8.0,6.0,3.0,L,W,L,W,823837,401816311.0,-156.0,129.0,-180.0,148.0,0.3854625550660792,-188.0,145.0,-195.0,150.0,0.3769968051118211,2026-07-29T15:54:39.611227+00:00,2026-07-29T16:10:00Z,pregame,posted,posted,9.0,9.0,0.0,0.0,False,False,,,,,starter_bullpen_sequential,starter_bullpen_sequential,0.2717736862589485,0.3191799798075683,0.2946728499170549,0.3103273445949424,5.934523809523809,3.654761904761905,9.0,8.0,1139.0075187969924,1129.579365079365,4.160762942779292,4.441176470588236,4.295802456357196,4.243759596168442,0.3139208095203422,0.3182127206826702,0.3162846873423873,0.3171582718114882,0.0023638778220451,-0.001054448871182,0.6521819192116447,0.417096168878886,0.3478180807883553,0.5829038311211139,0.2716473791641823,0.3199128121975613,-0.0447843701528141,0.0034810628805649,0.2923345706911324,0.3120739585674725,-0.024097178625864,-0.0043577907495239,0.2788427584179872,0.3153435143849848,-0.0375889908990091,-0.0010882349320115,,,,,,,,,,,,
823924,2026-07-29,SEA,LAD,Emerson Hancock,Eric Lauer,xw+plat_consol_v10,,0.347446552262553,0.3150571042501208,0.3193057878048631,0.3347156388603131,0.0323894480124322,-0.01540985105545,0.0276590880196502,-0.0008863301292943,0.0285454181489445,LAD,0.0285454181489445,-0.062038535771668,SEA,0.062038535771668,True,DIVERGE,graded,2.0,4.0,0.0,3.0,W,W,L,L,823924,401816321.0,129.0,-156.0,153.0,-186.0,0.6219831346321605,114.0,-145.0,124.0,-160.0,0.5795601552393274,2026-07-30T00:13:34.128576+00:00,2026-07-30T02:10:00Z,pregame,posted,posted,9.0,9.0,0.0,0.0,False,False,,,,,starter_bullpen_sequential,starter_bullpen_sequential,0.3193057878048631,0.3347156388603131,0.307664645679656,0.2891750757162337,5.287280701754385,5.528846153846153,7.0,8.0,967.0,924.6179401993356,3.930379746835443,4.029197080291971,4.295951596508073,4.115848961103542,0.3451703238428982,0.3150597602926175,0.347446552262553,0.3150571042501208,0.0022762284196548,-2.656042496662625e-06,0.5657673386986464,0.6092627025597017,0.4342326613013536,0.3907372974402983,0.3506022873170616,0.3332615647898111,0.0341705380000652,0.0168298154728147,0.335606985119155,0.2879212665429665,0.0191752358021586,-0.0285104827740298,0.3440908373366466,0.315545419187702,0.0276590880196502,-0.0008863301292943,,,,,,,,,,,,
824002,2026-07-29,HOU,LAA,Hayden Wesneski,Grayson Rodriguez,xw+plat_consol_v10,,0.317384310985222,0.3240522650291516,0.3164317493169964,0.3779341780828658,-0.0066679540439295,-0.0615024287658693,-0.0041924465534382,0.0365987705576436,-0.0407912171110818,HOU,0.0407912171110818,-0.2120568081279579,HOU,0.2120568081279579,False,,graded,7.0,4.0,2.0,3.0,W,L,,,824002,401816319.0,-136.0,113.0,-126.0,105.0,0.466652901094363,-125.0,-105.0,-125.0,-105.0,0.4796954314720812,2026-07-30T00:13:34.128576+00:00,2026-07-30T01:38:00Z,pregame,posted,posted,9.0,9.0,0.0,0.0,False,False,,,,,starter_bullpen_sequential,starter_bullpen_sequential,0.3164317493169964,0.3779341780828658,0.3019554772675241,0.3081453845356369,5.2,4.25,7.0,8.0,1164.1538461538462,1340.3333333333333,,4.769230769230769,4.1813468715639,4.254172538175136,0.3198305261246641,0.3274971521473455,0.317384310985222,0.3240522650291516,-0.0024462151394421,-0.0034448871181939,0.5777777777777778,0.5007647787719174,0.4222222222222221,0.4992352212280826,0.317384310985222,0.3870358353863994,0.0009525616682256,0.070604086069403,0.3051987651970707,0.3189210188313719,-0.0112329841199257,0.0024892695143755,0.3122393027635581,0.35303051987464,-0.0041924465534382,0.0365987705576436,,,,,,,,,,,,
824242,2026-07-29,BAL,DET,Trevor Rogers,Tarik Skubal,xw+plat_consol_v10,,0.3361089726616023,0.3213099940707281,0.3136414484704666,0.2764547325873043,0.0147989785908742,0.0371867158831623,0.010692057285325,-0.0273907812945808,0.0380828385799058,DET,0.0380828385799058,0.0905554411446575,DET,0.0905554411446575,True,AGREE,graded,10.0,9.0,0.0,5.0,L,W,L,W,824242,401816309.0,138.0,-167.0,161.0,-197.0,0.6338621990458227,145.0,-180.0,185.0,-245.0,0.6693026599568656,2026-07-29T16:54:44.525322+00:00,2026-07-29T17:10:00Z,pregame,posted,posted,9.0,9.0,0.0,0.0,False,False,,,,,starter_bullpen_sequential,starter_bullpen_sequential,0.3136414484704666,0.2764547325873043,0.3019819309892922,0.3063149776779926,5.879385964912281,6.041666666666666,8.0,8.0,1201.0,1059.7719298245613,4.196141479099678,3.8777777777777778,4.137166811018922,4.227437100760506,0.3307198624358388,0.314696448253995,0.3361089726616023,0.3213099940707281,0.0053891102257635,0.006613545816733,0.6564641788365385,0.6519723435901283,0.3435358211634615,0.3480276564098716,0.333145157706345,0.2807166748601616,0.0167134083893486,-0.0357150744568347,0.3156175791160515,0.3046351566501558,-0.0008141702009449,-0.0117965926668405,0.3271238066023214,0.2890409680224155,0.010692057285325,-0.0273907812945808,,,,,,,,,,,,
824487,2026-07-29,CLE,CIN,Joey Cantillo,Brady Singer,xw+plat_consol_v10,,0.3265914908755105,0.3161196034207423,0.3069881303159993,0.3373847922954867,0.0104718874547681,-0.0303966619794873,-0.0043067662312581,0.0122979212964455,-0.0166046875277036,CLE,0.0166046875277036,-0.019496866718296,CLE,0.019496866718296,True,AGREE,graded,6.0,1.0,4.0,0.0,W,W,W,W,824487,401816310.0,-137.0,114.0,-139.0,115.0,0.4443618109138236,-135.0,105.0,-130.0,100.0,0.4693877551020409,2026-07-29T22:08:54.894356+00:00,2026-07-29T23:10:00Z,pregame,posted,posted,9.0,9.0,0.0,0.0,False,False,,,,,starter_bullpen_sequential,starter_bullpen_sequential,0.3069881303159993,0.3373847922954867,0.3032065211306357,0.318642408118821,4.827651515151516,5.729166666666666,8.0,8.0,1108.0,1036.3229813664595,4.331306990881459,4.393548387096775,4.2261488050490765,4.27224133681129,0.3198982637838771,0.3115618344964395,0.3265914908755105,0.3161196034207423,0.0066932270916334,0.0045577689243028,0.5425119302625919,0.6430263856110385,0.4574880697374081,0.3569736143889614,0.3168446635882581,0.3370519771509859,0.0004129142712617,0.0206202278339895,0.3065281530282584,0.3137384710483305,-0.0099035962887379,-0.0026932782686658,0.3121249830857383,0.3287296706134419,-0.0043067662312581,0.0122979212964455,,,,,,,,,,,,
824567,2026-07-29,NYY,CWS,Cam Schlittler,Davis Martin,xw+plat_consol_v10,,0.3293703178954083,0.3171570257965685,0.2750376828157717,0.3193662076939603,0.0122132920988398,-0.0443285248781886,-0.0242120386842396,-0.0070206296202932,-0.0171914090639464,NYY,0.0171914090639464,-0.049284442863709,NYY,0.049284442863709,True,AGREE,graded,5.0,6.0,4.0,0.0,L,W,L,W,824567,401816316.0,-143.0,119.0,-145.0,120.0,0.4343971631205673,-154.0,124.0,-166.0,130.0,0.4106205619018215,2026-07-29T23:17:06.853952+00:00,2026-07-29T23:40:00Z,pregame,posted,posted,9.0,9.0,0.0,0.0,False,False,,,,,starter_bullpen_sequential,starter_bullpen_sequential,0.2750376828157717,0.3193662076939603,0.2948185361652851,0.2997757485859602,6.013257575757576,4.997916666666666,8.0,8.0,1374.9927234927236,1229.8847268673355,3.951406649616368,4.171171171171171,4.15522497302799,4.213976027098073,0.3258404374173206,0.3126576898071928,0.3293703178954083,0.3171570257965685,0.0035298804780876,0.0044993359893757,0.6568951614072776,0.5528014772745188,0.3431048385927224,0.4471985227254812,0.2862836906150536,0.3200982100904029,-0.0301480587019427,0.0036664607734065,0.3035845833743928,0.296200344040742,-0.0128471659426035,-0.0202314052762543,0.2922197106327567,0.3094111196967031,-0.0242120386842396,-0.0070206296202932,,,,,,,,,,,,
824973,2026-07-29,BOS,ATH,Patrick Sandoval,Jacob Lopez,xw+plat_consol_v10,,0.3119376473624127,0.322209739512528,0.3088486276323149,0.3070924749544766,-0.0102720921501153,0.0017561526778382,-0.0161530914587904,-0.0038776079833706,-0.0122754834754198,BOS,0.0122754834754198,-0.1429855524872168,BOS,0.1429855524872168,False,,graded,4.0,2.0,1.0,2.0,W,L,,,824973,401816317.0,-156.0,129.0,-150.0,124.0,0.4266211604095563,-140.0,110.0,-135.0,105.0,0.4592085979482169,2026-07-30T00:13:34.128576+00:00,2026-07-30T01:40:00Z,pregame,posted,posted,9.0,9.0,0.0,0.0,False,False,,,,,starter_bullpen_sequential,starter_bullpen_sequential,0.3088486276323149,0.3070924749544766,0.3016654348736715,0.3132990174653124,4.666666666666667,3.698717948717949,7.0,8.0,1079.6,1080.0782967032967,4.571428571428571,4.6701030927835046,4.151362845408623,4.369950182986237,0.3097729727276186,0.3155696332708282,0.3119376473624127,0.322209739512528,0.0021646746347941,0.0066401062416998,0.5425213069543077,0.4271391777430804,0.4574786930456923,0.5728608222569196,0.3044622244850049,0.312699931580553,-0.0119695248319914,-0.0037318177364434,0.2953173906590913,0.3124454365247507,-0.0211143586579051,-0.0039863127922457,0.3002786578582059,0.3125541413336258,-0.0161530914587904,-0.0038776079833706,,,,,,,,,,,,
823273,2026-07-29,COL,SD,Gabriel Hughes,Kyle Hart,xw+plat_consol_v10,,0.3160141407478731,0.307454763827427,0.2797015532864386,0.3039811520769517,0.0085593769204461,-0.0242795987905131,-0.018870772175737,-0.039383596556517,0.02051282438078,SD,0.02051282438078,-0.070690934384902,COL,0.070690934384902,False,,graded,1.0,3.0,0.0,3.0,W,W,,,823273,401816318.0,123.0,-149.0,161.0,-197.0,0.6338621990458227,114.0,-145.0,124.0,-160.0,0.5795601552393274,2026-07-29T19:55:04.188969+00:00,2026-07-29T20:10:00Z,pregame,posted,posted,9.0,9.0,0.0,0.0,False,True,,repeated_short_starts,,high,starter_bullpen_sequential,opener_bullpen_sequential,0.2797015532864386,0.3039811520769517,0.3207922651918454,0.2803007846245344,5.444444444444444,1.5,7.0,6.0,1170.411696813092,1027.4570273003033,3.9827586206896552,4.105263157894737,4.440575944254504,4.0739394689697255,0.3182106878926274,0.3085942060585027,0.3160141407478731,0.307454763827427,-0.0021965471447543,-0.0011394422310757,0.5786600080531492,0.1677331882694799,0.4213399919468508,0.8322668117305201,0.2793324191344402,0.2953573828212197,-0.0370993301825562,-0.0210743664957767,0.3225957180266055,0.2733581515618712,0.0061639687096091,-0.0430735977551251,0.2975609771412593,0.2770481527604793,-0.018870772175737,-0.039383596556517,,,,,,,,,,,,
822946,2026-07-30,TEX,TB,Cole Winn,Shane McClanahan,xw+plat_consol_v10,,0.3096564258963672,0.3118318593257221,0.3307844058279416,0.315283315677974,-0.0021754334293548,0.0155010901499675,-0.019316983837992,-0.0087836178132403,-0.0105333660247517,TEX,0.0105333660247517,0.192658471277357,TB,0.192658471277357,True,DIVERGE,graded,2.0,3.0,2.0,1.0,L,W,W,L,822946,401816324.0,103.0,-125.0,152.0,-185.0,0.6206070287539937,135.0,-175.0,150.0,-195.0,0.623003194888179,2026-07-30T10:36:08.610863+00:00,2026-07-30T16:10:00Z,pregame,projected,projected,0.0,0.0,0.0,0.0,True,False,reliever_spot_start,,medium,,opener_bullpen_sequential,starter_bullpen_sequential,0.3307844058279416,0.315283315677974,0.3000147409924443,0.3041276674554156,1.0,5.436403508771929,8.0,8.0,1003.65202020202,1052.75,4.415094339622641,4.135416666666667,4.133387627770159,3.985039107732992,0.3095740885789702,0.3149420850893343,0.3096564258963672,0.3118318593257221,8.233731739704098e-05,-0.0031102257636121,0.1177917754551853,0.6128690777280191,0.8822082245448146,0.3871309222719808,0.3237259844966977,0.3107233635688706,0.007317905577167,-0.00568471535066,0.2935348247748513,0.3027185716902122,-0.0228732541446793,-0.0136895072293183,0.2970910950815386,0.3076244611062903,-0.019316983837992,-0.0087836178132403,,,,,,,,,,,,
823023,2026-07-30,CHC,STL,Javier Assad,Andre Pallante,xw+plat_consol_v10,,0.3302333034496628,0.3222760752086597,0.326969082574456,0.2995866571036082,0.007957228241003,0.0273824254708477,0.0217207357884072,-0.000977701617469,0.0226984374058762,STL,0.0226984374058762,0.0308701873208996,STL,0.0308701873208996,True,AGREE,graded,4.0,2.0,1.0,1.0,L,T,L,T,823023,401816326.0,-102.0,-118.0,-106.0,-114.0,0.5086640097036909,100.0,-130.0,-105.0,-125.0,0.5203045685279188,2026-07-30T17:43:30.236301+00:00,2026-07-30T18:15:00Z,pregame,posted,posted,9.0,9.0,0.0,0.0,False,False,,,,,starter_bullpen_sequential,starter_bullpen_sequential,0.326969082574456,0.2995866571036082,0.3209778387102533,0.3253777138071199,5.260416666666666,5.814583333333333,8.0,8.0,751.1351351351351,1258.9512195121952,4.010204081632653,4.175074183976261,4.150796056096791,4.346471927018465,0.3291257337285473,0.3242760752086597,0.3302333034496628,0.3222760752086597,0.0011075697211154,-0.002,0.5760986224206645,0.6368119578068703,0.4239013775793355,0.3631880421931297,0.3412557625999455,0.3051426890423617,0.0248476836804148,-0.0112653898771689,0.333879169700286,0.3334687545085515,0.0174710907807553,0.0170606755890209,0.3381288147079379,0.3154303773020616,0.0217207357884072,-0.000977701617469,,,,,,,,,,,,
823595,2026-07-30,MIA,NYM,Eury Pérez,Nolan McLean,xw+plat_consol_v10,,0.3179051946640702,0.3219993275097815,0.3104845849538137,0.2952631004898541,-0.0040941328457113,0.0152214844639596,-0.0044546402141982,-0.0163526020187187,0.0118979618045205,NYM,0.0118979618045205,-0.048930679220109,MIA,0.048930679220109,True,DIVERGE,graded,2.0,4.0,1.0,0.0,W,L,L,W,823595,401816322.0,109.0,-131.0,114.0,-137.0,0.552982006111132,100.0,-130.0,-105.0,-125.0,0.5203045685279188,2026-07-30T22:41:55.594984+00:00,2026-07-30T23:10:00Z,pregame,posted,posted,9.0,9.0,0.0,0.0,False,False,,,,,starter_bullpen_sequential,starter_bullpen_sequential,0.3104845849538137,0.2952631004898541,0.3096250728553516,0.2979794921885947,5.972222222222222,5.8809523809523805,8.0,8.0,1142.611111111111,943.1333333333332,4.043918918918918,4.156424581005587,4.228290142970291,4.08862924142242,0.318787000772968,0.3177470034725968,0.3179051946640702,0.3219993275097815,-0.0008818061088977,0.0042523240371846,0.6535559263912543,0.6571538770497746,0.3464440736087457,0.3428461229502254,0.3119536731078157,0.3004806960708659,-0.0044544058117149,-0.0159273828486646,0.3119529965123675,0.2992404336277763,-0.0044550824071631,-0.0171676452917542,0.3119534387053324,0.3000554769008119,-0.0044546402141982,-0.0163526020187187,,,,,,,,,,,,
823674,2026-07-30,KC,MIN,Noah Cameron,Bailey Ober,xw+plat_consol_v10,,0.3200915836388017,0.3080294837567831,0.3358827362861311,0.3215086151401653,0.0120620998820186,0.0143741211459657,0.0152925776039835,-0.0073005119209144,0.0225930895248979,MIN,0.0225930895248979,0.0304083876459629,MIN,0.0304083876459629,True,AGREE,graded,3.0,4.0,3.0,0.0,W,L,W,L,823674,401816327.0,119.0,-143.0,109.0,-131.0,0.5423839616474178,110.0,-140.0,100.0,-130.0,0.5306122448979592,2026-07-30T10:36:08.610863+00:00,2026-07-30T17:40:00Z,pregame,projected,projected,0.0,0.0,0.0,0.0,False,False,,,,,starter_bullpen_sequential,starter_bullpen_sequential,0.3358827362861311,0.3215086151401653,0.3188163558247818,0.3105814437586275,5.1951754385964914,5.025,7.0,7.0,1034.1891891891892,816.1282051282051,4.393188854489164,4.222222222222222,4.318102411489428,4.308413416203881,0.318038462788868,0.3100002672893195,0.3200915836388017,0.3080294837567831,0.0020531208499336,-0.0019707835325364,0.581442988594352,0.5533443515931071,0.418557011405648,0.4466556484068928,0.3397929576953205,0.3129949560174469,0.0233848787757898,-0.0034131229020837,0.3204591490353491,0.3042916315824017,0.0040510701158185,-0.0121164473371289,0.3317006565235142,0.3091075669986162,0.0152925776039835,-0.0073005119209144,,,,,,,,,,,,
823921,2026-07-30,SEA,LAD,Bryan Woo,Roki Sasaki,xw+plat_consol_v10,,0.3396625846840861,0.3243880754370939,0.2954187963338314,0.3200797753345753,0.0152745092469921,-0.0246609790007439,0.0060875633309432,-0.001710585007638,0.0077981483385812,LAD,0.0077981483385812,-0.0420322529657044,SEA,0.0420322529657044,True,DIVERGE,graded,2.0,6.0,0.0,5.0,W,W,L,L,823921,401816330.0,129.0,-156.0,124.0,-150.0,0.5733788395904437,114.0,-145.0,120.0,-154.0,0.5715249662618084,2026-07-31T01:16:26.508758+00:00,2026-07-31T02:10:00Z,pregame,posted,posted,9.0,9.0,0.0,0.0,False,False,,,,,starter_bullpen_sequential,starter_bullpen_sequential,0.2954187963338314,0.3200797753345753,0.307855126579907,0.2907007134948254,5.454166666666667,5.159722222222222,7.0,8.0,978.0,938.6179401993356,4.11849710982659,4.259786476868327,4.286688131536235,4.12280735631442,0.3396041517491591,0.322196840377333,0.3396625846840861,0.3243880754370939,5.843293492696633e-05,0.0021912350597609,0.5964224392511249,0.5812782040584635,0.4035775607488751,0.4187217959415364,0.3171306885388666,0.3281523741798214,0.000722609619336,0.0117442952602907,0.3304241771601172,0.2960191525554868,0.0140160982405865,-0.0203889263640438,0.3224956422504739,0.3146974939118926,0.0060875633309432,-0.001710585007638,,,,,,,,,,,,
824488,2026-07-30,PIT,CIN,Yohan Ramírez,Rhett Lowder,xw+plat_consol_v10,,0.3238358858766601,0.3257943265757604,0.3061402525630835,0.3495978099160111,-0.0019584406991002,-0.0434575573529275,-0.0044357914893741,0.0285547123750557,-0.0329905038644298,PIT,0.0329905038644298,-0.1559830421884959,PIT,0.1559830421884959,True,AGREE,graded,2.0,3.0,1.0,2.0,L,L,L,L,824488,401816323.0,-118.0,-102.0,-126.0,104.0,0.4678701556806889,-120.0,-110.0,-120.0,-110.0,0.4898785425101215,2026-07-30T22:41:55.594984+00:00,2026-07-30T23:10:00Z,pregame,posted,posted,9.0,9.0,0.0,0.0,True,False,reliever_spot_start,,medium,,opener_bullpen_sequential,starter_bullpen_sequential,0.3061402525630835,0.3495978099160111,0.3007239437229522,0.3187484312417152,1.0,4.625,5.0,8.0,522.2045454545455,970.7083333333334,4.428571428571429,4.584415584415584,4.286422046612459,4.310577675560699,0.3280589934463812,0.3256827727908999,0.3238358858766601,0.3257943265757604,-0.0042231075697211,0.0001115537848604,0.1143744162899716,0.529256681343461,0.8856255837100283,0.4707433186565389,0.31332701816531,0.3599686311515263,-0.0030810607542206,0.0435605522319956,0.3117973302700277,0.3280917265578185,-0.0046107486495029,0.0116836476382878,0.3119722874301565,0.3449627912945864,-0.0044357914893741,0.0285547123750557,,,,,,,,,,,,
824568,2026-07-30,NYY,CWS,Ryan Weathers,Sean Burke,xw+plat_consol_v10,,0.3238338920504833,0.3204356143409014,0.3242748343380451,0.2928811132164142,0.0033982777095818,0.0313937211216309,-0.0002807977376869,-0.0188734589779153,0.0185926612402284,CWS,0.0185926612402284,0.093439076563306,CWS,0.093439076563306,True,AGREE,graded,1.0,2.0,0.0,0.0,W,T,W,T,824568,401816328.0,-106.0,-114.0,-110.0,-110.0,0.5,-105.0,-125.0,100.0,-130.0,0.5306122448979592,2026-07-30T17:43:30.236301+00:00,2026-07-30T18:10:00Z,pregame,posted,posted,9.0,9.0,0.0,0.0,False,False,,,,,starter_bullpen_sequential,starter_bullpen_sequential,0.3242748343380451,0.2928811132164142,0.2948925894212627,0.2996647237174838,4.691666666666666,5.9338235294117645,8.0,8.0,1397.074074074074,1252.9243316966722,4.222222222222222,4.073239436619718,4.158508163945969,4.208080175621131,0.3204979026746534,0.3159893992014592,0.3238338920504833,0.3204356143409014,0.0033359893758299,0.0044462151394422,0.5250893956328772,0.6519608478792989,0.4749106043671228,0.3480391521207011,0.3318852731457007,0.2966091756026772,0.0154771942261701,-0.0197989033168534,0.2987043085200391,0.2992681992593523,-0.0177037703994915,-0.0171398796601783,0.3161272811818437,0.2975346199416153,-0.0002807977376869,-0.0188734589779153,,,,,,,,,,,,
824894,2026-07-30,WSH,ATL,Jake Irvin,Grant Holmes,xw+plat_consol_v10,,0.3333203842092068,0.3315052488558223,0.3390634386949788,0.3298214710573814,0.0018151353533845,0.0092419676375973,0.0231280616268328,0.0073703462954852,0.0157577153313476,ATL,0.0157577153313476,0.0157591578550556,ATL,0.0157591578550556,True,AGREE,graded,4.0,5.0,3.0,3.0,W,T,W,T,824894,401816325.0,123.0,-149.0,134.0,-162.0,0.5913146565171273,110.0,-140.0,110.0,-140.0,0.550561797752809,2026-07-30T22:41:55.594984+00:00,2026-07-30T23:15:00Z,pregame,posted,posted,9.0,9.0,0.0,0.0,False,False,,,,,starter_bullpen_sequential,starter_bullpen_sequential,0.3390634386949788,0.3298214710573814,0.3092157022867063,0.286560905023084,4.511363636363637,4.925438596491228,6.0,8.0,434.8,890.8280098280098,4.412903225806453,4.335616438356165,4.342844103831785,3.990818985704273,0.3289883788971218,0.3259195914853043,0.3333203842092068,0.3315052488558223,0.0043320053120849,0.0055856573705179,0.5052632704688466,0.567710854366574,0.4947367295311534,0.432289145633426,0.3571866939777089,0.3455586507596017,0.0407786150581782,0.029150571840071,0.3215100353070007,0.2951751845898194,0.00510195638747,-0.0212328943297112,0.3395361405463635,0.3237784252150159,0.0231280616268328,0.0073703462954852,,,,,,,,,,,,
824974,2026-07-30,BOS,ATH,Sonny Gray,Mason Barnett,xw+plat_consol_v10,,0.3250440493560271,0.3150293568205902,0.3047133858605519,0.3254185750826979,0.0100146925354369,-0.0207051892221459,-0.005823078085675,-0.0001478519070294,-0.0056752261786456,BOS,0.0056752261786456,-0.0342712706670102,BOS,0.0342712706670102,True,AGREE,graded,5.0,4.0,3.0,3.0,W,T,W,T,824974,401816329.0,-163.0,135.0,-196.0,161.0,0.3665362326019119,-175.0,130.0,-200.0,154.0,0.3712871287128713,2026-07-31T01:16:26.508758+00:00,2026-07-31T01:40:00Z,pregame,posted,posted,9.0,9.0,0.0,0.0,False,True,,reliever_spot_start,,medium,starter_bullpen_sequential,opener_bullpen_sequential,0.3047133858605519,0.3254185750826979,0.3018704469664799,0.3145905839992088,5.896929824561404,1.0,7.0,7.0,1098.6,997.1679929266136,4.040625,4.256756756756756,4.144892628501091,4.389059241554843,0.3207943813613392,0.3171435666479474,0.3250440493560271,0.3150293568205902,0.0042496679946879,-0.0021142098273572,0.6494363043831117,0.1081239506649791,0.3505636956168882,0.8918760493350208,0.3130301639936593,0.3240005904901289,-0.0033779149258713,0.0075925115705983,0.3060552170999115,0.3153218469770601,-0.0103528618196191,-0.0010862319424705,0.3105850008338556,0.3162602270125011,-0.005823078085675,-0.0001478519070294,,,,,,,,,,,,
823271,2026-07-30,SF,SD,Robbie Ray,JP Sears,xw+plat_consol_v10,,0.3244340056201549,0.3130036447398038,0.3252047591389035,0.3183370735738567,0.011430360880351,0.0068676855650467,0.0085428699100911,-0.0164325848520205,0.0249754547621115,SD,0.0249754547621115,-0.0213793642860336,SF,0.0213793642860336,False,,graded,4.0,1.0,4.0,1.0,L,L,,,823271,401816331.0,109.0,-131.0,137.0,-166.0,0.5966152073033878,-105.0,-125.0,120.0,-154.0,0.5715249662618084,2026-07-31T01:16:26.508758+00:00,2026-07-31T01:40:00Z,pregame,posted,posted,9.0,9.0,0.0,0.0,False,False,,,,,starter_bullpen_sequential,starter_bullpen_sequential,0.3252047591389035,0.3183370735738567,0.3071505540035052,0.283428466251683,5.69375,4.933333333333334,7.0,7.0,879.0,1190.7309339596572,4.2,4.142857142857143,4.269272422008723,4.079740995458716,0.3199054531633156,0.3143396341156338,0.3244340056201549,0.3130036447398038,0.0045285524568393,-0.00133598937583,0.6288287862393684,0.5519477188758619,0.3711712137606315,0.4480522811241381,0.3334538201883428,0.3149118841234171,0.0170457412688121,-0.0014961947961135,0.3105456014378323,0.2815756180554653,-0.0058624774816983,-0.0348324608640653,0.3249509488296218,0.2999754940675101,0.0085428699100911,-0.0164325848520205,,,,,,,,,,,,
822782,2026-07-31,STL,TOR,Kyle Leahy,Dylan Cease,xw+plat_consol_v10,,0.3077090838070059,0.3289790827568995,0.3419961311586479,0.2700645274262131,-0.0212699989498936,0.0719316037324347,0.0096922588600681,-0.0306909782856275,0.0403832371456956,TOR,0.0403832371456956,0.1775433308539193,TOR,0.1775433308539193,True,AGREE,graded,1.0,3.0,1.0,0.0,W,L,W,L,822782,401816337.0,139.0,-168.0,163.0,-198.0,0.6360260888682611,145.0,-188.0,160.0,-210.0,0.6378504672897196,2026-07-31T22:44:38.039198+00:00,2026-07-31T23:07:00Z,pregame,posted,posted,9.0,9.0,0.0,0.0,False,False,,,,,starter_bullpen_sequential,starter_bullpen_sequential,0.3419961311586479,0.2700645274262131,0.3252017480723155,0.2857860948781253,5.025,6.5701754385964914,8.0,8.0,1274.9512195121952,1289.677315270936,4.2631578947368425,4.032352941176471,4.345910442591631,4.189477103095758,0.3079056309517602,0.327871513035784,0.3077090838070059,0.3289790827568995,-0.0001965471447543,0.0011075697211155,0.5535873009331728,0.722419619444918,0.4464126990668272,0.277580380555082,0.3329605456115359,0.2811040441268852,0.0169011278475286,-0.0349553736371219,0.3168121049365061,0.2964667846165656,0.0007526871724989,-0.0195926331474415,0.3257516766240753,0.2853684394783797,0.0096922588600681,-0.0306909782856275,,,,,,,,,,,,
822945,2026-07-31,CWS,TB,Erick Fedde,Nick Martinez,xw+plat_consol_v10,,0.3162527334497659,0.3268959052101934,0.3297608829376687,0.3201377692432822,-0.0106431717604275,0.0096231136943865,-0.0027402946400187,0.0070087398394209,-0.0097490344794396,CWS,0.0097490344794396,0.0891188195268967,TB,0.0891188195268967,True,DIVERGE,graded,6.0,1.0,4.0,1.0,W,W,L,L,822945,401816333.0,123.0,-149.0,119.0,-144.0,0.5637871853546911,120.0,-154.0,114.0,-145.0,0.558797046641455,2026-07-31T22:44:38.039198+00:00,2026-07-31T23:10:00Z,pregame,posted,posted,9.0,9.0,0.0,0.0,False,False,,,,,starter_bullpen_sequential,starter_bullpen_sequential,0.3297608829376687,0.3201377692432822,0.3002033985909975,0.3017891388670971,4.462121212121212,5.741666666666665,8.0,8.0,1272.9898148148147,1072.0515873015872,4.345890410958904,4.03125,4.20521426542153,3.9962467211008144,0.3120614983900049,0.3233660247321057,0.3162527334497659,0.3268959052101934,0.0041912350597609,0.0035298804780877,0.5040174145288159,0.6399747631612377,0.4959825854711841,0.3600252368387623,0.329962579035423,0.3311140880063739,0.0139031612714157,0.0150546702423667,0.2964060462075149,0.3087658479952181,-0.0196533715564922,-0.007293569768789,0.3133191231239884,0.3230681576034281,-0.0027402946400187,0.0070087398394209,,,,,,,,,,,,
823111,2026-07-31,MIN,SEA,Zebby Matthews,Bryce Miller,xw+plat_consol_v10,,0.3171433713501203,0.3163897654147012,0.3297182381298346,0.2710492905945074,0.000753605935419,0.0586689475353272,0.0072796627160705,-0.0312341617809617,0.0385138244970322,SEA,0.0385138244970322,0.1021606391554099,SEA,0.1021606391554099,True,AGREE,graded,5.0,3.0,2.0,3.0,L,W,L,W,823111,401816345.0,153.0,-186.0,144.0,-175.0,0.6082621082621081,145.0,-188.0,145.0,-188.0,0.6152818594710127,2026-08-01T01:18:11.463666+00:00,2026-08-01T02:10:00Z,pregame,posted,posted,9.0,9.0,0.0,0.0,False,False,,,,,starter_bullpen_sequential,starter_bullpen_sequential,0.3297182381298346,0.2710492905945074,0.3107777866598715,0.3070571854175679,5.5256410256410255,5.753787878787879,7.0,7.0,829.25,991.0,4.197368421052632,3.844660194174757,4.309214850368291,4.287347666773949,0.3170026010977963,0.3152503231836255,0.3171433713501203,0.3163897654147012,0.000140770252324,0.0011394422310757,0.6077087796825908,0.6138172458257469,0.3922912203174091,0.3861827541742531,0.330849035842354,0.2713325933260117,0.0147896180783467,-0.0447268244379954,0.3117052085698502,0.3062711360527167,-0.004354209194157,-0.0097882817112904,0.3233390804800777,0.2848252559830455,0.0072796627160705,-0.0312341617809617,,,,,,,,,,,,
823272,2026-07-31,SF,SD,Carson Whisenhunt,Bradgley Rodriguez,xw+plat_consol_v10,,0.3235704013887331,0.3197098495597345,0.335694262134136,0.2665304142054446,0.0038605518289985,0.0691638479286914,0.0131320559260875,-0.0328488725563338,0.0459809284824213,SD,0.0459809284824213,0.0825790378122833,SD,0.0825790378122833,False,,graded,0.0,7.0,0.0,6.0,W,W,,,823272,401816346.0,121.0,-146.0,129.0,-156.0,0.5825451699171612,120.0,-154.0,110.0,-140.0,0.550561797752809,2026-08-01T01:18:11.463666+00:00,2026-08-01T01:45:00Z,pregame,posted,posted,9.0,9.0,0.0,0.0,False,True,,repeated_short_starts,,high,starter_bullpen_sequential,opener_bullpen_sequential,0.335694262134136,0.2665304142054446,0.3082176022400599,0.2847763593047104,5.222222222222222,1.0,7.0,6.0,891.0,1014.0238095238096,4.276595744680851,4.187050359712231,4.265258171593015,4.0655875384686855,0.3169860720394635,0.3162649624415407,0.3235704013887331,0.3197098495597345,0.0065843293492696,0.0034448871181938,0.5808933297149957,0.1140520482839106,0.4191066702850042,0.8859479517160894,0.3436718573712652,0.2696087945474295,0.027612439607258,-0.0464506232165776,0.3091212651048062,0.2849615594969924,-0.006938152659201,-0.0310978582670147,0.3291914736900947,0.2832105452076733,0.0131320559260875,-0.0328488725563338,,,,,,,,,,,,
823593,2026-07-31,MIA,NYM,Janson Junk,Kodai Senga,xw+plat_consol_v10,,0.319097362385695,0.322901419551244,0.3114565908086555,0.3410950400557847,-0.0038040571655489,-0.0296384492471292,-0.0035355107756534,0.0015341719505521,-0.0050696827262055,MIA,0.0050696827262055,-0.203019483838479,MIA,0.203019483838479,True,AGREE,graded,5.0,2.0,4.0,1.0,W,W,W,W,823593,401816334.0,108.0,-131.0,-101.0,-120.0,0.5205006473888649,105.0,-135.0,-115.0,-115.0,0.5,2026-07-31T22:44:38.039198+00:00,2026-07-31T23:10:00Z,pregame,posted,posted,9.0,9.0,0.0,0.0,False,False,,,,,starter_bullpen_sequential,starter_bullpen_sequential,0.3114565908086555,0.3410950400557847,0.3083891538801763,0.2906134335993375,4.931547619047619,3.482142857142857,8.0,7.0,1152.0403659473427,787.9333333333334,4.289592760180995,4.770491803278689,4.230189972733892,4.076084006113858,0.3178702707522289,0.3205933186216291,0.319097362385695,0.322901419551244,0.0012270916334661,0.0023081009296148,0.5514015341325706,0.4248171765776822,0.4485984658674293,0.5751828234223177,0.3144502933270943,0.3484790088366861,-0.0016091244369129,0.0324195910726788,0.3101560603207117,0.2947823095187899,-0.0059033574432955,-0.0212771082452172,0.3125239069883537,0.3175935897145593,-0.0035355107756534,0.0015341719505521,,,,,,,,,,,,
823922,2026-07-31,BOS,LAD,Ranger Suarez,Edgardo Henriquez,xw+plat_consol_v10,,0.3380502066203567,0.3114070790135692,0.2897330789743395,0.2783269211018614,0.0266431276067874,0.011406157872478,-0.0022701626660729,-0.0244630459128402,0.0221928832467672,LAD,0.0221928832467672,0.0762579546938804,LAD,0.0762579546938804,True,AGREE,graded,9.0,4.0,3.0,4.0,L,W,L,W,823922,401816342.0,-104.0,-116.0,114.0,-137.0,0.552982006111132,-105.0,-125.0,105.0,-135.0,0.5407914020517831,2026-08-01T01:18:11.463666+00:00,2026-08-01T02:10:00Z,pregame,posted,posted,9.0,9.0,0.0,0.0,False,True,,reliever_spot_start,,medium,starter_bullpen_sequential,opener_bullpen_sequential,0.2897330789743395,0.2783269211018614,0.3001332062548059,0.2956284335816434,5.152777777777778,0.8333333333333334,7.0,6.0,1105.6,730.6168831168832,4.101398601398602,4.023809523809524,4.139931324717784,4.1755243496840535,0.3358855319855626,0.31357440969086,0.3380502066203567,0.3114070790135692,0.0021646746347941,-0.0021673306772908,0.5702407311011161,0.0895295070721477,0.4297592688988839,0.9104704929278522,0.3098921332733705,0.2742299980312154,-0.0061672844906366,-0.0418294197327918,0.3189602839953986,0.2933040635334433,0.0029008662313914,-0.0227553542305639,0.3137892550979342,0.291596371851167,-0.0022701626660729,-0.0244630459128402,,,,,,,,,,,,
823999,2026-07-31,MIL,LAA,Shane Drohan,Ryan Johnson,xw+plat_consol_v10,,0.3312676036725993,0.3296722951114194,0.2904795062814495,0.3310620822712828,0.0015953085611798,-0.0405825759898333,-0.0122074031667873,0.0160625754023017,-0.028269978569089,MIL,0.028269978569089,-0.1752815138109182,MIL,0.1752815138109182,True,AGREE,graded,6.0,2.0,6.0,2.0,W,W,W,W,823999,401816344.0,-168.0,139.0,-179.0,147.0,0.3868927932550303,-175.0,135.0,-180.0,140.0,0.3932584269662921,2026-08-01T01:18:11.463666+00:00,2026-08-01T01:38:00Z,pregame,posted,posted,9.0,9.0,0.0,0.0,False,False,,,,,starter_bullpen_sequential,starter_bullpen_sequential,0.2904795062814495,0.3310620822712828,0.295735255441744,0.3069695576057243,5.704545454545455,4.510416666666667,7.0,7.0,1174.1540616246498,1188.2,4.170731707317073,4.5360000000000005,4.113857687226927,4.252502256224438,0.3235996089846843,0.3273934106492681,0.3312676036725993,0.3296722951114194,0.007667994687915,0.0022788844621513,0.6370191149293384,0.5172850164759047,0.3629808850706616,0.4827149835240952,0.3044568348654782,0.3453211337883077,-0.0116025828985289,0.0292617160243005,0.3027905755853493,0.3179775851674683,-0.0132688421786579,0.0019181674034611,0.3038520145972198,0.3321219931663089,-0.0122074031667873,0.0160625754023017,,,,,,,,,,,,
824164,2026-07-31,TEX,HOU,Nathan Eovaldi,Hunter Brown,xw+plat_consol_v10,,0.3240599453527893,0.3176861720097894,0.3084924905706766,0.303353139254669,0.0063737733429999,0.0051393513160076,-9.506815159571191e-05,-0.0127952434985326,0.0127001753469368,HOU,0.0127001753469368,0.1053380010068632,HOU,0.1053380010068632,True,AGREE,graded,2.0,11.0,0.0,6.0,W,W,W,W,824164,401816340.0,113.0,-136.0,109.0,-131.0,0.5423839616474178,105.0,-135.0,-115.0,-115.0,0.5,2026-07-31T23:46:03.632839+00:00,2026-08-01T00:15:00Z,pregame,posted,posted,9.0,9.0,0.0,0.0,False,False,,,,,starter_bullpen_sequential,starter_bullpen_sequential,0.3084924905706766,0.303353139254669,0.3043591920897039,0.3003926867855003,5.918749999999999,5.416666666666666,8.0,7.0,1042.2325757575757,1176.1509433962265,4.14441416893733,4.25531914893617,4.195387754740835,4.171743152231378,0.3274463995360562,0.316403303483893,0.3240599453527893,0.3176861720097894,-0.0033864541832668,0.0012828685258964,0.6548813029593525,0.6065952891060412,0.3451186970406474,0.3934047108939588,0.3163014737650508,0.304914494428785,0.0002420560010436,-0.0111449233352222,0.315324638387744,0.3007195264540489,-0.0007347793762631,-0.0153398913099582,0.3159643496124115,0.3032641742654745,-9.506815159571191e-05,-0.0127952434985326,,,,,,,,,,,,
824325,2026-07-31,KC,COL,Michael Wacha,Tomoyuki Sugano,xw+plat_consol_v10,,0.3100856275321058,0.312369033347061,0.3176958335053303,0.3833781025275262,-0.0022834058149552,-0.0656822690221958,-0.0035468509030465,0.0368055779397407,-0.0403524288427872,KC,0.0403524288427872,-0.0781870157010418,KC,0.0781870157010418,True,AGREE,graded,1.0,3.0,0.0,3.0,L,L,L,L,824325,401816341.0,-120.0,100.0,-108.0,-112.0,0.5043297540699688,-120.0,-110.0,-115.0,-115.0,0.5,2026-07-31T23:46:03.632839+00:00,2026-08-01T00:40:00Z,pregame,posted,posted,9.0,9.0,0.0,0.0,False,False,,,,,starter_bullpen_sequential,starter_bullpen_sequential,0.3176958335053303,0.3833781025275262,0.3195503987745244,0.3216742593448726,6.279761904761905,5.458333333333333,7.0,7.0,1040.1891891891892,1179.7523939808482,4.065491183879093,4.21875,4.332444549366562,4.425471791623878,0.3108585358986396,0.3091206933736214,0.3100856275321058,0.312369033347061,-0.0007729083665338,0.0032483399734395,0.6841727979847483,0.5950081236166715,0.3158272020152517,0.4049918763833284,0.3116911136322874,0.3789016892462032,-0.0043683041317197,0.062842271482196,0.3142920714453944,0.3146122675052808,-0.0017673463186128,-0.0014471502587263,0.3125125668609607,0.3528649957037479,-0.0035468509030465,0.0368055779397407,,,,,,,,,,,,
824407,2026-07-31,ARI,CLE,Mitch Bratt,Tanner Bibee,xw+plat_consol_v10,,0.3092645391496392,0.3189246593036616,0.3286493885672357,0.3243703963547553,-0.0096601201540224,0.0042789922124804,-0.0104110978709228,0.003489365004513,-0.0139004628754358,ARI,0.0139004628754358,0.0956060683229356,CLE,0.0956060683229356,False,,graded,4.0,1.0,0.0,1.0,W,L,,,824407,401816332.0,113.0,-136.0,113.0,-136.0,0.551057677674631,114.0,-140.0,110.0,-140.0,0.550561797752809,2026-07-31T22:44:38.039198+00:00,2026-07-31T23:10:00Z,pregame,posted,posted,9.0,9.0,0.0,0.0,False,False,,,,,starter_bullpen_sequential,starter_bullpen_sequential,0.3286493885672357,0.3243703963547553,0.297140373528821,0.3021116393006349,3.9166666666666665,5.839015151515152,8.0,8.0,1173.0,1129.0,4.914893617021277,4.08,4.042996985686773,4.223772514371578,0.3092326666396791,0.3198117774975527,0.3092645391496392,0.3189246593036616,3.1872509960118034e-05,-0.0008871181938911,0.4836452367858171,0.6408480462807526,0.5163547632141829,0.3591519537192473,0.3215838414691642,0.3273109811993549,0.005524423705157,0.0112515634353477,0.2907222658406464,0.3056984064925987,-0.0253371519233607,-0.0103610112714084,0.3056483198930844,0.3195487827685202,-0.0104110978709228,0.003489365004513,,,,,,,,,,,,
824486,2026-07-31,PIT,CIN,Paul Skenes,Hunter Greene,xw+plat_consol_v10,,0.3229869954542979,0.3240893497898787,0.2711626131803402,0.3237832050329934,-0.0011023543355808,-0.0526205918526532,-0.0260972923104204,0.0134819025028716,-0.039579194813292,PIT,0.039579194813292,-0.1292929422336614,PIT,0.1292929422336614,False,,graded,7.0,8.0,4.0,5.0,L,L,,,824486,401816336.0,-126.0,104.0,-126.0,105.0,0.466652901094363,-135.0,105.0,-145.0,114.0,0.4412029533585449,2026-07-31T21:42:16.064287+00:00,2026-07-31T22:10:00Z,pregame,posted,posted,9.0,9.0,0.0,0.0,False,False,,,,,starter_bullpen_sequential,starter_bullpen_sequential,0.2711626131803402,0.3237832050329934,0.2987531330554985,0.3178276771213543,5.515151515151516,5.416666666666667,6.0,8.0,740.6444444444444,984.7083333333334,4.060773480662983,4.338461538461538,4.273969797502915,4.315109244301419,0.3272101030240191,0.3239777960050181,0.3229869954542979,0.3240893497898787,-0.0042231075697212,0.0001115537848606,0.6005854156570314,0.6031444389866337,0.3994145843429686,0.3968555610133663,0.277106116091276,0.3320093706885761,-0.0389533016727312,0.0159499529245689,0.3092932466224726,0.3257903563565224,-0.0067661711415346,0.0097309385925152,0.2899621254535868,0.3295413202668788,-0.0260972923104204,0.0134819025028716,,,,,,,,,,,,
824651,2026-07-31,NYY,CHC,Will Warren,Shota Imanaga,xw+plat_consol_v10,,0.3199949761131308,0.3171959211712467,0.3266471668661831,0.2994172773022158,0.0027990549418841,0.0272298895639673,6.986112697332514e-05,-0.0089338627380628,0.0090037238650361,CHC,0.0090037238650361,0.0916325634641671,CHC,0.0916325634641671,True,AGREE,graded,2.0,0.0,2.0,0.0,L,L,L,L,824651,401816339.0,113.0,-136.0,143.0,-174.0,0.6067851094974311,114.0,-145.0,120.0,-154.0,0.5715249662618084,2026-07-31T17:48:47.715635+00:00,2026-07-31T18:20:00Z,pregame,posted,posted,9.0,9.0,0.0,0.0,False,False,,,,,starter_bullpen_sequential,starter_bullpen_sequential,0.3266471668661831,0.2994172773022158,0.2942373703821218,0.3198023489561248,4.775,5.785714285714286,8.0,7.0,1413.074074074074,710.0526315789474,4.411764705882353,4.024793388429752,4.160645936712724,4.120153220780336,0.3207997569896247,0.3150551509189227,0.3199949761131308,0.3171959211712467,-0.0008047808764939,0.002140770252324,0.5451216963536899,0.6374630444013636,0.4548783036463101,0.3625369555986364,0.3307145634141881,0.3004939380081292,0.0146551456501809,-0.015565479755878,0.2986504170121906,0.3187861890887528,-0.0174090007518166,0.0027267713247455,0.3161292788909805,0.3071255550259443,6.986112697332514e-05,-0.0089338627380628,,,,,,,,,,,,
824892,2026-07-31,WSH,ATL,Foster Griffin,Bryce Elder,xw+plat_consol_v10,,0.3272144749809728,0.335152768148834,0.3076793685749595,0.3093919547088095,-0.0079382931678612,-0.00171258613385,0.0024983500537798,0.0019147233544171,0.0005836266993627,ATL,0.0005836266993627,-0.104096613312529,WSH,0.104096613312529,True,DIVERGE,graded,2.0,6.0,1.0,2.0,W,W,L,L,824892,401816338.0,109.0,-131.0,103.0,-124.0,0.5291347851677457,-125.0,-105.0,-130.0,100.0,0.4693877551020409,2026-07-31T22:44:38.039198+00:00,2026-07-31T23:15:00Z,pregame,posted,posted,9.0,9.0,0.0,0.0,False,False,,,,,starter_bullpen_sequential,starter_bullpen_sequential,0.3076793685749595,0.3093919547088095,0.3076630201132488,0.28687358151652,6.297619047619048,5.25625,7.0,8.0,441.8,907.7522522522522,4.024193548387097,4.214076246334311,4.315028492831358,3.990392049607368,0.3272941562558731,0.3338114666880106,0.3272144749809728,0.335152768148834,-7.968127490037835e-05,0.0013413014608233,0.6848732869064844,0.5972142121514932,0.3151267130935156,0.4027857878485068,0.3185386588477025,0.3280825194111485,0.0024792410836953,0.0120231016471413,0.3185992978519205,0.3029863551529248,0.0025398800879133,-0.0130730626110823,0.318557767817787,0.3179741411184243,0.0024983500537798,0.0019147233544171,,,,,,,,,,,,
824975,2026-07-31,DET,ATH,Tyler Holton,Jeffrey Springs,xw+plat_consol_v10,,0.3125029107693731,0.3339934891485728,0.3093419992571453,0.3340750300114503,-0.0214905783791997,-0.0247330307543049,-0.0152565274955019,0.025564717279721,-0.0408212447752229,DET,0.0408212447752229,-0.1177875601514327,DET,0.1177875601514327,True,AGREE,graded,13.0,1.0,2.0,1.0,W,W,W,W,824975,401816343.0,-168.0,139.0,-143.0,118.0,0.4380430471932797,-154.0,120.0,-145.0,114.0,0.4412029533585449,2026-08-01T01:18:11.463666+00:00,2026-08-01T01:40:00Z,pregame,posted,posted,9.0,9.0,1.0,0.0,True,False,repeated_short_starts,,high,,opener_bullpen_sequential,starter_bullpen_sequential,0.3093419992571453,0.3340750300114503,0.3035894937442519,0.3152459359282381,0.8333333333333334,4.523809523809524,7.0,9.0,949.202564102564,1130.7950199536406,4.246478873239437,4.413461538461538,4.236736462432408,4.369151806277957,0.3126197766392271,0.3308301425350269,0.3125029107693731,0.3339934891485728,-0.0001168658698539,0.0031633466135458,0.0927857543258546,0.5051679471199474,0.9072142456741452,0.4948320528800526,0.3058610810428568,0.3530313562567256,-0.0101983367211503,0.0369719384927184,0.3002855614801179,0.3299786434290009,-0.0157738562838892,0.0139192256649937,0.3008028902685052,0.3416241350437283,-0.0152565274955019,0.025564717279721,,,,,,,,,,,,
824809,2026-07-31,PHI,BAL,Andrew Painter,Brandon Young,xw+plat_consol_v10,,0.3188851374319295,0.3200593057902101,0.339994841544864,0.313594061701749,-0.0011741683582806,0.0264007798431149,0.0052368066047556,-0.0037185272016606,0.0089553338064162,BAL,0.0089553338064162,0.1301244271287588,BAL,0.1301244271287588,True,AGREE,graded,4.0,6.0,3.0,2.0,W,L,W,L,824809,401816335.0,105.0,-126.0,100.0,-121.0,0.5226781857451405,-130.0,100.0,-110.0,-120.0,0.5101214574898786,2026-07-31T22:44:38.039198+00:00,2026-07-31T23:05:00Z,pregame,posted,posted,9.0,9.0,0.0,0.0,False,False,,,,,starter_bullpen_sequential,starter_bullpen_sequential,0.339994841544864,0.313594061701749,0.2954490987356872,0.3010309711463624,4.510416666666667,5.946078431372548,8.0,8.0,1137.0075187969924,1224.0,4.6,4.24914675767918,4.309302980135563,4.131157162441622,0.3187709276045722,0.3169543921115911,0.3188851374319295,0.3200593057902101,0.0001142098273572,0.0031049136786189,0.5174703282163367,0.6669596815810073,0.4825296717836633,0.3330403184189927,0.3430345551453705,0.317562749429402,0.0269751373813633,0.0015033316653947,0.2979837902955067,0.3018833899697288,-0.0180756274685004,-0.0141760277942783,0.3212962243687628,0.3123408905623466,0.0052368066047556,-0.0037185272016606,,,,,,,,,,,,
822781,2026-08-01,STL,TOR,Quinn Mathews,Kevin Gausman,xw+plat_consol_v10,,0.3134738370743951,0.3299571849852649,0.3160594177640072,0.3084730760591881,-0.0164833479108698,0.007586341704819,-0.0041999014307151,-0.0038418030816203,-0.0003580983490947,STL,0.0003580983490947,0.0044115499967823,TOR,0.0044115499967823,False,,graded,1.0,5.0,0.0,2.0,L,L,,,822781,401816352.0,117.0,-141.0,147.0,-179.0,0.6131072067449697,124.0,-160.0,120.0,-154.0,0.5715249662618084,2026-08-01T18:14:19.406499+00:00,2026-08-01T19:07:00Z,pregame,posted,posted,9.0,9.0,0.0,0.0,False,False,,,,,starter_bullpen_sequential,starter_bullpen_sequential,0.3160594177640072,0.3084730760591881,0.3202053582775043,0.2857037657193438,5.2,5.407196969696971,7.0,8.0,1084.0,1301.422142857143,,4.232876712328767,4.274906052005756,4.183777590525796,0.305641167751686,0.3288496152641494,0.3134738370743951,0.3299571849852649,0.0078326693227091,0.0011075697211155,0.5777777777777778,0.6035946153441941,0.4222222222222221,0.3964053846558059,0.3134738370743951,0.3220372566029142,-0.002585580689612,0.005977838838907,0.3096504458454666,0.2972655398184572,-0.0064089719185406,-0.0187938779455499,0.311859516333292,0.3122176146823868,-0.0041999014307151,-0.0038418030816203,,,,,,,,,,,,
822944,2026-08-01,CWS,TB,Jordan Hicks,Drew Rasmussen,xw+plat_consol_v10,,0.3039036612420529,0.3277966383711213,0.2917465897738427,0.2826177027391479,-0.0238929771290683,0.0091288870346948,-0.0236152951476116,-0.0159501039247682,-0.0076651912228434,CWS,0.0076651912228434,0.042559440738126,TB,0.042559440738126,True,DIVERGE,graded,0.0,1.0,0.0,1.0,L,L,W,W,822944,401816348.0,150.0,-182.0,142.0,-172.0,0.6047890270835755,140.0,-180.0,150.0,-195.0,0.623003194888179,2026-08-01T19:37:19.900145+00:00,2026-08-01T20:10:00Z,pregame,posted,posted,9.0,9.0,0.0,0.0,True,False,reliever_spot_start,,medium,,opener_bullpen_sequential,starter_bullpen_sequential,0.2917465897738427,0.2826177027391479,0.301484623908155,0.3019513445845087,1.0,5.254166666666666,7.0,8.0,1150.9898148148147,1076.0515873015872,4.419354838709677,3.94311377245509,4.173503840410594,3.996240248449815,0.3082356665541379,0.3242667578930335,0.3039036612420529,0.3277966383711213,-0.0043320053120849,0.0035298804780877,0.1168913103357296,0.5805408508154517,0.8831086896642704,0.4194591491845483,0.2805259131792623,0.2931130277890788,-0.0355335045847449,-0.0229463899749283,0.2940216579008595,0.3097923303236912,-0.0220377598631477,-0.0062670874403159,0.2924441226163955,0.300109313839239,-0.0236152951476116,-0.0159501039247682,,,,,,,,,,,,
823109,2026-08-01,MIN,SEA,Connor Prielipp,Logan Gilbert,xw+plat_consol_v10,,0.3186448717285231,0.3141642189156785,0.3122280140203901,0.2993656741214777,0.0044806528128446,0.0128623398989123,-0.0017870981436308,-0.0151617743505109,0.01337467620688,SEA,0.01337467620688,0.0220508702997926,SEA,0.0220508702997926,True,AGREE,graded,3.0,4.0,1.0,3.0,W,W,W,W,823109,401816360.0,147.0,-178.0,142.0,-172.0,0.6047890270835755,130.0,-166.0,140.0,-180.0,0.6067415730337079,2026-08-01T19:37:19.900145+00:00,2026-08-01T20:10:00Z,pregame,posted,posted,9.0,9.0,0.0,0.0,False,False,,,,,starter_bullpen_sequential,starter_bullpen_sequential,0.3122280140203901,0.2993656741214777,0.310861609608578,0.3070279085503519,5.520833333333333,6.3273809523809526,7.0,7.0,843.3658536585366,1006.0,4.313364055299539,3.946949602122016,4.292449203658835,4.284394578613707,0.3187006486209534,0.3172186677868605,0.3186448717285231,0.3141642189156785,-5.57768924303037e-05,-0.003054448871182,0.6145779149663845,0.685635125026504,0.3854220850336155,0.3143648749734959,0.314782126036393,0.2975705765893808,-0.0012772917276141,-0.0184888411746264,0.3134594036605534,0.3081540325953862,-0.0026000141034537,-0.0079053851686209,0.3142723196203763,0.3008976434134962,-0.0017870981436308,-0.0151617743505109,,,,,,,,,,,,
823269,2026-08-01,SF,SD,Tyler Mahle,Walker Buehler,xw+plat_consol_v10,,0.3101945224101029,0.3170500826710146,0.3152211728108574,0.3225129995812748,-0.0068555602609116,-0.0072918267704173,-0.0077893614525229,-0.0125532543005882,0.0047638928480653,SD,0.0047638928480653,-0.042586543840316,SF,0.042586543840316,True,DIVERGE,graded,5.0,6.0,3.0,4.0,W,W,L,L,823269,401816361.0,115.0,-138.0,124.0,-150.0,0.5733788395904437,-110.0,-115.0,105.0,-135.0,0.5407914020517831,2026-08-01T23:32:46.072764+00:00,2026-08-02T00:40:00Z,pregame,posted,posted,9.0,9.0,0.0,0.0,False,False,,,,,starter_bullpen_sequential,starter_bullpen_sequential,0.3152211728108574,0.3225129995812748,0.3082176022400599,0.2821921142131757,5.296568627450981,4.535714285714286,7.0,7.0,891.0,1203.5126984126985,4.258426966292135,4.34,4.265258171593015,4.07238021184813,0.3144999672972212,0.3156556603602576,0.3101945224101029,0.3170500826710146,-0.0043054448871182,0.0013944223107569,0.5881194074786739,0.5198695433134173,0.4118805925213261,0.4801304566865827,0.3093718321870287,0.3235238927639529,-0.0066875855769784,0.0074644749999457,0.3066968436210467,0.2818316213786341,-0.0093625741429604,-0.034227796385373,0.3082700563114843,0.3035061634634189,-0.0077893614525229,-0.0125532543005882,,,,,,,,,,,,
823594,2026-08-01,MIA,NYM,Tyler Phillips,Zac Thornton,xw+plat_consol_v10,,0.3179984413718068,0.3249394989986605,0.3293332073082267,0.322314008459051,-0.0069410576268537,0.0070191988491756,0.0036457653074195,0.0026036302117667,0.0010421350956528,NYM,0.0010421350956528,0.032896906478834,NYM,0.032896906478834,False,,graded,6.0,2.0,4.0,2.0,L,L,,,823594,401816349.0,108.0,-131.0,112.0,-135.0,0.54911742133538,105.0,-135.0,105.0,-135.0,0.5407914020517831,2026-08-01T19:37:19.900145+00:00,2026-08-01T20:10:00Z,pregame,posted,posted,9.0,9.0,0.0,0.0,False,False,,,,,starter_bullpen_sequential,starter_bullpen_sequential,0.3293332073082267,0.322314008459051,0.3084731568043354,0.2902977408582111,4.026515151515151,5.933333333333334,8.0,6.0,1167.0703959773728,762.9333333333334,4.292490118577075,3.7078651685393256,4.222972853507225,4.07311576968365,0.3177461173346222,0.3225756211766154,0.3179984413718068,0.3249394989986605,0.0002523240371845,0.0023638778220451,0.4514306781404574,0.6378496190107508,0.5485693218595425,0.3621503809892492,0.3313536655762344,0.3313698201745564,0.0152942478122272,0.0153104024105492,0.3101193711295059,0.2962828152566749,-0.0059400466345013,-0.0197766025073322,0.3197051830714267,0.3186630479757739,0.0036457653074195,0.0026036302117667,,,,,,,,,,,,
823920,2026-08-01,BOS,LAD,Payton Tolle,Yoshinobu Yamamoto,xw+plat_consol_v10,,0.3436431815150602,0.30792191874507,0.2762370997472407,0.2845506743139427,0.0357212627699901,-0.008313574566702,-0.0042716425385966,-0.0359001762050914,0.0316285336664948,LAD,0.0316285336664948,0.1696447239753337,LAD,0.1696447239753337,True,AGREE,graded,3.0,2.0,2.0,2.0,L,T,L,T,823920,401816357.0,145.0,-176.0,157.0,-191.0,0.62781536572576,124.0,-160.0,150.0,-195.0,0.623003194888179,2026-08-02T01:09:19.327419+00:00,2026-08-02T01:10:00Z,pregame,posted,posted,9.0,9.0,0.0,0.0,False,False,,,,,starter_bullpen_sequential,starter_bullpen_sequential,0.2762370997472407,0.2845506743139427,0.3000663737661032,0.2947651097296269,5.053921568627452,6.730263157894737,7.0,8.0,1109.774193548387,900.5930735930735,4.094736842105263,3.827586206896552,4.147997594850221,4.149485939732584,0.3436431815150602,0.3090055840837155,0.3436431815150602,0.30792191874507,0.0,-0.0010836653386455,0.5583624913410896,0.7322758766167661,0.4416375086589104,0.2677241233832339,0.3003454112559121,0.2772244226570579,-0.0157140065080951,-0.0388349951069493,0.3262543608925603,0.2881865237362229,0.0101949431285531,-0.0278728940277842,0.3117877752254105,0.2801592415589157,-0.0042716425385966,-0.0359001762050914,,,,,,,,,,,,
824000,2026-08-01,MIL,LAA,Robert Gasser,Brent Suter,xw+plat_consol_v10,,0.3313482188679001,0.3318684120231365,0.3046957361883062,0.3167365315865566,-0.0005201931552363,-0.0120407953982504,-0.0028625708622109,0.0054659347548602,-0.008328505617071,MIL,0.008328505617071,0.0182457952632699,LAA,0.0182457952632699,True,DIVERGE,graded,3.0,1.0,1.0,1.0,W,T,L,T,824000,401816359.0,-131.0,108.0,-162.0,134.0,0.4086853434828726,-115.0,-115.0,-140.0,110.0,0.449438202247191,2026-08-02T01:09:19.327419+00:00,2026-08-02T01:38:00Z,pregame,posted,posted,9.0,9.0,0.0,0.0,False,True,,repeated_short_starts,,high,starter_bullpen_sequential,opener_bullpen_sequential,0.3046957361883062,0.3167365315865566,0.296558587681352,0.3045496110333057,5.371212121212121,1.8333333333333333,8.0,6.0,1244.9040616246498,962.0,4.22093023255814,4.173913043478261,4.107758057788446,4.2787286561207205,0.3236802241799851,0.3308139631519546,0.3313482188679001,0.3318684120231365,0.007667994687915,0.0010544488711818,0.6033236488855479,0.1997101690700114,0.3966763511144521,0.8002898309299885,0.3194348398060492,0.332579394441057,0.003375422042042,0.0165199766770497,0.3037091912093344,0.3187668461679595,-0.0123502265546727,0.0027074284039523,0.3131968469017963,0.3215253525188675,-0.0028625708622109,0.0054659347548602,,,,,,,,,,,,
824162,2026-08-01,TEX,HOU,Jacob deGrom,Ronel Blanco,xw+plat_consol_v10,,0.3240786804645288,0.3204869850573404,0.2964064867699646,0.337269090612771,0.0035916954071884,-0.0408626038428063,-0.0079774111457104,0.0077694397882228,-0.0157468509339332,TEX,0.0157468509339332,-0.048631645824595,TEX,0.048631645824595,False,,graded,4.0,5.0,3.0,5.0,L,L,,,824162,401816355.0,-131.0,108.0,-126.0,104.0,0.4678701556806889,-140.0,110.0,-154.0,120.0,0.4284750337381915,2026-08-01T22:29:48.207922+00:00,2026-08-01T23:10:00Z,pregame,posted,posted,9.0,9.0,0.0,0.0,False,False,,,,,starter_bullpen_sequential,starter_bullpen_sequential,0.2964064867699646,0.337269090612771,0.3034361737066615,0.3004852250360633,5.527083333333334,5.0,7.0,7.0,1001.2325757575758,1188.1509433962265,4.042296072507553,4.1,4.165715226324402,4.164621776136557,0.3275820005176497,0.3171005308740736,0.3240786804645288,0.3204869850573404,-0.0035033200531208,0.0033864541832668,0.6069692679157553,0.5516909217084861,0.3930307320842446,0.4483090782915139,0.303927102673022,0.3419937768923754,-0.0121323150909851,0.0259343591283682,0.3144985506695725,0.3014750360955771,-0.0015608670944346,-0.0145843816684301,0.3080820066182967,0.32382885755223,-0.0079774111457104,0.0077694397882228,,,,,,,,,,,,
824326,2026-08-01,KC,COL,Luinder Avila,Ryan Feltner,xw+plat_consol_v10,,0.3129309228019455,0.3137477660810688,0.3316851314121846,0.3537596612166684,-0.0008168432791232,-0.0220745298044838,0.007119756488929,0.0197928647720629,-0.0126731082831339,KC,0.0126731082831339,0.0156514289279058,COL,0.0156514289279058,True,DIVERGE,graded,6.0,12.0,4.0,8.0,L,L,W,W,824326,401816356.0,-106.0,-114.0,109.0,-131.0,0.5423839616474178,-105.0,-125.0,-105.0,-125.0,0.5203045685279188,2026-08-01T23:32:46.072764+00:00,2026-08-02T00:10:00Z,pregame,posted,posted,9.0,9.0,0.0,0.0,False,False,,,,,starter_bullpen_sequential,starter_bullpen_sequential,0.3316851314121846,0.3537596612166684,0.319569037551464,0.3215656750274677,4.753787878787879,4.725,8.0,7.0,1046.1891891891892,1188.7772808586762,4.366336633663367,4.358490566037736,4.324802846146138,4.420450351693291,0.3137914805708698,0.3136919891886385,0.3129309228019455,0.3137477660810688,-0.0008605577689242,5.57768924303037e-05,0.5305798442692707,0.5214786923207646,0.4694201557307292,0.4785213076792354,0.3284019662720507,0.3511722707759955,0.0123425485080435,0.0351128530119883,0.3172759164947795,0.319157002084565,0.0012164987307723,0.0030975843205577,0.3231791742529363,0.3358522825360701,0.007119756488929,0.0197928647720629,,,,,,,,,,,,
824405,2026-08-01,ARI,CLE,Kohl Drake,Parker Messick,xw+plat_consol_v10,,0.3095083249622682,0.3253362840571737,0.3474710126885765,0.2827213788194643,-0.0158279590949054,0.0647496338691122,0.0008328952594864,-0.0196847849612852,0.0205176802207716,CLE,0.0205176802207716,0.0779211326921412,CLE,0.0779211326921412,False,,graded,12.0,8.0,2.0,2.0,L,T,,,824405,401816347.0,130.0,-157.0,152.0,-185.0,0.6206070287539937,124.0,-160.0,140.0,-180.0,0.6067415730337079,2026-08-01T22:29:48.207922+00:00,2026-08-01T23:15:00Z,pregame,posted,posted,9.0,9.0,0.0,0.0,False,False,,,,,starter_bullpen_sequential,starter_bullpen_sequential,0.3474710126885765,0.2827213788194643,0.2971072053818878,0.3021015369542012,4.5,6.113095238095238,8.0,8.0,1186.0,1137.0,4.444444444444445,3.957446808510638,4.03304393412722,4.227082890251462,0.3097022160645259,0.3211742654648762,0.3095083249622682,0.3253362840571737,-0.0001938911022576,0.0041620185922974,0.5242642922022229,0.6647055946279089,0.4757357077977771,0.3352944053720911,0.3402688389133381,0.2910197185686257,0.0242094211493308,-0.0250396991953815,0.2911312074371211,0.3069905017021935,-0.024928210326886,-0.0090689160618137,0.3168923130234937,0.2963746328027219,0.0008328952594864,-0.0196847849612852,,,,,,,,,,,,
824485,2026-08-01,PIT,CIN,Braxton Ashcraft,Andrew Abbott,xw+plat_consol_v10,,0.3107828414143954,0.3259858203331302,0.2942931495492598,0.3310346145064475,-0.0152029789187348,-0.0367414649571877,-0.0204486222324022,0.0177898527892527,-0.0382384750216549,PIT,0.0382384750216549,-0.0577285810950676,PIT,0.0577285810950676,True,AGREE,graded,4.0,1.0,3.0,1.0,W,W,W,W,824485,401816351.0,-118.0,-102.0,-121.0,100.0,0.4773218142548596,-135.0,105.0,-130.0,100.0,0.4693877551020409,2026-08-01T22:29:48.207922+00:00,2026-08-01T22:40:00Z,pregame,posted,posted,9.0,9.0,0.0,0.0,False,False,,,,,starter_bullpen_sequential,starter_bullpen_sequential,0.2942931495492598,0.3310346145064475,0.307608465392756,0.3179336135785195,5.392857142857142,5.369318181818182,7.0,8.0,894.6589371980676,1000.76,4.14441416893733,4.316239316239316,4.3307075152006655,4.3287684653513,0.3128917391567593,0.3207666968271541,0.3107828414143954,0.3259858203331302,-0.0021088977423638,0.005219123505976,0.5886021741428472,0.5958931104701475,0.4113978258571528,0.4041068895298525,0.2893799585937419,0.3414313394993379,-0.0266794591702653,0.0253719217353307,0.3045254857361886,0.3226688062624037,-0.0115339320278185,0.0066093884983964,0.2956107955316049,0.3338492705532599,-0.0204486222324022,0.0177898527892527,,,,,,,,,,,,
824649,2026-08-01,NYY,CHC,Max Fried,David Peterson,xw+plat_consol_v10,,0.3276349454626359,0.3090180232293591,0.2656143983191393,0.3403294351825771,0.0186169222332767,-0.0747150368634377,-0.0294025069099442,0.0061843888861387,-0.0355868957960829,NYY,0.0355868957960829,-0.155299029988298,NYY,0.155299029988298,True,AGREE,graded,2.0,5.0,1.0,1.0,L,T,L,T,824649,401816354.0,-123.0,102.0,103.0,-124.0,0.5291347851677457,-130.0,100.0,100.0,-130.0,0.5306122448979592,2026-08-01T22:29:48.207922+00:00,2026-08-01T23:15:00Z,pregame,posted,posted,9.0,9.0,0.0,0.0,False,False,,,,,starter_bullpen_sequential,starter_bullpen_sequential,0.2656143983191393,0.3403294351825771,0.2931148798660761,0.3198445699357946,4.96875,5.179487179487181,8.0,7.0,1258.176638176638,715.0526315789474,3.889952153110048,4.0875,4.101227780150284,4.124941061659772,0.3233587170429812,0.3044868147300232,0.3276349454626359,0.3090180232293591,0.0042762284196546,0.0045312084993359,0.5389713602002579,0.5732694815977302,0.461028639799742,0.4267305184022698,0.2753424008784351,0.3327473360892231,-0.040717016885572,0.0166879183252159,0.2998842817918258,0.3081333725077019,-0.0161751359721813,-0.0079260452563052,0.2866569108540629,0.3222438066501459,-0.0294025069099442,0.0061843888861387,,,,,,,,,,,,
824808,2026-08-01,PHI,BAL,Cristopher Sánchez,Shane Baz,xw+plat_consol_v10,,0.3231074637515435,0.3226629085764982,0.2895810350684376,0.3193705140198095,0.0004445551750452,-0.0297894789513719,-0.0194078790958807,0.0029704004474565,-0.0223782795433372,PHI,0.0223782795433372,-0.0414233005748215,PHI,0.0414233005748215,True,AGREE,graded,5.0,0.0,1.0,0.0,W,W,W,W,824808,401816350.0,-141.0,117.0,-154.0,127.0,0.4208224261903972,-145.0,114.0,-160.0,124.0,0.4204398447606727,2026-08-01T22:29:48.207922+00:00,2026-08-01T23:05:00Z,pregame,posted,posted,9.0,9.0,0.0,0.0,False,False,,,,,starter_bullpen_sequential,starter_bullpen_sequential,0.2895810350684376,0.3193705140198095,0.2954750841642904,0.3013490433367201,5.946969696969697,5.678571428571429,8.0,9.0,1149.1603427172583,1248.0,4.168269230769231,4.311475409836065,4.321239096375111,4.155501971720361,0.3185496948272407,0.3215553388553827,0.3231074637515435,0.3226629085764982,0.0045577689243027,0.0011075697211155,0.6526494974615706,0.6394900821854953,0.3473505025384293,0.3605099178145047,0.2960386197426101,0.3260431842095808,-0.0200207980213971,0.0099837664455735,0.2978031743381474,0.306589167408507,-0.0182562434258597,-0.0094702503555001,0.2966515386681265,0.3190298182114637,-0.0194078790958807,0.0029704004474565,,,,,,,,,,,,
824890,2026-08-01,WSH,ATL,Miles Mikolas,Reynaldo López,xw+plat_consol_v10,,0.3317283529481709,0.3300526587268637,0.3420297977128985,0.3265663590551741,0.0016756942213072,0.0154634386577243,0.024650445954108,0.0051930830499716,0.0194573629041364,ATL,0.0194573629041364,0.0791212118147296,ATL,0.0791212118147296,True,AGREE,graded,3.0,8.0,0.0,4.0,W,W,W,W,824890,401816353.0,159.0,-194.0,141.0,-171.0,0.6032849760653483,145.0,-188.0,130.0,-166.0,0.5893794380981784,2026-08-01T22:29:48.207922+00:00,2026-08-01T23:15:00Z,pregame,posted,posted,9.0,9.0,0.0,0.0,False,False,,,,,starter_bullpen_sequential,starter_bullpen_sequential,0.3420297977128985,0.3265663590551741,0.3076193162007112,0.2872753511946589,4.958333333333334,4.818181818181818,7.0,8.0,454.8,931.7522522522522,4.264705882352941,4.2697674418604645,4.32416356229748,3.9791422212936713,0.327337914701159,0.3265466826312462,0.3317283529481709,0.3300526587268637,0.0043904382470119,0.0035059760956174,0.5474980943994787,0.5528378862332874,0.4525019056005213,0.4471621137667125,0.3589862382750261,0.3410247852110872,0.0429268205110189,0.02496536744708,0.3185966303403235,0.2968075230853792,0.0025372125763162,-0.0192518946786279,0.3407098637181153,0.3212525008139788,0.024650445954108,0.0051930830499716,,,,,,,,,,,,
824972,2026-08-01,DET,ATH,Framber Valdez,Jack Perkins,xw+plat_consol_v10,,0.3115225626348179,0.3317649612373825,0.3185123412543958,0.3122461620108392,-0.0202423986025646,0.0062661792435566,-0.0099544174313929,0.0130441789016855,-0.0229985963330784,DET,0.0229985963330784,-0.0943800645323027,DET,0.0943800645323027,True,AGREE,graded,8.0,6.0,4.0,2.0,W,W,W,W,824972,401816358.0,-141.0,117.0,-187.0,153.0,0.3775769296549184,-140.0,110.0,-166.0,130.0,0.4106205619018215,2026-08-02T01:09:19.327419+00:00,2026-08-02T01:40:00Z,pregame,posted,posted,9.0,9.0,1.0,1.0,False,False,,,,,starter_bullpen_sequential,starter_bullpen_sequential,0.3185123412543958,0.3122461620108392,0.3043457862017501,0.3160267364903346,4.982142857142858,4.791666666666666,8.0,8.0,1169.3812202290462,932.5821994408202,4.438235294117647,4.478048780487805,4.218156091829822,4.348759265001359,0.3072702385976332,0.3307105123662006,0.3115225626348179,0.3317649612373825,0.0042523240371846,0.0010544488711819,0.5661033123382458,0.539693408368513,0.4338966876617541,0.460306591631487,0.3139402757884996,0.3277622181579701,-0.0021191419755076,0.0117028003939628,0.2958823470725436,0.3306763161355123,-0.0201770706914635,0.0146168983715051,0.3061050003326142,0.3291035966656928,-0.0099544174313929,0.0130441789016855,,,,,,,,,,,,
822783,2026-08-02,STL,TOR,Matthew Liberatore,Max Scherzer,xw+plat_consol_v10,,0.3109588671024069,0.3217429630488475,0.3406439323297641,0.3473733934347875,-0.0107840959464405,-0.0067294611050234,0.0074512266037285,0.0004801057828986,0.0069711208208299,TOR,0.0069711208208299,-0.0436557285166143,STL,0.0436557285166143,False,,graded,5.0,1.0,1.0,0.0,L,L,,,822783,401816367.0,-109.0,-111.0,113.0,-136.0,0.551057677674631,-105.0,-125.0,-105.0,-125.0,0.5203045685279188,2026-08-02T17:18:52.178614+00:00,2026-08-02T17:37:00Z,pregame,posted,posted,9.0,9.0,0.0,0.0,False,False,,,,,starter_bullpen_sequential,starter_bullpen_sequential,0.3406439323297641,0.3473733934347875,0.3206439440323692,0.2854738878450629,4.958333333333334,3.404761904761905,7.0,8.0,1098.0,1315.5310629514963,4.441558441558441,4.743243243243243,4.279853472454637,4.184529168637848,0.3050119879523405,0.3227389789851025,0.3109588671024069,0.3217429630488475,0.0059468791500664,-0.000996015936255,0.5600830349724875,0.4081994064226615,0.4399169650275125,0.5918005935773385,0.3349761651111257,0.3534401735088315,0.0187559013576368,0.0372199097553426,0.3092788730023722,0.2913587826295865,-0.0069413907511166,-0.0248614811239024,0.3236714903572174,0.3167003695363876,0.0074512266037285,0.0004801057828986,,,,,,,,,,,,
822943,2026-08-02,CWS,TB,Anthony Kay,Griffin Jax,xw+plat_consol_v10,,0.3166389518553674,0.3261080577220708,0.3407478419318323,0.3293363021295827,-0.0094691058667034,0.0114115398022495,0.0038771183253197,0.0102796230207419,-0.0064025046954221,CWS,0.0064025046954221,0.0395523940339792,TB,0.0395523940339792,True,DIVERGE,graded,9.0,1.0,3.0,0.0,W,W,L,L,822943,401816363.0,124.0,-150.0,124.0,-150.0,0.5733788395904437,124.0,-160.0,130.0,-166.0,0.5893794380981784,2026-08-02T17:18:52.178614+00:00,2026-08-02T17:40:00Z,pregame,posted,posted,9.0,9.0,0.0,0.0,False,False,,,,,starter_bullpen_sequential,starter_bullpen_sequential,0.3407478419318323,0.3293363021295827,0.2971430635076661,0.3021036382268253,4.770833333333334,5.046568627450981,8.0,9.0,1132.9898148148147,1095.0515873015872,4.504823151125402,4.13076923076923,4.1736507218293575,3.993412449967771,0.3133056185220341,0.3236034096477015,0.3166389518553674,0.3261080577220708,0.0033333333333332,0.0025046480743692,0.549060024958531,0.5690416442654429,0.450939975041469,0.4309583557345571,0.3411990055146597,0.3396342174597986,0.0249787417611708,0.0234139537063097,0.2944042554286633,0.309157187577919,-0.0218160083248256,-0.0070630761755698,0.3200973820788086,0.3264998867742308,0.0038771183253197,0.0102796230207419,,,,,,,,,,,,
823107,2026-08-02,MIN,SEA,Taj Bradley,George Kirby,xw+plat_consol_v10,,0.3166753932549774,0.3162053503406474,0.3051887853896505,0.3077119369771338,0.00047004291433,-0.0025231515874832,-0.0093110089409264,-0.008245478101514,-0.0010655308394123,MIN,0.0010655308394123,-0.1427908856793124,MIN,0.1427908856793124,True,AGREE,graded,6.0,7.0,0.0,2.0,L,L,L,L,823107,401816375.0,113.0,-136.0,122.0,-147.0,0.5691910559179544,110.0,-140.0,105.0,-135.0,0.5407914020517831,2026-08-02T19:37:35.170739+00:00,2026-08-02T20:10:00Z,pregame,posted,posted,9.0,9.0,0.0,0.0,False,False,,,,,starter_bullpen_sequential,starter_bullpen_sequential,0.3051887853896505,0.3077119369771338,0.3102613832810425,0.3076356854000635,6.154761904761905,6.0,7.0,8.0,844.4285714285714,1029.0,4.176795580110497,4.141666666666667,4.318258790448205,4.292208334362288,0.3155359510239017,0.3171190289595053,0.3166753932549774,0.3162053503406474,0.0011394422310757,-0.0009136786188578,0.6766177443510248,0.6586860075070783,0.3233822556489751,0.3413139924929217,0.30562803750495,0.3076974248295001,-0.0105922262485388,-0.0085228389239888,0.309589965796412,0.3085100514096439,-0.0066302979570768,-0.0077102123438449,0.3069092548125625,0.3079747856519748,-0.0093110089409264,-0.008245478101514,,,,,,,,,,,,
823270,2026-08-02,SF,SD,Landen Roupp,Kyle Hart,xw+plat_consol_v10,,0.3169735872293962,0.3138682186264094,0.294560045870172,0.3004457916679733,0.0031053686029868,-0.0058857457978013,-0.0154563557379403,-0.032455704706074,0.0169993489681337,SD,0.0169993489681337,-0.0082813098988731,SF,0.0082813098988731,True,DIVERGE,graded,4.0,5.0,3.0,5.0,W,W,L,L,823270,401816376.0,119.0,-144.0,109.0,-131.0,0.5423839616474178,114.0,-145.0,-105.0,-125.0,0.5203045685279188,2026-08-02T19:37:35.170739+00:00,2026-08-02T20:10:00Z,pregame,posted,posted,9.0,9.0,0.0,0.0,False,True,,repeated_short_starts,,high,starter_bullpen_sequential,opener_bullpen_sequential,0.294560045870172,0.3004457916679733,0.3082324508102349,0.2788782632809574,5.446428571428572,1.888888888888889,7.0,6.0,904.0,1074.3868480725623,4.178885630498534,4.106557377049181,4.266478971930914,4.070894555836895,0.3170320201643232,0.3173715386795303,0.3169735872293962,0.3138682186264094,-5.843293492702184e-05,-0.0035033200531208,0.6001914012501701,0.2113266064238372,0.3998085987498299,0.7886733935761627,0.2952617687609963,0.298211077004668,-0.0209584949924925,-0.0180091867488209,0.3090237020254557,0.2798935857910405,-0.0071965617280331,-0.0363266779624483,0.3007639080155485,0.2837645590474148,-0.0154563557379403,-0.032455704706074,,,,,,,,,,,,
823592,2026-08-02,MIA,NYM,Sandy Alcantara,Robert Stock,xw+plat_consol_v10,,0.3178159315110466,0.3210935078488296,0.3030993467246192,0.3162202637534889,-0.003277576337783,-0.0131209170288696,-0.0099859221575245,-0.0079276661653714,-0.002058255992153,MIA,0.002058255992153,-0.144556430266398,MIA,0.144556430266398,False,,graded,2.0,0.0,1.0,0.0,W,W,,,823592,401816364.0,-115.0,-101.0,-122.0,101.0,0.4751508925131629,-130.0,100.0,-140.0,110.0,0.449438202247191,2026-08-02T17:18:52.178614+00:00,2026-08-02T17:40:00Z,pregame,posted,posted,9.0,9.0,0.0,0.0,False,False,,,,,starter_bullpen_sequential,starter_bullpen_sequential,0.3030993467246192,0.3162202637534889,0.3088006813865814,0.2885872834009182,6.831521739130435,5.2,8.0,5.0,1178.71796198112,721.9333333333334,4.148230088495575,,4.208434372744405,4.090629287219389,0.3186977376199443,0.3186180762419238,0.3178159315110466,0.3210935078488296,-0.0008818061088977,0.0024754316069057,0.7564129078056084,0.5777777777777778,0.2435870921943915,0.4222222222222221,0.3046288054922657,0.3210935078488296,-0.0115914582612231,0.0048732440953407,0.3112200254507408,0.2907755624945112,-0.005000238302748,-0.0254447012589776,0.3062343415959643,0.3082925975881174,-0.0099859221575245,-0.0079276661653714,,,,,,,,,,,,
823919,2026-08-02,BOS,LAD,Jake Bennett,Emmet Sheehan,xw+plat_consol_v10,,0.3434168988330265,0.3122886457900315,0.2851405235262609,0.3040686015632034,0.0311282530429949,-0.0189280780369425,-0.0005140661582171,-0.0190460644973001,0.018531998339083,LAD,0.018531998339083,-0.10648906802823,BOS,0.10648906802823,True,DIVERGE,graded,8.0,4.0,5.0,3.0,L,L,W,W,823919,401816372.0,129.0,-156.0,153.0,-186.0,0.6219831346321605,130.0,-166.0,135.0,-175.0,0.599271402550091,2026-08-02T22:30:28.126860+00:00,2026-08-02T23:20:00Z,pregame,posted,posted,9.0,9.0,0.0,0.0,False,False,,,,,starter_bullpen_sequential,starter_bullpen_sequential,0.2851405235262609,0.3040686015632034,0.3012219419798987,0.2948879150236427,6.321969696969697,4.953947368421053,7.0,8.0,1119.774193548387,903.5930735930737,3.898477157360406,4.273381294964029,4.138424183146659,4.14407563501956,0.3455311086603838,0.3144559764673224,0.3434168988330265,0.3122886457900315,-0.0021142098273572,-0.0021673306772908,0.689807645122272,0.5580294751252063,0.310192354877728,0.4419705248747937,0.3096641346088745,0.3002880671918793,-0.0065561291446143,-0.0159321965616096,0.3291425740074821,0.2932426472816427,0.0129223102539932,-0.0229776164718461,0.3157061975952717,0.2971741992561887,-0.0005140661582171,-0.0190460644973001,,,,,,,,,,,,
823996,2026-08-02,MIL,LAA,Jacob Misiorowski,Walbert Ureña,xw+plat_consol_v10,,0.3173112576337881,0.3323316261710402,0.2356655150635771,0.2880299927651675,-0.015020368537252,-0.0523644777015903,-0.0551132620438667,-0.0047036858508336,-0.0504095761930331,MIL,0.0504095761930331,-0.1858476595632372,MIL,0.1858476595632372,True,AGREE,graded,0.0,3.0,0.0,2.0,L,L,L,L,823996,401816374.0,-232.0,188.0,-234.0,190.0,0.3298439660280466,-260.0,195.0,-280.0,210.0,0.3044871794871794,2026-08-02T18:14:29.828458+00:00,2026-08-02T19:15:00Z,pregame,posted,posted,9.0,9.0,0.0,0.0,False,False,,,,,starter_bullpen_sequential,starter_bullpen_sequential,0.2356655150635771,0.2880299927651675,0.2958625931511257,0.308412472797902,5.625,5.272058823529412,8.0,8.0,1258.3088235294117,1225.6097560975609,3.8,4.296428571428571,4.097717836272588,4.263449220890826,0.3197574727732304,0.3322785053211066,0.3173112576337881,0.3323316261710402,-0.0024462151394422,5.312084993364108e-05,0.6071615631401991,0.5876527652221837,0.3928384368598009,0.4123472347778163,0.2364785864072035,0.3027050662265629,-0.0797416773462853,-0.0135151975269259,0.2991720832536136,0.3240742205046076,-0.0170481804998752,0.0078539567511187,0.2611070017096221,0.3115165779026552,-0.0551132620438667,-0.0047036858508336,,,,,,,,,,,,
824163,2026-08-02,TEX,HOU,Kumar Rocker,Peter Lambert,xw+plat_consol_v10,,0.315570695593249,0.3177618258477017,0.3266157208495315,0.2933346434316614,-0.0021911302544526,0.0332810774178701,0.0027665628711166,-0.0188554336354047,0.0216219965065212,HOU,0.0216219965065212,0.0568115854097838,HOU,0.0568115854097838,True,AGREE,graded,3.0,7.0,2.0,3.0,W,W,W,W,824163,401816370.0,104.0,-126.0,118.0,-142.0,0.5612444702298934,100.0,-130.0,110.0,-140.0,0.550561797752809,2026-08-02T17:18:52.178614+00:00,2026-08-02T18:10:00Z,pregame,posted,posted,9.0,9.0,0.0,0.0,False,False,,,,,starter_bullpen_sequential,starter_bullpen_sequential,0.3266157208495315,0.2933346434316614,0.3034996411926209,0.2997292913171137,5.458333333333334,5.729166666666667,8.0,7.0,1019.1242839042492,1205.1296296296296,4.246753246753246,4.165048543689321,4.163343029511982,4.16161610534954,0.3209598058190126,0.3185347342142356,0.315570695593249,0.3177618258477017,-0.0053891102257636,-0.0007729083665338,0.6112055335620197,0.6367647858984367,0.3887944664379803,0.3632352141015633,0.32594479871956,0.2947646389729535,0.0097245349660711,-0.0214556247805353,0.3080485252496689,0.3019230615162139,-0.0081717385038199,-0.0142972022372749,0.3189868266246055,0.2973648301180842,0.0027665628711166,-0.0188554336354047,,,,,,,,,,,,
824323,2026-08-02,KC,COL,Seth Lugo,Kyle Freeland,xw+plat_consol_v10,,0.3140804357782752,0.3122867795498673,0.3470963505222293,0.3520688883611393,0.0017936562284079,-0.0049725378389099,0.0155736566802788,0.0191240429896494,-0.0035503863093706,KC,0.0035503863093706,-0.0461718083021175,KC,0.0461718083021175,True,AGREE,graded,1.0,8.0,1.0,2.0,L,L,L,L,824323,401816371.0,-108.0,-112.0,106.0,-127.0,0.5354263026482748,-110.0,-120.0,105.0,-135.0,0.5407914020517831,2026-08-02T18:14:29.828458+00:00,2026-08-02T19:10:00Z,pregame,posted,posted,9.0,9.0,0.0,0.0,False,False,,,,,starter_bullpen_sequential,starter_bullpen_sequential,0.3470963505222293,0.3520688883611393,0.319724855250915,0.3214901070207397,5.524621212121213,5.37719298245614,8.0,7.0,1075.1891891891892,1201.750563952177,4.22911051212938,4.5503355704698,4.349344504075163,4.41951566705325,0.3083540081554333,0.3112907636136123,0.3140804357782752,0.3122867795498673,0.0057264276228419,0.000996015936255,0.6071809441977802,0.6044611081468984,0.3928190558022197,0.3955388918531016,0.3447475874413123,0.3476894808098423,0.0285273236878234,0.0314692170563534,0.3117714198745672,0.3164784562532763,-0.0044488438789216,0.0002581924997874,0.3317939204337677,0.3353443067431383,0.0155736566802788,0.0191240429896494,,,,,,,,,,,,
824404,2026-08-02,ARI,CLE,Merrill Kelly,Gavin Williams,xw+plat_consol_v10,,0.3164561474125444,0.3244543685872531,0.3837277947213768,0.3101424467964381,-0.0079982211747086,0.0735853479249387,0.0346502676566419,0.0002050140716592,0.0344452535849826,CLE,0.0344452535849826,0.132782824706423,CLE,0.132782824706423,True,AGREE,graded,0.0,5.0,0.0,5.0,W,W,W,W,824404,401816362.0,118.0,-142.0,157.0,-191.0,0.62781536572576,124.0,-160.0,160.0,-210.0,0.6378504672897196,2026-08-02T17:18:52.178614+00:00,2026-08-02T17:40:00Z,pregame,posted,posted,9.0,9.0,0.0,0.0,False,False,,,,,starter_bullpen_sequential,starter_bullpen_sequential,0.3837277947213768,0.3101424467964381,0.2961768362572566,0.3028713172788772,5.616228070175438,6.231060606060607,8.0,7.0,1211.0,1081.0,4.326219512195122,3.99,4.049679671571526,4.256343090963026,0.3118718180632748,0.326422496077293,0.3164561474125444,0.3244543685872531,0.0045843293492695,-0.0019681274900398,0.6393918360678523,0.6784075323720249,0.3606081639321477,0.3215924676279751,0.3840140354424039,0.3182182904821319,0.067793771688915,0.001998026728643,0.2921040141304366,0.3126428717846456,-0.0241162496230523,-0.0035773919688432,0.3508705314101308,0.3164252778251482,0.0346502676566419,0.0002050140716592,,,,,,,,,,,,
824483,2026-08-02,PIT,CIN,Mitch Keller,Chase Burns,xw+plat_consol_v10,,0.3262741019470123,0.3250918183233755,0.3400971488506795,0.2848865340096376,0.0011822836236367,0.0552106148410418,0.0182313621020708,-0.0096603766259347,0.0278917387280055,CIN,0.0278917387280055,-0.0253323132732593,PIT,0.0253323132732593,True,DIVERGE,graded,2.0,10.0,1.0,9.0,W,W,L,L,824483,401816366.0,124.0,-150.0,118.0,-142.0,0.5612444702298934,130.0,-166.0,130.0,-166.0,0.5893794380981784,2026-08-02T17:18:52.178614+00:00,2026-08-02T17:40:00Z,pregame,posted,posted,9.0,9.0,0.0,0.0,False,False,,,,,starter_bullpen_sequential,starter_bullpen_sequential,0.3400971488506795,0.2848865340096376,0.2985073167693782,0.3177245910183226,5.196428571428571,5.487500000000001,6.0,8.0,741.6589371980676,1016.8076923076924,4.284457478005865,4.038461538461538,4.287980197860797,4.323031994605963,0.3304972095167335,0.3249802645385149,0.3262741019470123,0.3250918183233755,-0.0042231075697211,0.0001115537848606,0.5771803930340061,0.5934030744704721,0.4228196069659938,0.4065969255295278,0.3509101235286366,0.2928790212800379,0.0346898597751477,-0.0233412424734509,0.3119845453342446,0.3265262649961556,-0.0042357184192443,0.0103060012426667,0.3344516258555597,0.3065598871275541,0.0182313621020708,-0.0096603766259347,,,,,,,,,,,,
824648,2026-08-02,NYY,CHC,Gerrit Cole,Colin Rea,xw+plat_consol_v10,,0.3181098163587664,0.3197845513083642,0.2910290933386514,0.350041000640527,-0.0016747349495978,-0.0590119073018756,-0.0219641200887223,0.0241851089238018,-0.0461492290125241,NYY,0.0461492290125241,-0.0401478513996147,NYY,0.0401478513996147,True,AGREE,graded,2.0,1.0,2.0,1.0,W,W,W,W,824648,401816369.0,-126.0,104.0,-114.0,-105.0,0.4901832460732984,-135.0,105.0,-135.0,105.0,0.4592085979482169,2026-08-02T18:14:29.828458+00:00,2026-08-02T18:20:00Z,pregame,posted,posted,9.0,9.0,0.0,0.0,False,False,,,,,starter_bullpen_sequential,starter_bullpen_sequential,0.2910290933386514,0.350041000640527,0.2925305325848173,0.3199326510589346,5.916666666666666,5.388888888888889,8.0,8.0,1273.176638176638,730.0526315789474,4.102941176470588,4.352238805970149,4.113590089967718,4.11773463855396,0.3211642652299484,0.3152825592764917,0.3181098163587664,0.3197845513083642,-0.0030544488711819,0.0045019920318724,0.6568233754959407,0.6119961957894745,0.3431766245040593,0.3880038042105255,0.2927681178243128,0.3539864997918773,-0.023452145929176,0.0377662360383884,0.2971041527818338,0.3189839380458134,-0.0191161109716551,0.0027636742923245,0.2942561436647665,0.3404053726772907,-0.0219641200887223,0.0241851089238018,,,,,,,,,,,,
824807,2026-08-02,PHI,BAL,Zack Wheeler,Kyle Bradish,xw+plat_consol_v10,,0.321782464108488,0.3232344246317623,0.2665444080148163,0.3102013750005805,-0.0014519605232742,-0.0436569669857641,-0.0332844490618711,-0.0028743294472505,-0.0304101196146206,PHI,0.0304101196146206,-0.1459040846015579,PHI,0.1459040846015579,True,AGREE,graded,8.0,0.0,5.0,0.0,W,W,W,W,824807,401816365.0,-132.0,109.0,-150.0,124.0,0.4266211604095563,-145.0,114.0,-154.0,120.0,0.4284750337381915,2026-08-02T17:18:52.178614+00:00,2026-08-02T17:35:00Z,pregame,posted,posted,9.0,9.0,0.0,0.0,False,False,,,,,starter_bullpen_sequential,starter_bullpen_sequential,0.2665444080148163,0.3102013750005805,0.2961271778488907,0.3010411812425108,5.730392156862745,5.732142857142857,8.0,9.0,1159.1603427172583,1263.0,3.844660194174757,4.245762711864408,4.310176771173143,4.164294190247659,0.3216709103236275,0.3221268549106467,0.321782464108488,0.3232344246317623,0.0001115537848605,0.0011075697211155,0.6098829475978117,0.6413733008486339,0.3901170524021883,0.3586266991513661,0.2712328279891883,0.3170820293997934,-0.0449874357643005,0.0008617656463045,0.3012314825734138,0.3066642465007623,-0.014988781180075,-0.0095560172527265,0.2829358146916177,0.3133459343062383,-0.0332844490618711,-0.0028743294472505,,,,,,,,,,,,
824971,2026-08-02,DET,ATH,Keider Montero,Gage Jump,xw+plat_consol_v10,,0.3117883221228889,0.3282457191080654,0.2948287778551545,0.3138774560636209,-0.0164573969851765,-0.0190486782084663,-0.0222328715360265,0.0085001740460682,-0.0307330455820947,DET,0.0307330455820947,-0.1432811385816346,DET,0.1432811385816346,True,AGREE,graded,11.0,0.0,6.0,0.0,W,W,W,W,824971,401816373.0,-113.0,-107.0,-126.0,105.0,0.466652901094363,-125.0,-105.0,-110.0,-120.0,0.5101214574898786,2026-08-02T19:37:35.170739+00:00,2026-08-02T20:05:00Z,pregame,posted,posted,9.0,9.0,0.0,0.0,False,False,,,,,starter_bullpen_sequential,starter_bullpen_sequential,0.2948287778551545,0.3138774560636209,0.3065020243968819,0.3150568825950577,5.867647058823529,4.84375,9.0,9.0,1260.19074403857,1171.9526315789474,4.015105740181269,4.238095238095238,4.234275414822347,4.386992285568821,0.30933945094095,0.3246839661200176,0.3117883221228889,0.3282457191080654,0.0024488711819388,0.0035617529880477,0.6398056509382936,0.529601855713261,0.3601943490617064,0.470398144286739,0.2906966456541208,0.3258138174147189,-0.025523618099368,0.0095935536612299,0.2998326761662979,0.3234894468183603,-0.0163875875871909,0.0072691830648713,0.2939873922174623,0.3247204377995571,-0.0222328715360265,0.0085001740460682,,,,,,,,,,,,
824891,2026-08-02,WSH,ATL,Cade Cavalli,JR Ritchie,xw+plat_consol_v10,,0.330467012578544,0.3288517083986459,0.3110315528612751,0.3301131737361574,0.001615304179898,-0.0190816208748823,0.0063337275863588,0.0062327201055633,0.0001010074807954,ATL,0.0001010074807954,-0.0254372349323165,WSH,0.0254372349323165,True,DIVERGE,graded,2.0,4.0,2.0,3.0,W,W,L,L,824891,401816368.0,104.0,-126.0,104.0,-125.0,0.53125,-110.0,-120.0,-125.0,-105.0,0.4796954314720812,2026-08-02T17:18:52.178614+00:00,2026-08-02T17:35:00Z,pregame,posted,posted,9.0,9.0,0.0,0.0,False,False,,,,,starter_bullpen_sequential,starter_bullpen_sequential,0.3110315528612751,0.3301131737361574,0.3075450660421666,0.2877585037608586,5.193840579710145,4.827380952380952,7.0,8.0,466.0,942.4573804573804,4.311428571428571,4.37037037037037,4.352099477694851,3.994024770697197,0.3281907841588892,0.3253457323030285,0.330467012578544,0.3288517083986459,0.0022762284196548,0.0035059760956174,0.5748002919092104,0.5586804600857767,0.4251997080907895,0.4413195399142233,0.3250445334264163,0.3432995718220687,0.0088242696729274,0.0270793080685798,0.3191871867745301,0.296062624264595,0.0029669230210412,-0.0201576394888938,0.3225539913398477,0.3224529838590522,0.0063337275863588,0.0062327201055633,,,,,,,,,,,,
823520,2026-08-03,STL,NYY,Michael McGreevy,Cam Schlittler,split+plat_consol_v1,wOBA/xwOBA,0.3221542544744246,0.3167973363655129,0.3529768622401167,0.2728915903050571,0.005356918108911701,0.0800852719350596,0.0274047767644062,-0.0363054671612481,0.0637102439256543,NYY,0.0637102439256543,0.1462297270737983,NYY,0.1462297270737983,True,AGREE,pending,,,,,,,,,,,,,,,,,,,,,2026-08-03T20:22:53.096028+00:00,2026-08-03T23:05:00Z,pregame,posted,posted,9.0,9.0,0.0,0.0,False,False,,,,,starter_bullpen_sequential,starter_bullpen_sequential,0.3529768622401167,0.2728915903050571,0.3196711232679091,0.2927141562914794,5.404761904761905,6.311594202898551,7.0,8.0,1111.0,1276.2740740740742,4.043103448275862,3.936585365853659,4.2802335345235125,4.113628182159485,0.315320257130467,0.3156897666443974,0.3221542544744246,0.3167973363655129,0.0068339973439575,0.0011075697211155,0.5867813001242269,0.6919919055161566,0.4132186998757731,0.3080080944838433,0.3605948764004116,0.2741454965014884,0.0443270028412573,-0.0421223770576658,0.319642649209487,0.293031071265897,0.0033747756503327,-0.0232368022932571,0.3436726503235605,0.2799624063979061,0.0274047767644062,-0.0363054671612481,,,,,,,,,,,,
823757,2026-08-03,PIT,MIL,Bubba Chandler,Brandon Sproat,woba+plat_consol_v1,wOBA,0.3324288105985767,0.3369879454568735,0.3152251995664572,0.3424272838472197,-0.004559134858296787,-0.027202084280762484,0.0070103631053035,0.023691033598694,-0.0166806704933905,PIT,0.0166806704933905,-0.0975682689141007,PIT,0.0975682689141007,True,AGREE,pending,,,,,,,,,,,,,,,,,,,,,2026-08-03T23:30:38.372345+00:00,2026-08-03T23:40:00Z,pregame,posted,posted,9.0,9.0,0.0,0.0,False,False,,,,,starter_bullpen_sequential,starter_bullpen_sequential,0.3152251995664572,0.3424272838472197,0.2986418532909731,0.2929730005749374,5.029166666666667,4.652777777777778,8.0,8.0,800.6086956521739,1264.2788235294115,4.423566878980892,4.294964028776978,4.30714466012115,4.10362341801441,0.3312628079425342,0.336876391672013,0.3324288105985767,0.3369879454568735,0.0011660026560424,0.0001115537848604,0.5653612009784503,0.5283446223012794,0.4346387990215496,0.4716553776987205,0.3313328571230192,0.3648611714919225,0.0150649835638649,0.0485932979327682,0.3128011004627904,0.3120635876806742,-0.0034667730963638,-0.00420428587848,0.3232782366644577,0.3399589071578483,0.0070103631053035,0.023691033598694,,,,,,,,,,,,
824160,2026-08-03,TOR,HOU,Shane Bieber,Cristian Javier,woba+plat_consol_v1,wOBA,0.3316880519234638,0.3060523089643764,0.3523850097755827,0.3528148624672409,0.025635742959087382,-0.00042985269165823903,0.0217260682038566,-0.0036799890568275,0.0254060572606841,HOU,0.0254060572606841,0.11338095702659291,HOU,0.11338095702659291,False,NA,pending,,,,,,,,,,,,,,,,,,,,,2026-08-03T23:30:38.372345+00:00,2026-08-04T00:10:00Z,pregame,posted,posted,9.0,9.0,0.0,0.0,False,False,,,,,starter_bullpen_sequential,starter_bullpen_sequential,0.3523850097755827,0.3528148624672409,0.2871183592372519,0.3020879588678563,4.470238095238096,3.083333333333333,8.0,7.0,1152.831490326943,1220.1272727272726,4.5,4.734375,4.129617286377783,4.164959680582303,0.3349098314719365,0.3093803302127164,0.3316880519234638,0.3060523089643764,-0.0032217795484727,-0.0033280212483399,0.5181582494612937,0.3720064186007193,0.4818417505387062,0.6279935813992806,0.3695661405761858,0.3414188171561207,0.0532982670170315,0.0251509435969665,0.3040421406781349,0.2955092194982057,-0.0122257328810193,-0.0207586540609485,0.3379939417630109,0.3125878845023266,0.0217260682038566,-0.0036799890568275,,,,,,,,,,,,
824324,2026-08-03,TB,COL,Ian Seymour,Michael Lorenzen,woba+plat_consol_v1,wOBA,0.3332230008540193,0.3245489760325122,0.3000278660896345,0.3802537995945439,0.008674024821507087,-0.08022593350490942,-0.007474840826023,0.049520558775945,-0.056995399601968005,TB,0.056995399601968005,-0.2271086520704931,TB,0.2271086520704931,True,AGREE,pending,,,,,,,,,,,,,,,,,,,,,2026-08-03T23:30:38.372345+00:00,2026-08-04T00:40:00Z,pregame,posted,posted,9.0,9.0,1.0,0.0,False,False,,,,,starter_bullpen_sequential,starter_bullpen_sequential,0.3000278660896345,0.3802537995945439,0.2870690069681584,0.331408946869411,4.369047619047619,4.642045454545455,7.0,5.0,763.8571428571429,819.7505639521769,4.12340425531915,4.796178343949045,3.919389818167566,4.460717197399706,0.3321977684503007,0.322384301397718,0.3332230008540193,0.3245489760325122,0.0010252324037185,0.0021646746347941,0.4981314134810402,0.533863618859786,0.5018685865189598,0.466136381140214,0.3161123662454969,0.3902102983210488,-0.0001555073136573,0.0739424247618946,0.3015282027633116,0.3378181938339215,-0.0147396707958426,0.0215503202747672,0.3087930327331312,0.3657884323350993,-0.007474840826023,0.049520558775945,,,,,,,,,,,,
825095,2026-08-03,SD,ARI,Michael King,Brandon Pfaadt,woba+plat_consol_v1,wOBA,0.3176006909855504,0.312752888215584,0.294271198952708,0.3153107533233221,0.004847802769966381,-0.02103955437061411,-0.0245128655932109,-0.0123343342542071,-0.012178531339003798,SD,0.012178531339003798,-0.05785955202394941,SD,0.05785955202394941,True,AGREE,pending,,,,,,,,,,,,,,,,,,,,,2026-08-03T23:30:38.372345+00:00,2026-08-04T01:40:00Z,pregame,posted,posted,9.0,9.0,0.0,0.0,False,False,,,,,starter_bullpen_sequential,starter_bullpen_sequential,0.294271198952708,0.3153107533233221,0.2830185605329257,0.2906769362525271,5.761363636363637,5.694444444444445,7.0,8.0,1239.00590521066,1220.0,4.10904255319149,4.277777777777778,4.067880577655946,4.038566151557138,0.3184878091794414,0.315060989145199,0.3176006909855504,0.312752888215584,-0.000887118193891,-0.0023081009296149,0.6424674502221541,0.6459834987525187,0.3575325497778459,0.3540165012474813,0.2955113178988306,0.3118064053662278,-0.0207565556603235,-0.0044614681929264,0.2850051138197296,0.2895677073576933,-0.0312627597394246,-0.0267001662014609,0.2917550079659433,0.3039335393049471,-0.0245128655932109,-0.0123343342542071,,,,,,,,,,,,
823431,2026-08-03,WSH,PHI,Andrew Alvarez,Aaron Nola,split+plat_consol_v1,wOBA/xwOBA,0.3213994691513234,0.3271802461201538,0.3236898710642796,0.3200549073823184,-0.005780776968830392,0.003634963681961201,0.004967709151799,0.0049286931719908,3.90159798082006e-05,PHI,3.90159798082006e-05,-0.15699093122230792,WSH,0.15699093122230792,True,DIVERGE,pending,,,,,,,,,,,,,,,,,,,,,2026-08-03T20:22:53.096028+00:00,2026-08-03T22:40:00Z,pregame,projected,posted,0.0,9.0,0.0,0.0,False,False,,,,,starter_bullpen_sequential,starter_bullpen_sequential,0.3236898710642796,0.3200549073823184,0.3078540888254585,0.295435315409037,4.4523809523809526,5.568181818181818,7.0,8.0,473.0,1170.9136363636364,4.369942196531792,4.368421052631579,4.330834194142774,4.307985499451799,0.3202865873452145,0.3237619194269268,0.3213994691513234,0.3271802461201538,0.0011128818061089,0.003418326693227,0.4969562357230397,0.6219679559567166,0.5030437642769603,0.3780320440432834,0.329901057040797,0.3320633979819285,0.0136331834816427,0.0157955244227742,0.31267497266164,0.3033176040154805,-0.0035929008975142,-0.0129502695436737,0.3212355827109533,0.3211965667311451,0.004967709151799,0.0049286931719908,,,,,,,,,,,,
822867,2026-08-03,SF,TEX,Logan Webb,Cal Quantrill,woba+plat_consol_v1,wOBA,0.3155822277389551,0.31717357238846,0.2878477599930297,0.3117959523092132,-0.0015913446495048889,-0.023948192316183503,-0.0258641202384264,-0.0122378362216713,-0.013626284016755101,SF,0.013626284016755101,-0.0801825205198491,SF,0.0801825205198491,True,AGREE,pending,,,,,,,,,,,,,,,,,,,,,2026-08-03T23:30:38.372345+00:00,2026-08-04T00:05:00Z,pregame,posted,posted,9.0,9.0,1.0,0.0,False,False,,,,,starter_bullpen_sequential,starter_bullpen_sequential,0.2878477599930297,0.3117959523092132,0.2982120294015118,0.2948598683348495,5.932017543859649,4.6875,5.0,7.0,583.0,854.097619047619,4.084033613445378,4.244318181818182,4.215322252390692,4.171392808425066,0.3143046712980521,0.3158322709276366,0.3155822277389551,0.31717357238846,0.001277556440903,0.0013413014608233,0.6519685113918541,0.5251569425838295,0.3480314886081459,0.4748430574161705,0.2872237269185607,0.3126888448620065,-0.0290441466405935,-0.0035790286971477,0.2963609070481078,0.2944537514152581,-0.0199069665110464,-0.0218141221438961,0.2904037533207277,0.3040300373374829,-0.0258641202384264,-0.0122378362216713,,,,,,,,,,,,
824647,2026-08-03,LAD,CHC,Justin Wrobleski,Matthew Boyd,woba+plat_consol_v1,wOBA,0.3327060858635681,0.3351609601687331,0.2784276636719771,0.3021518378500412,-0.002454874305165,-0.023724174178064106,-0.0224726356682493,0.0062993202441528,-0.0287719559124021,LAD,0.0287719559124021,-0.0486002435226748,LAD,0.0486002435226748,True,AGREE,pending,,,,,,,,,,,,,,,,,,,,,2026-08-03T23:30:38.372345+00:00,2026-08-04T00:05:00Z,pregame,posted,posted,9.0,9.0,0.0,0.0,False,False,,,,,starter_bullpen_sequential,starter_bullpen_sequential,0.2784276636719771,0.3021518378500412,0.2851437013565128,0.3100061324610698,6.563725490196079,6.104166666666667,8.0,8.0,931.4619981325864,740.974358974359,3.985207100591716,4.151515151515151,4.158741500188055,4.110289219806064,0.3284298574439134,0.3342207211249084,0.3327060858635681,0.3351609601687331,0.0042762284196546,0.0009402390438246,0.7208063916932206,0.6804147863381197,0.2791936083067794,0.3195852136618803,0.2928991083854593,0.3202016662360297,-0.0233687651736949,0.0039337926768754,0.2961088147640555,0.3276035342391597,-0.0201590587950987,0.0113356606800054,0.2937952378909049,0.3225671938033071,-0.0224726356682493,0.0062993202441528,,,,,,,,,,,,
