game_pk,game_date,away,home,replay_model_tag,replay_config_hash,replay_asof,input_fidelity,replay_error,wf_home_off_edge,wf_away_off_edge,wf_xw_net,wf_lean,wf_delta,actual_full,actual_f5,wf_full_grade,wf_f5_grade,original_model_tag,original_lean,original_xw_net,original_full_grade,original_f5_grade,changed_from_original,source_lineup_status_away,source_lineup_status_home,source_away_sp,source_home_sp,act_sp_ip_away,act_sp_ip_home,B_home,B_away,P_awaySP,P_homeSP,d_lineup,d_sp,expected_sp_ip_away,expected_sp_ip_home,expected_sp_ip_raw_away,expected_sp_ip_raw_home,starter_xwoba_away,starter_xwoba_home,bullpen_xwoba_away,bullpen_xwoba_home,sp_share_away,sp_share_home,bp_share_away,bp_share_home,market_home_prob,wf_market_pick_prob,wf_close_ml,wf_vs_market,wf_roi
822884,2026-07-02,DET,TEX,xw+plat_consol_v12,f06107626bc8bd0e,2026-07-01,historical_lineup,,-0.0056446052208354,-0.0036529993902642,-0.0019916058305712,DET,0.0019916058305712,4-10,3-5,L,L,xw+plat_consol_v2,DET,-0.01,L,L,False,,,Framber Valdez,Nathan Eovaldi,5.0,5.0,0.3207398976289013,0.3249811258123152,0.3204099427472383,0.3131574715959576,-0.0042412281834138,0.0072524711512806,5.514609555214015,6.047359946611236,5.610294117647059,6.309895833333334,0.3204099427472383,0.3131574715959576,0.2996064021682978,0.2972672098709939,0.6186346859253903,0.6691036640716869,0.3813653140746097,0.3308963359283131,0.5,0.5,-110.0,DIVERGE,-1.0
823119,2026-07-02,LAA,SEA,xw+plat_consol_v12,f06107626bc8bd0e,2026-07-01,historical_lineup,,-0.0142830868985897,-0.0377718366416417,0.0234887497430519,SEA,0.0234887497430519,0-1,0-0,W,T,xw+plat_consol_v2,SEA,0.071,W,T,False,,,Walbert Ureña,Bryce Miller,5.666666666666667,7.0,0.3250133609313502,0.3136301879127879,0.291462325424509,0.2677792410658639,0.0113831730185622,0.023683084358645,5.381805563489455,5.725250017764012,5.435897435897436,5.886904761904762,0.291462325424509,0.2677792410658639,0.3050674375309502,0.3049476331104407,0.6033312295334711,0.5877782245332055,0.3966687704665289,0.4122217754667945,0.6620743436443982,0.6620743436443982,-225.0,AGREE,0.4444444444444444
823442,2026-07-02,PIT,PHI,xw+plat_consol_v12,f06107626bc8bd0e,2026-07-01,historical_lineup,,-0.0007149986196274,-0.017778579390239,0.0170635807706115,PHI,0.0170635807706115,6-1,1-1,L,T,xw+plat_consol_v1,PHI,0.06,L,T,False,,,Jared Jones,Alan Rangel,4.0,4.0,0.3179874233802952,0.3225383674223553,0.3284520971443915,0.3017545721875644,-0.0045509440420601,0.0266975249568271,4.399414954435073,5.202168423548082,4.145833333333334,5.2,0.3284520971443915,0.3017545721875644,0.3082081514659558,0.286648841005583,0.4910884915282084,0.5760208998604434,0.5089115084717916,0.4239791001395566,0.551057677674631,0.551057677674631,-136.0,AGREE,-1.0
823765,2026-07-02,CIN,MIL,xw+plat_consol_v12,f06107626bc8bd0e,2026-07-01,historical_lineup,,-0.0170428044892903,-0.0506974781704063,0.033654673681116,MIL,0.033654673681116,7-2,5-1,L,L,xw+plat_consol_v2,MIL,0.036,L,L,False,,,Chase Burns,Jacob Misiorowski,6.0,5.0,0.3244271168306807,0.3263502682948543,0.2794816710927671,0.2468969336141223,-0.0019231514641736,0.0325847374786447,5.480197169520523,6.340856768322514,5.565104166666667,6.6953125,0.2794816710927671,0.2468969336141223,0.3183944534604253,0.2881273416342589,0.590367471188733,0.6875187640388702,0.409632528811267,0.3124812359611297,0.656183311418163,0.656183311418163,-219.0,AGREE,-1.0
823935,2026-07-02,SD,LAD,xw+plat_consol_v12,f06107626bc8bd0e,2026-07-01,historical_lineup,,0.0520316456865809,-0.0103305575355375,0.0623622032221184,LAD,0.0623622032221184,7-12,6-10,W,W,xw+plat_consol_v2,LAD,0.115,W,W,False,,,Randy Vásquez,Roki Sasaki,3.0,3.0,0.347856725705134,0.3144921328053399,0.3795495373075546,0.3278246725068667,0.033364592899794,0.0517248648006878,4.910258071143351,5.217579839668829,4.816666666666666,5.220238095238095,0.3795495373075546,0.3278246725068667,0.2857583299220694,0.2840591316179769,0.5617943715776923,0.5966738107121111,0.4382056284223077,0.4033261892878889,0.656183311418163,0.656183311418163,-219.0,AGREE,0.45662100456621
824093,2026-07-02,TB,KC,xw+plat_consol_v12,f06107626bc8bd0e,2026-07-01,historical_lineup,,-0.0092170196548693,-0.0070942463514806,-0.0021227733033887,TB,0.0021227733033887,5-2,5-1,W,W,xw+plat_consol_v2,TB,-0.009,W,W,False,,,Ian Seymour,Stephen Kolek,6.0,2.0,0.3236426813140893,0.3206920181286614,0.2964069719880202,0.3084566785952786,0.0029506631854279,-0.0120497066072584,4.03452701392916,5.367161231429017,3.6666666666666665,5.416666666666666,0.2964069719880202,0.3084566785952786,0.3085167296606793,0.3085479216963757,0.4503242490955456,0.5841916456195028,0.5496757509044543,0.4158083543804972,0.4751508925131629,0.5248491074868371,-122.0,AGREE,0.819672131147541
824335,2026-07-02,MIA,COL,xw+plat_consol_v12,f06107626bc8bd0e,2026-07-01,historical_lineup,,-0.0047141747749265,0.0238389011910379,-0.0285530759659645,MIA,0.0285530759659645,4-14,4-5,L,L,xw+plat_consol_v2,MIA,-0.01,L,L,False,,,Ryan Gusto,Michael Lorenzen,3.0,4.333333333333333,0.3149476029255293,0.3238228701949053,0.332401710554383,0.3506393898173569,-0.008875267269376,-0.0182376792629738,4.03452701392916,4.913617653204274,3.6666666666666665,4.821078431372548,0.332401710554383,0.3506393898173569,0.303166367143158,0.3167740804480299,0.47341953476925,0.5645964976072256,0.52658046523075,0.4354035023927743,0.448942322325369,0.551057677674631,-136.0,AGREE,-1.0
824416,2026-07-02,CWS,CLE,xw+plat_consol_v12,f06107626bc8bd0e,2026-07-01,historical_lineup,,-0.0218598113688883,0.010979669667848,-0.0328394810367363,CWS,0.0328394810367363,5-6,3-2,L,W,xw+plat_consol_v2,CWS,-0.047,L,W,False,,,Davis Martin,Slade Cecconi,3.333333333333333,5.0,0.3101364541423898,0.3325926939580591,0.3092906702935611,0.3235522390150354,-0.0224562398156693,-0.0142615687214742,5.313617892333041,5.488479472517939,5.346354166666666,5.575980392156863,0.3092906702935611,0.3235522390150354,0.2976115414472067,0.2997440450226545,0.5813140806416427,0.6107366180825118,0.4186859193583573,0.3892633819174882,0.5205006473888649,0.4794993526111351,-101.0,DIVERGE,-1.0
824906,2026-07-02,STL,ATL,xw+plat_consol_v12,f06107626bc8bd0e,2026-07-01,historical_lineup,,0.0047703026447623,0.007658872585413,-0.0028885699406506,STL,0.0028885699406506,11-5,3-5,W,L,xw+plat_consol_v2,STL,-0.09,W,L,False,,,Dustin May,Hurston Waldrep,0.6666666666666666,5.333333333333333,0.3286385740262311,0.3331324572184703,0.3040609511319507,0.3237405392885912,-0.0044938831922392,-0.0196795881566405,5.659071583833748,5.202168423548082,5.800000000000001,5.2,0.3040609511319507,0.3237405392885912,0.3272188627926265,0.2839732909202663,0.6140010514076746,0.674553673226575,0.3859989485923254,0.325446326773425,0.5291347851677457,0.4708652148322543,103.0,DIVERGE,1.03
822714,2026-07-03,PIT,WSH,xw+plat_consol_v12,f06107626bc8bd0e,2026-07-02,historical_lineup,,0.0137716807103093,0.001983867051483,0.0117878136588262,WSH,0.0117878136588262,5-9,1-5,W,W,xw+plat_consol_v2,WSH,0.035,W,W,False,,,Mitch Keller,Foster Griffin,6.0,5.0,0.3258477264790595,0.329101650299853,0.3380034603787142,0.309183474220229,-0.0032539238207935,0.0288199861584851,5.062356301494383,5.663419794787831,5.330882352941177,6.08578431372549,0.3380034603787142,0.309183474220229,0.3080914666485562,0.311602400799405,0.5575187790981669,0.6184346589399534,0.442481220901833,0.3815653410600466,0.5733788395904437,0.5733788395904437,-150.0,AGREE,0.6666666666666666
823120,2026-07-03,TOR,SEA,xw+plat_consol_v12,f06107626bc8bd0e,2026-07-02,historical_lineup,,-0.0285524202581143,-0.0096194321207178,-0.0189329881373965,TOR,0.0189329881373965,2-0,2-0,W,W,xw+plat_consol_v2,TOR,-0.032,W,W,False,,,Dylan Cease,Luis Castillo,7.0,6.0,0.3249126831783154,0.3079667954120712,0.2814493031405668,0.327247692733746,0.0169458877662442,-0.0457983895931792,5.064307806342738,5.005612545134511,5.333333333333333,5.259615384615385,0.2814493031405668,0.327247692733746,0.2860041984523515,0.305767105489866,0.5644109052256204,0.5589417573616399,0.4355890947743795,0.4410582426383601,0.448942322325369,0.551057677674631,-136.0,AGREE,0.7352941176470589
823527,2026-07-03,MIN,NYY,xw+plat_consol_v12,f06107626bc8bd0e,2026-07-02,historical_lineup,,0.0091110988960619,-0.0217099618958876,0.0308210607919496,NYY,0.0308210607919496,2-5,2-3,W,W,xw+plat_consol_v2,NYY,0.075,W,W,False,,,Mike Paredes,Gerrit Cole,4.0,5.0,0.3221520930828015,0.3153575103194895,0.3373416052862595,0.3031989888850557,0.006794582763312,0.0341426164012038,4.400796157901917,4.912648000984835,4.5,5.142857142857142,0.3373416052862595,0.3031989888850557,0.3110836965673407,0.2927830074759334,0.4827997350235786,0.5500370318590556,0.5172002649764214,0.4499629681409444,0.6748278500382555,0.6748278500382555,-240.0,AGREE,0.4166666666666667
823933,2026-07-03,SD,LAD,xw+plat_consol_v12,f06107626bc8bd0e,2026-07-02,historical_lineup,,0.0252975524423091,-0.0394335271354285,0.0647310795777377,LAD,0.0647310795777377,3-4,2-0,W,L,xw+plat_consol_v2,LAD,0.116,W,L,False,,,Michael King,Shohei Ohtani,6.0,6.0,0.3470534803957248,0.3202495190998266,0.3323616440847374,0.2709920995402288,0.0268039612958982,0.0613695445445085,5.329712465719066,5.6997478081187545,5.666666666666666,6.131410256410257,0.3323616440847374,0.2709920995402288,0.288433512193943,0.2846869202861019,0.591529398296064,0.627830892803443,0.408470601703936,0.372169107196557,0.7009913655260633,0.7009913655260633,-274.0,AGREE,0.364963503649635
824013,2026-07-03,BOS,LAA,xw+plat_consol_v12,f06107626bc8bd0e,2026-07-02,historical_lineup,,-0.0256981948907679,-0.0300076446533779,0.0043094497626099,LAA,0.0043094497626099,5-2,5-0,L,L,xw+plat_consol_v2,BOS,-0.015,W,W,True,,,Jake Bennett,Reid Detmers,7.666666666666667,5.0,0.3207568035013403,0.3186180846757168,0.2824748345419847,0.281074579269001,0.0021387188256234,0.0014002552729837,5.246773509663964,5.720013435390137,5.5625,6.15686274509804,0.2824748345419847,0.281074579269001,0.3065570292947308,0.3053889047401935,0.5617689326144876,0.6249126478747757,0.4382310673855124,0.3750873521252242,0.5098167539267016,0.5098167539267016,-114.0,AGREE,-1.0
824173,2026-07-03,TB,HOU,xw+plat_consol_v12,f06107626bc8bd0e,2026-07-02,historical_lineup,,0.0002184019239525,0.0026300909244021,-0.0024116890004496,TB,0.0024116890004496,3-1,0-0,W,T,xw+plat_consol_v2,TB,-0.004,W,T,False,,,Nick Martinez,Spencer Arrighetti,5.333333333333333,6.0,0.3162834019939193,0.3181160951069726,0.3275189673718983,0.3331255755099866,-0.0018326931130532,-0.0056066081380883,5.371181943746617,4.959677123319377,5.71875,5.201923076923077,0.3275189673718983,0.3331255755099866,0.3049908502700733,0.3024638867109376,0.5960431941748513,0.5611593492568514,0.4039568058251487,0.4388406507431486,0.5,0.5,-110.0,DIVERGE,0.9090909090909092
824336,2026-07-03,SF,COL,xw+plat_consol_v12,f06107626bc8bd0e,2026-07-02,historical_lineup,,-0.0156591838353475,0.0067976363294293,-0.0224568201647769,SF,0.0224568201647769,3-15,2-14,L,L,xw+plat_consol_v2,SF,-0.059,L,L,False,,,Logan Webb,Ryan Feltner,3.0,6.0,0.3153730439513943,0.3134326352456206,0.3007543104340878,0.3392866784691078,0.0019404087057737,-0.0385323680350199,6.391331103224379,4.9436693248080426,7.0,5.181818181818182,0.3007543104340878,0.3392866784691078,0.3143370021496295,0.3168993971540145,0.6889089363677077,0.5339131092264403,0.3110910636322923,0.4660868907735597,0.41191381495564,0.5880861850443599,-160.0,AGREE,-1.0
824417,2026-07-03,CWS,CLE,xw+plat_consol_v12,f06107626bc8bd0e,2026-07-02,historical_lineup,,-0.0070627329799738,0.0039524224318643,-0.0110151554118382,CWS,0.0110151554118382,3-4,3-1,L,W,xw+plat_consol_v2,CWS,-0.001,L,W,False,,,Anthony Kay,Gavin Williams,4.0,4.666666666666667,0.3035432550918757,0.325295633299682,0.3462735270023865,0.3260383990469153,-0.0217523782078063,0.0202351279554711,4.526863371105673,5.124804456641754,4.658333333333333,5.409313725490196,0.3462735270023865,0.3260383990469153,0.2988901868592883,0.3007842410727296,0.5237859375499121,0.5596024242153714,0.4762140624500879,0.4403975757846285,0.552982006111132,0.447017993888868,114.0,DIVERGE,-1.0
824498,2026-07-03,BAL,CIN,xw+plat_consol_v12,f06107626bc8bd0e,2026-07-02,historical_lineup,,-7.187706698141838e-05,0.0304213155067258,-0.0304931925737073,BAL,0.0304931925737073,3-0,3-0,W,W,xw+plat_consol_v2,BAL,-0.053,W,W,False,,,Trevor Rogers,Brady Singer,5.0,5.0,0.3289179651824191,0.3296992205743882,0.3141252565448844,0.3499309869980452,-0.000781255391969,-0.0358057304531608,5.449144562438414,4.881842103021511,5.816666666666666,5.104166666666666,0.3141252565448844,0.3499309869980452,0.3024955953161165,0.318969806005192,0.6117713462603489,0.5567123197451271,0.3882286537396511,0.4432876802548728,0.4729987697789844,0.5270012302210156,-123.0,AGREE,0.8130081300813008
824659,2026-07-03,STL,CHC,xw+plat_consol_v12,f06107626bc8bd0e,2026-07-02,historical_lineup,,0.0038195981535262,0.0219843098600978,-0.0181647117065715,STL,0.0181647117065715,17-1,14-0,W,W,xw+plat_consol_v2,STL,-0.05,W,W,False,,,Andre Pallante,David Peterson,5.666666666666667,3.6666666666666665,0.3276066874027017,0.3351956147381358,0.3061471247048829,0.3341975788385296,-0.007588927335434,-0.0280504541336467,5.603411020700904,4.566674070012121,6.010416666666666,4.708333333333332,0.3061471247048829,0.3341975788385296,0.3201531184843613,0.3130182194653474,0.6111168870291751,0.4686414405958939,0.3888831129708249,0.5313585594041061,0.552982006111132,0.447017993888868,114.0,DIVERGE,1.14
824904,2026-07-03,NYM,ATL,xw+plat_consol_v12,f06107626bc8bd0e,2026-07-02,historical_lineup,,0.0044233028251462,0.0046486580952882,-0.000225355270142,NYM,0.000225355270142,3-5,2-4,L,L,xw+plat_consol_v2,NYM,-0.016,L,L,False,,,Christian Scott,Grant Holmes,4.0,5.0,0.3281455898879892,0.3317911745581145,0.3272423551017381,0.3318334956454251,-0.0036455846701253,-0.0045911405436869,4.682788608489265,4.367620575479876,4.854166666666666,4.458333333333333,0.3272423551017381,0.3318334956454251,0.2958369817079264,0.2864785649225888,0.5358655848385867,0.5053052912301227,0.4641344151614133,0.4946947087698773,0.5205006473888649,0.4794993526111351,-101.0,DIVERGE,-1.0
824982,2026-07-03,MIA,ATH,xw+plat_consol_v12,f06107626bc8bd0e,2026-07-02,historical_lineup,,0.0027835444833161,-0.0071178069879971,0.0099013514713133,ATH,0.0099013514713133,12-5,7-5,L,L,xw+plat_consol_v2,ATH,0.032,L,L,False,,,Tyler Phillips,Jack Perkins,3.333333333333333,3.6666666666666665,0.3251608807283946,0.3244456004992287,0.3231312324805132,0.3117187107015686,0.0007152802291658,0.0114125217789446,5.080895597553758,4.480417555714815,5.354166666666667,4.6,0.3231312324805132,0.3117187107015686,0.3005708602082184,0.2978731705490233,0.5677843729189196,0.5092618844969498,0.4322156270810804,0.4907381155030502,0.5630832299476779,0.5630832299476779,-143.0,AGREE,-1.0
825062,2026-07-03,MIL,ARI,xw+plat_consol_v12,f06107626bc8bd0e,2026-07-02,historical_lineup,,-0.0227143542426392,-0.0029525809524396,-0.0197617732901995,MIL,0.0197617732901995,7-4,3-3,W,T,xw+plat_consol_v2,MIL,-0.032,W,T,False,,,Kyle Harrison,Jose Cabrera,2.6666666666666665,3.333333333333333,0.329216858839614,0.3271979081313808,0.2839822423230183,0.3161967170930106,0.0020189507082332,-0.0322144747699923,4.8718894282949,4.798903146966409,5.091666666666667,5.0,0.2839822423230183,0.3161967170930106,0.2890205115183332,0.2949350659747295,0.5338927206518255,0.5376054268524879,0.4661072793481745,0.4623945731475121,0.448942322325369,0.551057677674631,-136.0,AGREE,0.7352941176470589
822716,2026-07-04,PIT,WSH,xw+plat_consol_v12,f06107626bc8bd0e,2026-07-03,historical_lineup,,-0.0080431211797379,-0.0024081746662178,-0.0056349465135201,PIT,0.0056349465135201,7-1,5-1,W,W,xw+plat_consol_v2,PIT,-0.016,W,W,False,,,Braxton Ashcraft,Carson Palmquist,5.666666666666667,1.0,0.3358573890632039,0.3220741384867377,0.2825416045586272,0.314867247455142,0.0137832505764662,-0.0323256428965148,5.322727564261882,3.642966614120773,5.764705882352941,3.333333333333333,0.2825416045586272,0.314867247455142,0.309258830394936,0.3113110265725268,0.5736613467455274,0.3824446579547211,0.4263386532544726,0.6175553420452788,0.4086853434828726,0.5913146565171274,-162.0,AGREE,0.6172839506172839
822882,2026-07-04,DET,TEX,xw+plat_consol_v12,f06107626bc8bd0e,2026-07-03,historical_lineup,,-0.0030325741338471,-0.0008452816912158,-0.0021872924426312,DET,0.0021872924426312,3-0,3-0,W,W,xw+plat_consol_v2,DET,-0.023,W,W,False,,,Jack Flaherty,Cal Quantrill,5.666666666666667,5.0,0.3220559725986571,0.3270118289061983,0.3218438214841587,0.3299978632620547,-0.0049558563075411,-0.0081540417778959,4.528143062393218,3.4126768064401363,4.614583333333334,3.0,0.3218438214841587,0.3299978632620547,0.3008029000025304,0.2966973555048224,0.5212805164390935,0.3787854267785507,0.4787194835609065,0.6212145732214492,0.4773218142548596,0.5226781857451404,-121.0,AGREE,0.8264462809917356
823118,2026-07-04,TOR,SEA,xw+plat_consol_v12,f06107626bc8bd0e,2026-07-03,historical_lineup,,0.0260906327243832,-0.0186053648301039,0.0446959975544871,SEA,0.0446959975544871,0-11,0-7,W,W,xw+plat_consol_v2,SEA,0.269,W,W,False,,,Shane Bieber,Logan Gilbert,4.0,7.333333333333333,0.3244698124262951,0.3099089204978703,0.385108167498263,0.3076360240972814,0.0145608919284248,0.0774721434009815,4.448980941002998,5.598736671996763,4.5,6.164215686274511,0.385108167498263,0.3076360240972814,0.2853928011229416,0.3064011224713514,0.5290508560615331,0.5992110757201542,0.4709491439384669,0.4007889242798458,0.6012451823302698,0.6012451823302698,-169.0,AGREE,0.591715976331361
823526,2026-07-04,MIN,NYY,xw+plat_consol_v12,f06107626bc8bd0e,2026-07-03,historical_lineup,,0.0056602370918622,-0.0024383078930932,0.0080985449849554,NYY,0.0080985449849554,11-4,6-4,L,L,xw+plat_consol_v2,MIN,-0.144,W,W,True,,,Zebby Matthews,Brendan Beck,4.666666666666667,3.6666666666666665,0.3255569583091279,0.3160373675252256,0.3194147962074517,0.3368183004624037,0.0095195907839022,-0.0174035042549519,5.811528969780095,4.932589537132334,6.472222222222222,5.2,0.3194147962074517,0.3368183004624037,0.3118869576951694,0.2916092761289907,0.6255133933188812,0.5574997275482013,0.3744866066811187,0.4425002724517987,0.5727229047978585,0.5727229047978585,-149.0,AGREE,-1.0
823932,2026-07-04,SD,LAD,xw+plat_consol_v12,f06107626bc8bd0e,2026-07-03,historical_lineup,,-0.0087487984737929,-0.02332610854897,0.014577310075177,LAD,0.014577310075177,0-3,0-1,W,W,xw+plat_consol_v2,LAD,0.049,W,W,False,,,Wandy Peralta,Yoshinobu Yamamoto,1.0,7.0,0.3358191620545635,0.3189961798734394,0.316720374834207,0.298301200744718,0.0168229821811241,0.018419174089489,2.03093796035632,5.934350200543101,1.0,6.65,0.316720374834207,0.298301200744718,0.2844902482187492,0.2837631755661662,0.2258850161741275,0.6481513223095694,0.7741149838258725,0.3518486776904306,0.7082891347173814,0.7082891347173814,-285.0,AGREE,0.3508771929824561
824012,2026-07-04,BOS,LAA,xw+plat_consol_v12,f06107626bc8bd0e,2026-07-03,historical_lineup,,-0.0195597239419538,0.0006668818129946,-0.0202266057549485,BOS,0.0202266057549485,8-1,7-1,W,W,xw+plat_consol_v2,BOS,-0.048,W,W,False,,,Sonny Gray,Sam Aldegheri,6.0,4.0,0.3129105035525679,0.32028610873794,0.301051414078379,0.3334440684645992,-0.007375605185372,-0.0323926543862202,5.692545902478432,4.33383603716268,6.3,4.333333333333334,0.301051414078379,0.3334440684645992,0.306120238121686,0.3059863300810329,0.619385458213441,0.4947808298670042,0.3806145417865589,0.5052191701329958,0.3854625550660792,0.6145374449339208,-180.0,AGREE,0.5555555555555556
824092,2026-07-04,PHI,KC,xw+plat_consol_v12,f06107626bc8bd0e,2026-07-03,historical_lineup,,-0.0210466201682185,-0.0055330076264253,-0.0155136125417931,PHI,0.0155136125417931,6-1,3-1,W,W,xw+plat_consol_v2,PHI,-0.019,W,W,False,,,Jesús Luzardo,Michael Wacha,6.0,6.0,0.3274754796504509,0.3213779094681288,0.2882129726697502,0.3098726170116201,0.0060975701823221,-0.0216596443418698,5.44295239033045,5.874745779731642,5.938725490196078,6.563725490196079,0.2882129726697502,0.3098726170116201,0.2915117369668658,0.3085365342382227,0.5960632581961433,0.6383894083479378,0.4039367418038567,0.3616105916520622,0.4086853434828726,0.5913146565171274,-162.0,AGREE,0.6172839506172839
824171,2026-07-04,TB,HOU,xw+plat_consol_v12,f06107626bc8bd0e,2026-07-03,historical_lineup,,-0.0244735430966648,-0.0261510050155296,0.0016774619188648,HOU,0.0016774619188648,8-10,7-5,W,L,xw+plat_consol_v2,HOU,0.026,W,L,False,,,Drew Rasmussen,Hunter Brown,5.0,4.0,0.3216466004208662,0.3168826245799065,0.2805426928777448,0.2866479026808331,0.0047639758409596,-0.0061052098030883,5.6795921007963965,4.84047361406008,6.28125,5.066666666666666,0.2805426928777448,0.2866479026808331,0.3039781562036087,0.3011762791421085,0.6183252718736563,0.5394042343765868,0.3816747281263437,0.4605957656234132,0.5173641257162701,0.5173641257162701,-118.0,AGREE,0.847457627118644
824334,2026-07-04,SF,COL,xw+plat_consol_v12,f06107626bc8bd0e,2026-07-03,historical_lineup,,0.0028257233123761,-0.0076949693038766,0.0105206926162527,COL,0.0105206926162527,6-4,6-3,L,L,xw+plat_consol_v2,COL,0.044,L,L,False,,,Robbie Ray,Sean Sullivan,6.0,5.666666666666667,0.3200376188844589,0.3186948331908977,0.3275957015166363,0.3009201535838001,0.0013427856935612,0.0266755479328361,5.434909180135721,4.218691133322363,5.927083333333334,4.166666666666667,0.3275957015166363,0.3009201535838001,0.3113774118992378,0.3164685283198067,0.5881662678475315,0.4962098731229504,0.4118337321524685,0.5037901268770496,0.4576160383525822,0.4576160383525822,109.0,DIVERGE,-1.0
824415,2026-07-04,CWS,CLE,xw+plat_consol_v12,f06107626bc8bd0e,2026-07-03,historical_lineup,,-0.0226591235007866,-0.0148195709167542,-0.0078395525840324,CWS,0.0078395525840324,3-1,1-1,W,T,xw+plat_consol_v2,CLE,0.013,L,T,True,,,Sean Burke,Parker Messick,6.0,5.0,0.3100489858838827,0.3320856687059237,0.3084794003126316,0.2860149359045033,-0.022036682822041,0.0224644644081283,5.1066354879371225,5.61397643868151,5.451923076923077,6.186274509803923,0.3084794003126316,0.2860149359045033,0.2980440633651648,0.3003401829771265,0.5641738798409341,0.609054673584783,0.4358261201590658,0.3909453264152169,0.5709639471316864,0.4290360528683136,123.0,DIVERGE,1.23
824658,2026-07-04,STL,CHC,xw+plat_consol_v12,f06107626bc8bd0e,2026-07-03,historical_lineup,,0.0299924206787959,0.0009652421298587,0.0290271785489372,CHC,0.0290271785489372,3-0,2-0,L,L,xw+plat_consol_v2,CHC,0.061,L,L,False,,,Kyle Leahy,Shota Imanaga,5.0,4.666666666666667,0.326175072048691,0.3315726867856288,0.3547542968389773,0.3020473144198621,-0.0053976147369377,0.0527069824191151,4.93115022583433,5.28547480125472,5.197916666666666,5.7107843137254894,0.3547542968389773,0.3020473144198621,0.3198481167717009,0.3128641459870093,0.5488047759791161,0.5821062777107169,0.4511952240208838,0.4178937222892831,0.6116667597921439,0.6116667597921439,-178.0,AGREE,-1.0
824903,2026-07-04,NYM,ATL,xw+plat_consol_v12,f06107626bc8bd0e,2026-07-03,historical_lineup,,-0.008779306571864,-0.021670980281598,0.0128916737097339,ATL,0.0128916737097339,3-14,1-6,W,W,xw+plat_consol_v2,ATL,0.028,W,W,False,,,Sean Manaea,Chris Sale,5.0,5.0,0.3211551217733987,0.3296682991801024,0.3143389655732233,0.2873492904962642,-0.0085131774067037,0.026989675076959,4.794415652523952,5.312567719805383,5.0,5.75,0.3143389655732233,0.2873492904962642,0.2959496907825169,0.2848928140254068,0.5524678371145788,0.5961329706568278,0.4475321628854212,0.4038670293431722,0.6351437386747637,0.6351437386747637,-198.0,AGREE,0.5050505050505051
824983,2026-07-04,MIA,ATH,xw+plat_consol_v12,f06107626bc8bd0e,2026-07-03,historical_lineup,,-0.0092610429832024,0.0109555525472456,-0.020216595530448,MIA,0.020216595530448,7-2,4-0,W,W,xw+plat_consol_v2,MIA,-0.04,W,W,False,,,Sandy Alcantara,Aaron Civale,8.0,4.666666666666667,0.3192621228385292,0.3243831926595928,0.3088898770516239,0.3443977043158907,-0.0051210698210635,-0.0355078272642667,5.883494534680294,4.405801602062879,6.576388888888889,4.4375,0.3088898770516239,0.3443977043158907,0.3050346795755791,0.3015999415559355,0.653534803685521,0.500710511076485,0.346465196314479,0.499289488923515,0.4369167700523221,0.5630832299476779,-143.0,AGREE,0.6993006993006993
825063,2026-07-04,MIL,ARI,xw+plat_consol_v12,f06107626bc8bd0e,2026-07-03,historical_lineup,,-0.031053963747321,0.0477222118760742,-0.0787761756233952,MIL,0.0787761756233952,3-4,2-3,L,L,xw+plat_consol_v2,MIL,-0.147,L,L,False,,,Brandon Woodruff,Merrill Kelly,3.6666666666666665,5.0,0.3177888273192396,0.3307065437032201,0.2847979536625062,0.3885356449182935,-0.0129177163839804,-0.1037376912557872,4.848389826199101,5.298174606825343,5.078125,5.729166666666666,0.2847979536625062,0.3885356449182935,0.2897168483931289,0.2942710446547286,0.5209577670881302,0.6115330721936602,0.4790422329118697,0.3884669278063398,0.4018300574902929,0.5981699425097071,-167.0,AGREE,-1.0
822715,2026-07-05,PIT,WSH,xw+plat_consol_v12,f06107626bc8bd0e,2026-07-04,historical_lineup,,0.0142738992875713,-0.0001287988947229,0.0144026981822943,WSH,0.0144026981822943,11-5,4-4,L,T,xw+plat_consol_v2,WSH,0.015,L,T,False,,,Bubba Chandler,Cade Cavalli,4.0,2.333333333333333,0.3379164847313144,0.3220161657930044,0.3164263397787909,0.3156121061449514,0.01590031893831,0.0008142336338394,5.1115883780871965,4.835149947835324,5.424479166666666,5.090277777777778,0.3164263397787909,0.3156121061449514,0.3091839966066508,0.3099724412461222,0.5723829744066653,0.5423205339504713,0.4276170255933347,0.4576794660495287,0.554890592855807,0.554890592855807,-138.0,AGREE,-1.0
822879,2026-07-05,DET,TEX,xw+plat_consol_v12,f06107626bc8bd0e,2026-07-04,historical_lineup,,-0.0291735714314187,0.0044697953148328,-0.0336433667462515,DET,0.0336433667462515,6-3,6-2,W,W,xw+plat_consol_v2,DET,-0.08,W,W,False,,,Casey Mize,Kumar Rocker,6.666666666666667,4.333333333333333,0.3186145100926889,0.3264122666709945,0.2785926820227786,0.3257572449415335,-0.0077977565783056,-0.0471645629187549,5.199905071388444,4.701392725924959,5.53125,4.928571428571429,0.2785926820227786,0.3257572449415335,0.3005731148565575,0.3014899153803618,0.5540154274285713,0.5274420497375275,0.4459845725714286,0.4725579502624725,0.466652901094363,0.533347098905637,-126.0,AGREE,0.7936507936507936
823117,2026-07-05,TOR,SEA,xw+plat_consol_v12,f06107626bc8bd0e,2026-07-04,historical_lineup,,-0.0320125184821547,-0.0093002348172318,-0.0227122836649229,TOR,0.0227122836649229,0-4,0-3,L,L,xw+plat_consol_v2,TOR,-0.033,L,L,False,,,Trey Yesavage,Emerson Hancock,6.0,7.0,0.3164701042126386,0.3096532645109831,0.2894390822300557,0.3250526451174801,0.0068168397016555,-0.0356135628874243,5.501474268026849,5.070661129971985,5.895833333333333,5.375,0.2894390822300557,0.3250526451174801,0.2851570288108218,0.3060881601943863,0.6056266608853169,0.5414149026352288,0.3943733391146831,0.4585850973647711,0.5,0.5,-110.0,DIVERGE,-1.0
823525,2026-07-05,MIN,NYY,xw+plat_consol_v12,f06107626bc8bd0e,2026-07-04,historical_lineup,,-0.0129577749441129,-0.0023731432645603,-0.0105846316795525,MIN,0.0105846316795525,6-1,4-0,W,W,xw+plat_consol_v2,MIN,-0.042,W,W,False,,,Joe Ryan,Ryan Weathers,7.0,4.0,0.3253229081810114,0.3251001194237495,0.2876084335080817,0.3282253035418433,0.0002227887572618,-0.0406168700337616,5.093637830668244,4.853100495254278,5.402777777777778,5.111979166666666,0.2876084335080817,0.3282253035418433,0.3119498879769782,0.2923725216838992,0.5463750863155965,0.5363162391904008,0.4536249136844035,0.4636837608095991,0.552982006111132,0.447017993888868,114.0,DIVERGE,1.14
823931,2026-07-05,SD,LAD,xw+plat_consol_v12,f06107626bc8bd0e,2026-07-04,historical_lineup,,0.0324753146981899,-0.0235512473388973,0.0560265620370872,LAD,0.0560265620370872,5-2,1-0,L,L,xw+plat_consol_v2,LAD,0.137,L,L,False,,,JP Sears,Emmet Sheehan,5.0,4.333333333333333,0.3438164877568209,0.3127614617197021,0.3500281116936057,0.3142297969610752,0.0310550260371187,0.0357983147325304,4.898335874750039,4.298643986577668,5.166666666666667,4.441666666666666,0.3500281116936057,0.3142297969610752,0.2892504138184411,0.2829802371886316,0.582785625233809,0.4932237317118732,0.417214374766191,0.5067762682881267,0.6631674656968094,0.6631674656968094,-226.0,AGREE,-1.0
824010,2026-07-05,BOS,LAA,xw+plat_consol_v12,f06107626bc8bd0e,2026-07-04,historical_lineup,,-0.0190229809842307,-0.0093744282256852,-0.0096485527585454,BOS,0.0096485527585454,7-5,5-3,W,W,xw+plat_consol_v2,BOS,-0.042,W,W,False,,,Ranger Suarez,Ryan Johnson,2.6666666666666665,4.0,0.3241495850308573,0.3131297520855727,0.29060133786126,0.31959818366844,0.0110198329452846,-0.02899684580718,5.445468560079717,4.622615466394926,5.828125,4.833333333333333,0.29060133786126,0.31959818366844,0.305530881802645,0.306138104000844,0.5951005534205447,0.5305437573603563,0.4048994465794553,0.4694562426396437,0.4070892345793669,0.5929107654206331,-163.0,AGREE,0.6134969325153374
824091,2026-07-05,PHI,KC,xw+plat_consol_v12,f06107626bc8bd0e,2026-07-04,historical_lineup,,-0.0110640596587661,0.0015831292066278,-0.012647188865394,PHI,0.012647188865394,2-5,1-3,L,L,xw+plat_consol_v2,PHI,-0.006,L,L,False,,,Aaron Nola,Luinder Avila,7.0,5.0,0.3168405589989982,0.3219694873800601,0.3251220477023918,0.3267654142288917,-0.0051289283810619,-0.0016433665264999,4.588150415350536,3.982550232713413,4.791666666666666,4.059523809523809,0.3251220477023918,0.3267654142288917,0.2904045949588882,0.3090703271823973,0.5119465804283228,0.4488715933903993,0.4880534195716772,0.5511284066096007,0.448942322325369,0.551057677674631,-136.0,AGREE,-1.0
824172,2026-07-05,TB,HOU,xw+plat_consol_v12,f06107626bc8bd0e,2026-07-04,historical_lineup,,0.0042313382262052,-0.0120734386427209,0.0163047768689262,HOU,0.0163047768689262,0-2,0-1,W,W,xw+plat_consol_v2,HOU,0.066,W,W,False,,,Mason Englert,Peter Lambert,5.666666666666667,5.666666666666667,0.3211178166935267,0.3221093179376122,0.3379248416859088,0.302888333546441,-0.0009915012440854,0.0350365081394677,3.6575940371520295,5.396753536007359,3.6666666666666665,5.769230769230769,0.3379248416859088,0.302888333546441,0.3030876908400351,0.3009198587815946,0.4258265028863815,0.6002378066224971,0.5741734971136185,0.3997621933775028,0.5173641257162701,0.5173641257162701,-118.0,AGREE,0.847457627118644
824333,2026-07-05,SF,COL,xw+plat_consol_v12,f06107626bc8bd0e,2026-07-04,historical_lineup,,0.0002408304370058,0.0059494446858361,-0.0057086142488303,SF,0.0057086142488303,6-7,5-4,L,W,xw+plat_consol_v2,SF,-0.013,L,W,False,,,Tyler Mahle,Tanner Gordon,4.333333333333333,5.0,0.3202200545222166,0.3207466160246876,0.3209773042740074,0.3276958040923435,-0.0005265615024709,-0.0067184998183361,4.800243037162163,4.209034853862256,5.048076923076923,4.333333333333333,0.3209773042740074,0.3276958040923435,0.3104758394098421,0.3154990929729237,0.5274628148370304,0.4744667743812827,0.4725371851629696,0.5255332256187173,0.4616656250630002,0.5383343749369998,-129.0,AGREE,-1.0
824413,2026-07-05,CWS,CLE,xw+plat_consol_v12,f06107626bc8bd0e,2026-07-04,historical_lineup,,-0.034446976112448,0.0093691401657633,-0.0438161162782113,CWS,0.0438161162782113,7-6,6-6,W,T,xw+plat_consol_v2,CWS,-0.077,W,T,False,,,Chris Murphy,Tanner Bibee,0.6666666666666666,4.0,0.2963920585387216,0.3291745112673291,0.3013528393079168,0.3260513048024283,-0.0327824527286074,-0.0246984654945114,1.4518307703111242,5.834636428122611,1.0,6.298611111111112,0.3013528393079168,0.3260513048024283,0.2972695654411612,0.3010928998936759,0.1645584479580158,0.6372161782656406,0.8354415520419842,0.3627838217343594,0.5691910559179544,0.4308089440820456,122.0,DIVERGE,1.22
824497,2026-07-05,BAL,CIN,xw+plat_consol_v12,f06107626bc8bd0e,2026-07-04,historical_lineup,,-0.0091604008424946,0.0238498857466981,-0.0330102865891928,BAL,0.0330102865891928,2-3,0-2,L,L,xw+plat_consol_v2,BAL,-0.06,L,L,False,,,Kyle Bradish,Nick Lodolo,7.666666666666667,6.0,0.31922385164821,0.3222890174629699,0.3108084335080817,0.3570943104351687,-0.0030651658147599,-0.046285876927087,5.182165706880302,4.708778094005899,5.509803921568627,4.9375,0.3108084335080817,0.3570943104351687,0.3012684264406361,0.3161240573295685,0.5859021223406983,0.5342322750705858,0.4140978776593017,0.4657677249294142,0.4826358742837298,0.5173641257162702,-118.0,AGREE,-1.0
824656,2026-07-05,STL,CHC,xw+plat_consol_v12,f06107626bc8bd0e,2026-07-04,historical_lineup,,0.0256698596734653,0.0220510323467552,0.00361882732671,CHC,0.00361882732671,4-6,0-2,W,W,xw+plat_consol_v2,CHC,0.002,W,W,False,,,Matthew Liberatore,Javier Assad,5.0,4.666666666666667,0.3303827149706714,0.3342729733849864,0.3502295861970896,0.3321733444757031,-0.003890258414315,0.0180562417213864,4.269855532175884,5.053428604449791,4.40686274509804,5.354166666666668,0.3502295861970896,0.3321733444757031,0.3191162819375128,0.3129592852597013,0.4780418293307802,0.5551129602194218,0.5219581706692198,0.4448870397805782,0.5630832299476779,0.5630832299476779,-143.0,AGREE,0.6993006993006993
824902,2026-07-05,NYM,ATL,xw+plat_consol_v12,f06107626bc8bd0e,2026-07-04,historical_lineup,,-0.0142777023857007,-0.002624145595605,-0.0116535567900956,NYM,0.0116535567900956,10-9,5-3,W,W,xw+plat_consol_v2,NYM,-0.036,W,W,False,,,Nolan McLean,Martín Pérez,6.0,4.333333333333333,0.3267685861505789,0.3273275503155697,0.2948434944749313,0.3217995563051837,-0.0005589641649907,-0.0269560618302523,5.362600385877398,4.858568508160359,5.727941176470588,5.118589743589744,0.2948434944749313,0.3217995563051837,0.2976981561147335,0.2877270287387619,0.5983785423273172,0.5438754915252653,0.4016214576726827,0.4561245084747347,0.5260865852617197,0.4739134147382803,102.0,DIVERGE,1.02
824980,2026-07-05,MIA,ATH,xw+plat_consol_v12,f06107626bc8bd0e,2026-07-04,historical_lineup,,0.0017703097197392,-0.0118338476950626,0.0136041574148019,ATH,0.0136041574148019,9-8,6-0,L,L,xw+plat_consol_v2,ATH,0.057,L,L,False,,,Eury Pérez,Gage Jump,7.0,3.0,0.3187895947831797,0.3232863524654398,0.330030389935425,0.3032469875155417,-0.0044967576822601,0.0267834024198833,4.854023666264396,5.2922221724002,5.113095238095238,5.642857142857142,0.330030389935425,0.3032469875155417,0.30483010126024,0.3017588567676155,0.5362136470367336,0.5691986392447032,0.4637863529632664,0.4308013607552968,0.5173641257162701,0.5173641257162701,-118.0,AGREE,-1.0
825061,2026-07-05,MIL,ARI,xw+plat_consol_v12,f06107626bc8bd0e,2026-07-04,historical_lineup,,-0.0035781117286973,0.0081946283666022,-0.0117727400952996,MIL,0.0117727400952996,3-2,0-1,W,L,xw+plat_consol_v2,MIL,-0.004,W,L,False,,,Brandon Sproat,Eduardo Rodriguez,4.0,6.0,0.3226000068506149,0.3223101173964741,0.3271255210433674,0.3357280481596126,0.0002898894541407,-0.0086025271162451,4.812173247139066,5.553171844593433,5.0625,5.958333333333334,0.3271255210433674,0.3357280481596126,0.2896958805794715,0.2943856532355703,0.5392418090137517,0.6189951630888721,0.4607581909862482,0.3810048369111278,0.4751508925131629,0.5248491074868371,-122.0,AGREE,0.819672131147541
822712,2026-07-06,HOU,WSH,xw+plat_consol_v12,f06107626bc8bd0e,2026-07-05,historical_lineup,,0.0085714188063298,0.0046348720980062,0.0039365467083235,WSH,0.0039365467083235,11-12,6-12,W,W,xw+plat_consol_v2,HOU,-0.004,L,L,True,,,Mike Burrows,Miles Mikolas,4.333333333333333,6.0,0.3293655064128251,0.319156170537427,0.329156986171193,0.3328078317576677,0.010209335875398,-0.0036508455864747,5.066585655032503,4.441509610694261,5.34375,4.547619047619048,0.329156986171193,0.3328078317576677,0.2959271184800129,0.3078261977290127,0.577441069844957,0.4870813328352886,0.422558930155043,0.5129186671647115,0.5086640097036909,0.5086640097036909,-114.0,AGREE,0.8771929824561403
822958,2026-07-06,NYY,TB,xw+plat_consol_v12,f06107626bc8bd0e,2026-07-05,historical_lineup,,-0.0345443794019961,0.0073971973247612,-0.0419415767267574,NYY,0.0419415767267574,5-1,3-1,W,W,xw+plat_consol_v2,NYY,-0.086,W,W,False,,,Cam Schlittler,Griffin Jax,8.0,5.0,0.3139535380804657,0.3217357469898373,0.2849458737611949,0.3436097100955578,-0.0077822089093716,-0.0586638363343629,5.287406911817415,4.674014531859328,5.625,4.84375,0.2849458737611949,0.3436097100955578,0.2888404624785332,0.2985729470545217,0.5737341041895834,0.5243185942014632,0.4262658958104166,0.4756814057985368,0.4616656250630002,0.5383343749369998,-129.0,AGREE,0.7751937984496124
823036,2026-07-06,MIL,STL,xw+plat_consol_v12,f06107626bc8bd0e,2026-07-05,historical_lineup,,-0.0147337595913752,0.0037884148094449,-0.0185221744008202,MIL,0.0185221744008202,4-3,0-2,W,L,xw+plat_consol_v2,MIL,-0.019,W,L,False,,,Shane Drohan,Dustin May,6.0,4.666666666666667,0.3335597467377224,0.3270110213246919,0.2939242789244989,0.3078474037987896,0.0065487254130304,-0.0139231248742907,4.843427665371561,4.712862715923339,5.059523809523809,4.893229166666666,0.2939242789244989,0.3078474037987896,0.2867480852039547,0.3189164420053175,0.5410239362904564,0.5138344662919903,0.4589760637095436,0.4861655337080097,0.4751508925131629,0.5248491074868371,-122.0,AGREE,0.819672131147541
823205,2026-07-06,TOR,SF,xw+plat_consol_v12,f06107626bc8bd0e,2026-07-05,historical_lineup,,-0.0215287488574627,-0.032082808221184,0.0105540593637212,SF,0.0105540593637212,1-10,0-3,W,W,xw+plat_consol_v2,SF,0.035,W,W,False,,,Kevin Gausman,Landen Roupp,5.333333333333333,8.0,0.3208827255439982,0.3024501887966026,0.3050523682336303,0.2942041145805699,0.0184325367473956,0.0108482536530604,5.074764220098611,4.865970264881505,5.354166666666666,5.088235294117647,0.3050523682336303,0.2942041145805699,0.2778416961923104,0.3060769303437991,0.5609493232072725,0.5343213932820015,0.4390506767927274,0.4656786067179985,0.4901832460732984,0.4901832460732984,-105.0,DIVERGE,0.9523809523809524
823282,2026-07-06,ARI,SD,xw+plat_consol_v12,f06107626bc8bd0e,2026-07-05,historical_lineup,,-0.0048501145750426,-0.0129060759978388,0.0080559614227961,SD,0.0080559614227961,8-0,7-0,L,L,xw+plat_consol_v2,SD,0.001,L,L,False,,,Brandon Pfaadt,Walker Buehler,5.0,5.0,0.3144313555275731,0.3169317310365835,0.3330144107353592,0.324191084508324,-0.0025003755090103,0.0088233262270351,5.189264131024121,4.679306544549162,5.5,4.850490196078431,0.3330144107353592,0.324191084508324,0.2894869332270158,0.2850441398254534,0.5978706348812033,0.5278541357065715,0.4021293651187967,0.4721458642934285,0.541193294669103,0.541193294669103,-131.0,AGREE,-1.0
823930,2026-07-06,COL,LAD,xw+plat_consol_v12,f06107626bc8bd0e,2026-07-05,historical_lineup,,0.046157922295399,-0.0051247090115736,0.0512826313069726,LAD,0.0512826313069726,7-8,2-6,W,W,xw+plat_consol_v2,LAD,0.06,W,W,False,,,Kyle Freeland,Eric Lauer,5.0,6.0,0.345915936179174,0.3177633974074698,0.3499542398093497,0.3381934313615392,0.0281525387717042,0.0117608084478105,5.228521243341438,5.114913539514049,5.550000000000001,5.405303030303029,0.3499542398093497,0.3381934313615392,0.3113751349987736,0.2777390774777498,0.5924382401991908,0.5672193426681424,0.4075617598008092,0.4327806573318575,0.6842190494183693,0.6842190494183693,-251.0,AGREE,0.398406374501992
824089,2026-07-06,PHI,KC,xw+plat_consol_v12,f06107626bc8bd0e,2026-07-05,historical_lineup,,-0.037493699974942,8.350571656240424e-05,-0.0375772056915044,PHI,0.0375772056915044,1-15,1-10,L,L,xw+plat_consol_v2,PHI,-0.078,L,L,False,,,Cristopher Sánchez,Noah Cameron,3.333333333333333,5.0,0.3197303069820485,0.3134202985990033,0.2758420506317464,0.3344982534324556,0.0063100083830451,-0.0586562028007092,5.7944779459161015,4.76602338885304,6.270833333333334,4.9609375,0.2758420506317464,0.3344982534324556,0.2860050218792892,0.3045876913292407,0.6248462351235406,0.5367553702746198,0.3751537648764593,0.4632446297253801,0.3438166885818369,0.6561833114181631,-219.0,AGREE,-1.0
824900,2026-07-06,NYM,ATL,xw+plat_consol_v12,f06107626bc8bd0e,2026-07-05,historical_lineup,,-0.0101702552160734,-0.0092941425984984,-0.0008761126175749,NYM,0.0008761126175749,7-6,1-3,W,L,xw+plat_consol_v2,NYM,-0.045,W,L,False,,,Freddy Peralta,Reynaldo López,4.666666666666667,5.0,0.3270410231595596,0.331295364663343,0.304226396768686,0.3268751696340255,-0.0042543415037833,-0.0226487728653394,4.720359733900604,3.9507957067277912,4.902777777777777,3.922619047619048,0.304226396768686,0.3268751696340255,0.2926603881221165,0.2696986908518565,0.5410810724296606,0.4584526399532734,0.4589189275703393,0.5415473600467267,0.532129844319311,0.467870155680689,104.0,DIVERGE,1.04
822713,2026-07-07,HOU,WSH,xw+plat_consol_v12,f06107626bc8bd0e,2026-07-06,historical_lineup,,0.0114328410321964,0.0011992276995647,0.0102336133326317,WSH,0.0102336133326317,6-3,4-2,L,L,xw+plat_consol_v2,WSH,0.032,L,L,False,,,Tatsuya Imai,Andrew Alvarez,3.6666666666666665,5.666666666666667,0.3328675936666473,0.3270571684709644,0.3329467842221181,0.3147453906203182,0.0058104251956829,0.0182013936017998,4.022281904866243,4.256267124355705,3.8854166666666665,4.2,0.3329467842221181,0.3147453906203182,0.2983070505945662,0.3099944490055935,0.465202284434534,0.4662105408788679,0.534797715565466,0.5337894591211321,0.5108342361863488,0.5108342361863488,-115.0,AGREE,-1.0
822881,2026-07-07,LAA,TEX,xw+plat_consol_v12,f06107626bc8bd0e,2026-07-06,historical_lineup,,-0.0020659160321948,-0.0285270343631972,0.0264611183310023,TEX,0.0264611183310023,3-8,2-2,W,T,xw+plat_consol_v2,TEX,0.049,W,T,False,,,José Soriano,Jacob deGrom,6.0,5.0,0.3201910696703617,0.3091501941245287,0.3211935698469736,0.2949963271457649,0.0110408755458329,0.0261972427012086,4.913285224114193,5.584158311547944,5.083333333333333,5.985294117647059,0.3211935698469736,0.2949963271457649,0.3040765426199626,0.2986644676972833,0.544028098100704,0.6056156160928916,0.455971901899296,0.3943843839071084,0.5981699425097071,0.5981699425097071,-167.0,AGREE,0.5988023952095808
822956,2026-07-07,NYY,TB,xw+plat_consol_v12,f06107626bc8bd0e,2026-07-06,historical_lineup,,-0.0159039375720635,-0.0142840148007521,-0.0016199227713113,NYY,0.0016199227713113,4-6,3-6,L,L,xw+plat_consol_v2,TB,0.016,W,W,True,,,Will Warren,Ian Seymour,4.0,5.333333333333333,0.3165766050444629,0.3203436687859715,0.3131824888138388,0.2949340516059611,-0.0037670637415085,0.0182484372078776,4.922400347584761,4.29345682811562,5.095588235294118,4.25,0.3131824888138388,0.2949340516059611,0.2910283704473375,0.304677896433665,0.5553931861205229,0.4821462999897828,0.4446068138794771,0.5178537000102171,0.551057677674631,0.448942322325369,113.0,DIVERGE,-1.0
823035,2026-07-07,MIL,STL,xw+plat_consol_v12,f06107626bc8bd0e,2026-07-06,historical_lineup,,-0.0081768411234584,0.0263629932843211,-0.0345398344077795,MIL,0.0345398344077795,10-2,3-0,W,W,xw+plat_consol_v2,MIL,-0.069,W,W,False,,,Robert Gasser,Hunter Dobbins,7.666666666666667,5.0,0.3363023839031792,0.3338791545401535,0.2966938465746739,0.3347528152021224,0.0024232293630256,-0.0380589686274485,5.094806397228061,4.355439667715476,5.3273809523809526,4.333333333333333,0.2966938465746739,0.3347528152021224,0.2879443097290531,0.3218385268249367,0.5773653275457048,0.4772875453962966,0.4226346724542952,0.5227124546037034,0.5054504229528212,0.4945495770471788,-107.0,DIVERGE,0.9345794392523364
823062,2026-07-07,MIL,STL,xw+plat_consol_v12,f06107626bc8bd0e,2026-07-06,historical_lineup,,-0.0452889258318777,0.0219771343017725,-0.0672660601336502,MIL,0.0672660601336502,4-3,2-3,W,L,xw+plat_consol_v2,MIL,-0.143,W,L,False,,,Jacob Misiorowski,Matt Svanson,7.0,1.0,0.3328848080451519,0.3318097765432669,0.2444672777262921,0.3479539242959104,0.001075031501885,-0.1034866465696182,5.906833682406026,2.000091762920894,6.419117647058823,1.1666666666666667,0.2444672777262921,0.3479539242959104,0.2879443097290531,0.3184222427478947,0.6387116606936362,0.2396369745144738,0.3612883393063638,0.7603630254855263,0.3514441983456131,0.6485558016543869,-211.0,AGREE,0.4739336492890995
823203,2026-07-07,TOR,SF,xw+plat_consol_v12,f06107626bc8bd0e,2026-07-06,historical_lineup,,-0.0260822995660338,-0.0173001444025219,-0.0087821551635118,TOR,0.0087821551635118,9-3,8-3,W,W,xw+plat_consol_v2,TOR,-0.001,W,W,False,,,Spencer Miles,Trevor McDonald,4.0,2.333333333333333,0.3249497148325858,0.3084276580722171,0.2939723565614106,0.3093857385918597,0.0165220567603686,-0.0154133820304491,3.363714234117757,4.716067098114648,3.0,4.818181818181818,0.2939723565614106,0.3093857385918597,0.2803856415351382,0.3087738979707439,0.361148283274821,0.5220320098151273,0.638851716725179,0.4779679901848727,0.4826358742837298,0.5173641257162702,-118.0,AGREE,0.847457627118644
823280,2026-07-07,ARI,SD,xw+plat_consol_v12,f06107626bc8bd0e,2026-07-06,historical_lineup,,0.0166867505261698,0.0063728960533243,0.0103138544728454,SD,0.0103138544728454,1-4,1-4,W,W,xw+plat_consol_v2,ARI,-0.009,L,L,True,,,Zac Gallen,Germán Márquez,6.0,5.0,0.3148917211961098,0.3195656935916346,0.3670899553112202,0.3489179959749675,-0.0046739723955248,0.0181719593362527,5.130225162713694,4.990763773614016,5.375,5.187500000000001,0.3670899553112202,0.3489179959749675,0.2915317401898936,0.2869517927505906,0.5977053107141634,0.5654374124584322,0.4022946892858365,0.4345625875415678,0.5183284457478006,0.5183284457478006,-119.0,AGREE,0.8403361344537815
823361,2026-07-07,ATL,PIT,xw+plat_consol_v12,f06107626bc8bd0e,2026-07-06,historical_lineup,,-0.0176637908448517,-0.0221677419679698,0.0045039511231181,PIT,0.0045039511231181,4-12,2-7,W,W,xw+plat_consol_v2,PIT,0.04,W,W,False,,,Hurston Waldrep,Paul Skenes,3.333333333333333,6.0,0.3194207691074806,0.3264585281685468,0.3137778882833372,0.2716732061211458,-0.0070377590610662,0.0421046821621913,5.099233742913766,5.145720872613659,5.333333333333333,5.395833333333334,0.3137778882833372,0.2716732061211458,0.2740542105397013,0.3075986312605889,0.6092844657611336,0.5564875495079149,0.3907155342388664,0.4435124504920851,0.5727229047978585,0.5727229047978585,-149.0,AGREE,0.6711409395973155
823607,2026-07-07,KC,NYM,xw+plat_consol_v12,f06107626bc8bd0e,2026-07-06,historical_lineup,,0.0237292905837129,-0.008659219139054,0.032388509722767,NYM,0.032388509722767,16-12,9-9,L,T,xw+plat_consol_v2,KC,-0.002,W,T,True,,,Seth Lugo,Cionel Pérez,4.333333333333333,1.0,0.3307444245135334,0.3243954585683935,0.346053721952598,0.3494544009310412,0.0063489659451398,-0.0034006789784432,5.068242323113837,2.1240574421206087,5.291666666666666,1.3333333333333333,0.346053721952598,0.3494544009310412,0.3068005076335192,0.2915984351660364,0.5590289696414331,0.2298131869501672,0.4409710303585669,0.7701868130498328,0.5637871853546911,0.5637871853546911,-144.0,AGREE,-1.0
823687,2026-07-07,CLE,MIN,xw+plat_consol_v12,f06107626bc8bd0e,2026-07-06,historical_lineup,,-0.0087930930468053,-0.0193602373841718,0.0105671443373664,MIN,0.0105671443373664,1-3,1-2,W,W,xw+plat_consol_v2,MIN,0.017,W,W,False,,,Joey Cantillo,Taj Bradley,5.0,7.0,0.3192040677341329,0.3058867821649496,0.3179549420910293,0.3108334802295766,0.0133172855691833,0.0071214618614527,5.2386951320134445,5.281308334238346,5.520833333333333,5.578125,0.3179549420910293,0.3108334802295766,0.2992827589712233,0.3097819724823734,0.5813711235145568,0.5788390331755084,0.4186288764854432,0.4211609668244915,0.5,0.5,-110.0,AGREE,0.9090909090909092
823847,2026-07-07,SEA,MIA,xw+plat_consol_v12,f06107626bc8bd0e,2026-07-06,historical_lineup,,-0.0132899197945347,-0.0100258207867856,-0.003264099007749,SEA,0.003264099007749,5-6,2-4,L,L,xw+plat_consol_v2,SEA,-0.023,L,L,False,,,Bryan Woo,Max Meyer,5.0,5.0,0.3265659988987926,0.3216256101452885,0.2915696132865073,0.3041905646957551,0.0049403887535041,-0.0126209514092477,5.427378187854187,5.455635070612946,5.7745098039215685,5.8125,0.2915696132865073,0.3041905646957551,0.3037389856268431,0.304617821794283,0.5849070085242438,0.600790949765912,0.4150929914757562,0.399209050234088,0.5270012302210156,0.4729987697789843,102.0,DIVERGE,-1.0
823929,2026-07-07,COL,LAD,xw+plat_consol_v12,f06107626bc8bd0e,2026-07-06,historical_lineup,,0.0446365429860986,-0.0161893929727267,0.0608259359588253,LAD,0.0608259359588253,4-3,0-2,L,W,xw+plat_consol_v2,LAD,0.089,L,W,False,,,Michael Lorenzen,Justin Wrobleski,6.0,7.0,0.3449343962627599,0.3147136130226075,0.3517864533656949,0.3187414798937732,0.0302207832401523,0.0330449734719217,4.804815254814443,5.763335595769381,4.9375,6.226190476190476,0.3517864533656949,0.3187414798937732,0.3127911438924956,0.2807311967183787,0.5567203263619243,0.6379759107112164,0.4432796736380757,0.3620240892887836,0.7320451371853417,0.7320451371853417,-326.0,AGREE,-1.0
824254,2026-07-07,ATH,DET,xw+plat_consol_v12,f06107626bc8bd0e,2026-07-06,historical_lineup,,-0.0056449067026519,-0.0185693240627549,0.0129244173601029,DET,0.0129244173601029,2-6,1-2,W,W,xw+plat_consol_v2,DET,0.041,W,W,False,,,J.T. Ginn,Tarik Skubal,4.0,5.0,0.321900341545852,0.3250973448491248,0.3131728945841119,0.2921080142089468,-0.0031970033032727,0.021064880375165,5.356849920000673,5.524661414712787,5.6796875,5.90530303030303,0.3131728945841119,0.2921080142089468,0.3023420522538635,0.2988224734929722,0.5848787459060445,0.5898429885600769,0.4151212540939555,0.4101570114399231,0.6669919615280139,0.6669919615280139,-231.0,AGREE,0.4329004329004329
824495,2026-07-07,PHI,CIN,xw+plat_consol_v12,f06107626bc8bd0e,2026-07-06,historical_lineup,,-0.0274772311249257,0.0179835456327668,-0.0454607767576925,PHI,0.0454607767576925,4-1,3-0,W,W,xw+plat_consol_v2,PHI,-0.065,W,W,False,,,Zack Wheeler,Andrew Abbott,7.0,6.0,0.3245400172589683,0.3286000765648429,0.2809564633087431,0.3340742466601304,-0.0040600593058746,-0.0531177833513873,5.576024816758823,5.0527466132138725,5.974358974358975,5.270833333333333,0.2809564633087431,0.3340742466601304,0.287555550960535,0.3135460318203144,0.5892771766186473,0.5667902377413603,0.4107228233813527,0.4332097622586397,0.4002867726132154,0.5997132273867847,-168.0,AGREE,0.5952380952380952
824579,2026-07-07,BOS,CWS,xw+plat_consol_v12,f06107626bc8bd0e,2026-07-06,historical_lineup,,-0.0110412551570432,0.0025254281415935,-0.0135666832986367,BOS,0.0135666832986367,8-1,4-0,W,W,xw+plat_consol_v2,BOS,-0.055,W,W,False,,,Payton Tolle,Noah Schultz,6.0,5.0,0.3317737349314409,0.3218709421701239,0.2885758939011535,0.3426371924124726,0.009902792761317,-0.054061298511319,5.237503154328832,4.479405346915192,5.519230769230769,4.5,0.2885758939011535,0.3426371924124726,0.3020589750684174,0.2952392477431633,0.5745891639474842,0.5034055553710741,0.4254108360525158,0.4965944446289259,0.4687499999999999,0.5312500000000001,-125.0,AGREE,0.8
824820,2026-07-07,CHC,BAL,xw+plat_consol_v12,f06107626bc8bd0e,2026-07-06,historical_lineup,,0.0120264342187185,0.0041544477260989,0.0078719864926195,BAL,0.0078719864926195,5-2,3-0,L,L,xw+plat_consol_v2,BAL,0.015,L,L,False,,,Matthew Boyd,Shane Baz,6.0,6.0,0.3283707181275848,0.3235359912059203,0.3279723960406824,0.3252738521160434,0.0048347269216645,0.0026985439246389,4.736191396686029,5.547697817665675,4.845238095238095,5.936274509803922,0.3279723960406824,0.3252738521160434,0.311843444420788,0.2996829608048618,0.5374751389880379,0.6249124952091863,0.4625248610119621,0.3750875047908136,0.4913359902963091,0.4913359902963091,-106.0,DIVERGE,-1.0
822710,2026-07-08,HOU,WSH,xw+plat_consol_v12,f06107626bc8bd0e,2026-07-07,historical_lineup,,0.0170942439753493,0.0021620168450544,0.0149322271302949,WSH,0.0149322271302949,2-8,1-8,W,W,xw+plat_consol_v2,WSH,0.033,W,W,False,,,Spencer Arrighetti,Foster Griffin,4.0,7.0,0.3362038595314571,0.3302857753745399,0.3302005620854626,0.3122739274208354,0.0059180841569171,0.0179266346646272,5.248248136300102,5.727727798389187,5.464285714285714,6.069444444444445,0.3302005620854626,0.3122739274208354,0.2979356729112722,0.3103686260513016,0.5895733662674502,0.6208683894211039,0.4104266337325498,0.3791316105788961,0.5403677058353318,0.5403677058353318,-130.0,AGREE,0.7692307692307693
822880,2026-07-08,LAA,TEX,xw+plat_consol_v12,f06107626bc8bd0e,2026-07-07,historical_lineup,,-0.0186276406617124,-0.0057671615170026,-0.0128604791447097,LAA,0.0128604791447097,13-1,7-0,W,W,xw+plat_consol_v2,LAA,-0.021,W,W,False,,,Walbert Ureña,MacKenzie Gore,4.0,5.0,0.3206924993678527,0.3304703448167324,0.2901520417822297,0.3074851225567606,-0.0097778454488796,-0.0173330807745309,5.198728105625329,5.474625419384784,5.401785714285714,5.75,0.2901520417822297,0.3074851225567606,0.3045320467350869,0.2983576715887456,0.5816421439126302,0.6100460136720606,0.4183578560873697,0.3899539863279394,0.551057677674631,0.448942322325369,113.0,DIVERGE,1.13
822957,2026-07-08,NYY,TB,xw+plat_consol_v12,f06107626bc8bd0e,2026-07-07,historical_lineup,,-0.0295223140173345,-0.0004838526534123,-0.0290384613639222,NYY,0.0290384613639222,0-3,0-2,L,L,xw+plat_consol_v2,NYY,-0.046,L,L,False,,,Gerrit Cole,Shane McClanahan,6.333333333333333,6.333333333333333,0.3100701644993039,0.3238167986500056,0.2979372937815514,0.3194500978213759,-0.0137466341507016,-0.0215128040398245,4.94641175885386,4.841181693669965,5.083333333333334,4.950520833333334,0.2979372937815514,0.3194500978213759,0.2901499186741506,0.3008572554628115,0.5507510752556918,0.5453935394604718,0.4492489247443082,0.4546064605395282,0.524849107486837,0.475150892513163,101.0,DIVERGE,-1.0
823032,2026-07-08,MIL,STL,xw+plat_consol_v12,f06107626bc8bd0e,2026-07-07,historical_lineup,,-0.0197547278417328,0.0311975566114754,-0.0509522844532083,MIL,0.0509522844532083,1-5,0-3,L,L,xw+plat_consol_v2,MIL,-0.085,L,L,False,,,Kyle Harrison,Michael McGreevy,4.0,6.333333333333333,0.3343613530336791,0.326403009839871,0.2827604770255528,0.3511162311505962,0.0079583431938081,-0.0683557541250433,4.610088217187685,5.45714776149957,4.658854166666667,5.727941176470588,0.2827604770255528,0.3511162311505962,0.2875542348561384,0.322634731880111,0.5089122783050273,0.5842780940926369,0.4910877216949727,0.4157219059073631,0.4272770952021415,0.5727229047978585,-149.0,AGREE,-1.0
823202,2026-07-08,TOR,SF,xw+plat_consol_v12,f06107626bc8bd0e,2026-07-07,historical_lineup,,-0.0367683088519475,-0.0197975668963343,-0.0169707419556132,TOR,0.0169707419556132,10-0,5-0,W,W,xw+plat_consol_v2,TOR,-0.026,W,W,False,,,Dylan Cease,Logan Webb,8.0,7.0,0.3210028032176824,0.3037138979966632,0.2761256707374934,0.3115818304125195,0.0172889052210191,-0.035456159675026,5.402408707984073,6.134892495048444,5.658854166666666,6.583333333333334,0.2761256707374934,0.3115818304125195,0.2805940223491777,0.3083488817412709,0.5965449207743789,0.6666314698794708,0.403455079225621,0.3333685301205292,0.4687499999999999,0.5312500000000001,-125.0,AGREE,0.8
823279,2026-07-08,ARI,SD,xw+plat_consol_v12,f06107626bc8bd0e,2026-07-07,historical_lineup,,-0.003778815409061,-0.0036295676205183,-0.0001492477885426,ARI,0.0001492477885426,4-10,1-4,L,L,xw+plat_consol_v2,SD,0.039,W,W,True,,,Jose Cabrera,Michael King,4.333333333333333,6.0,0.3136351385104336,0.3206472873936845,0.341390264117715,0.3268123889592969,-0.0070121488832508,0.014577875158418,4.4402070008450565,5.41410093744895,4.444444444444445,5.673611111111111,0.341390264117715,0.3268123889592969,0.2910492071400238,0.2864969139915631,0.5223454424924778,0.6005559396255993,0.4776545575075221,0.3994440603744007,0.5709639471316864,0.4290360528683136,123.0,DIVERGE,-1.0
823360,2026-07-08,ATL,PIT,xw+plat_consol_v12,f06107626bc8bd0e,2026-07-07,historical_lineup,,-0.0125098598087235,0.0035746505369186,-0.0160845103456422,ATL,0.0160845103456422,3-0,0-0,W,T,xw+plat_consol_v2,PIT,0.0,L,T,True,,,Grant Holmes,Jared Jones,5.0,6.0,0.3193331764020342,0.3246690368033462,0.3280667593395491,0.3217364701718336,-0.0053358604013119,0.0063302891677154,4.486288140500749,4.0974969472863005,4.502604166666666,4.011904761904763,0.3280667593395491,0.3217364701718336,0.2744839379202611,0.3077266367368105,0.5257379176846195,0.4553344433749396,0.4742620823153805,0.5446655566250604,0.5270012302210156,0.4729987697789843,102.0,DIVERGE,1.02
823605,2026-07-08,KC,NYM,xw+plat_consol_v12,f06107626bc8bd0e,2026-07-07,historical_lineup,,0.004859576905959,-0.002949251545593,0.007808828451552,NYM,0.007808828451552,2-6,0-1,W,W,xw+plat_consol_v2,KC,-0.006,L,L,True,,,Steven Cruz,Christian Scott,1.0,5.0,0.3320929619738782,0.3209975704949038,0.3139573315126536,0.3294663766204917,0.0110953914789744,-0.0155090451078381,1.7111030881019405,4.586266081219137,1.0,4.628787878787879,0.3139573315126536,0.3294663766204917,0.3084538544573155,0.2901260648366862,0.1932768487449466,0.5226450942230463,0.8067231512550533,0.4773549057769537,0.6364166980799397,0.6364166980799397,-199.0,AGREE,0.5025125628140703
823684,2026-07-08,CLE,MIN,xw+plat_consol_v12,f06107626bc8bd0e,2026-07-07,historical_lineup,,-0.0084128368811403,-0.0193553635985687,0.0109425267174283,MIN,0.0109425267174283,5-6,3-3,W,T,xw+plat_consol_v2,MIN,0.027,W,T,False,,,Slade Cecconi,Connor Prielipp,3.6666666666666665,5.0,0.3115813093804006,0.3018033644581185,0.3251688325367859,0.3142397915786445,0.009777944922282,0.0109290409581414,5.232527491641443,5.2517852813483,5.444444444444444,5.468749999999999,0.3251688325367859,0.3142397915786445,0.2997016110701261,0.3096672270176847,0.5870491573349407,0.5845700326773097,0.4129508426650593,0.4154299673226903,0.541193294669103,0.541193294669103,-131.0,AGREE,0.7633587786259542
823848,2026-07-08,SEA,MIA,xw+plat_consol_v12,f06107626bc8bd0e,2026-07-07,historical_lineup,,-0.0048939545804275,0.0042673330275819,-0.0091612876080094,SEA,0.0091612876080094,0-2,0-2,L,L,xw+plat_consol_v2,SEA,-0.039,L,L,False,,,George Kirby,Tyler Phillips,6.0,5.0,0.3280369123411483,0.3222433502713626,0.3033128613887864,0.3321195019114217,0.0057935620697857,-0.0288066405226352,5.70766085785431,4.918114598468274,6.044117647058823,5.047619047619048,0.3033128613887864,0.3321195019114217,0.3037551474285179,0.3012641860118049,0.6246935004333276,0.5462793952902234,0.3753064995666724,0.4537206047097766,0.466652901094363,0.533347098905637,-126.0,AGREE,-1.0
823928,2026-07-08,COL,LAD,xw+plat_consol_v12,f06107626bc8bd0e,2026-07-07,historical_lineup,,0.0239083399471172,-0.0004689861657397,0.024377326112857,LAD,0.024377326112857,3-4,3-3,W,T,xw+plat_consol_v2,LAD,0.035,W,T,False,,,Gabriel Hughes,Roki Sasaki,6.0,6.0,0.3432770496198311,0.3261182197771944,0.3186526329624721,0.3317166486219916,0.0171588298426367,-0.0130640156595195,5.038849149446771,4.781344989937945,5.2,4.875,0.3186526329624721,0.3317166486219916,0.3129564964291769,0.2814298878447701,0.5150185362535968,0.5525066196265876,0.4849814637464031,0.4474933803734123,0.6983911484712252,0.6983911484712252,-271.0,AGREE,0.3690036900369003
824253,2026-07-08,ATH,DET,xw+plat_consol_v12,f06107626bc8bd0e,2026-07-07,historical_lineup,,0.00789786207704,-0.0185414879064267,0.0264393499834668,DET,0.0264393499834668,1-6,1-6,W,W,xw+plat_consol_v2,DET,0.07,W,W,False,,,Jeffrey Springs,Troy Melton,4.333333333333333,5.333333333333333,0.3291426691375848,0.323838441278779,0.3283618190509554,0.2903387350518142,0.0053042278588057,0.0380230839991412,4.770340538676884,5.889650438373369,4.861111111111111,6.273809523809524,0.3283618190509554,0.2903387350518142,0.302507510510285,0.2984707622649023,0.531531981604002,0.627193637369645,0.468468018395998,0.372806362630355,0.5612444702298934,0.5612444702298934,-142.0,AGREE,0.704225352112676
824496,2026-07-08,PHI,CIN,xw+plat_consol_v12,f06107626bc8bd0e,2026-07-07,historical_lineup,,-0.02423321004467,-0.0206920493296842,-0.0035411607149857,PHI,0.0035411607149857,5-11,3-7,L,L,xw+plat_consol_v2,CIN,0.014,W,W,True,,,Alan Rangel,Chase Burns,3.333333333333333,5.0,0.3138353845204512,0.3208542699679692,0.3063458121824521,0.2813111066506825,-0.0070188854475179,0.0250347055317696,4.088064560491105,5.332862194315823,4.0,5.571078431372549,0.3063458121824521,0.2813111066506825,0.2870773722902426,0.3131796400082909,0.4525866713161721,0.5756895845169872,0.5474133286838279,0.4243104154830128,0.5637871853546911,0.4362128146453089,119.0,DIVERGE,-1.0
824578,2026-07-08,BOS,CWS,xw+plat_consol_v12,f06107626bc8bd0e,2026-07-07,historical_lineup,,-0.0153836251195202,-0.0134987056368497,-0.0018849194826704,BOS,0.0018849194826704,5-0,5-0,W,W,xw+plat_consol_v2,BOS,-0.027,W,W,False,,,Jake Bennett,Davis Martin,7.0,4.0,0.3307725353340836,0.3146276611069764,0.2842546391394335,0.3147292600781377,0.0161448742271071,-0.0304746209387041,5.649124575095895,4.979425112637042,5.970238095238095,5.125,0.2842546391394335,0.3147292600781377,0.3022864814566841,0.2960892883969546,0.6063118137849908,0.54638531094598,0.3936881862150092,0.45361468905402,0.5151837230488916,0.4848162769511084,-103.0,DIVERGE,0.970873786407767
824815,2026-07-08,CHC,BAL,xw+plat_consol_v12,f06107626bc8bd0e,2026-07-07,historical_lineup,,0.0195679540704759,-0.000987515853727,0.0205554699242029,BAL,0.0205554699242029,9-7,4-3,L,L,xw+plat_consol_v2,BAL,0.06,L,L,False,,,Colin Rea,Dean Kremer,5.333333333333333,5.0,0.3220115452013277,0.3262463223296293,0.3490453378966351,0.3134390439929357,-0.0042347771283016,0.0356062939036994,4.9629184357454506,5.40859871181842,5.104166666666666,5.666666666666667,0.3490453378966351,0.3134390439929357,0.3110916497133986,0.2996683980176667,0.5687721682935576,0.5814368786330882,0.4312278317064424,0.4185631213669117,0.533347098905637,0.533347098905637,-126.0,AGREE,-1.0
822877,2026-07-09,LAA,TEX,xw+plat_consol_v12,f06107626bc8bd0e,2026-07-08,historical_lineup,,-0.0176707783696449,-0.0088651450909153,-0.0088056332787296,LAA,0.0088056332787296,6-7,1-5,L,L,xw+plat_consol_v2,LAA,-0.026,L,L,False,,,Reid Detmers,Nathan Eovaldi,4.0,6.0,0.3271760038067701,0.3172596548165566,0.2862492920566732,0.3122250436084891,0.0099163489902134,-0.0259757515518158,5.72950738398119,5.845651015969395,6.013888888888889,6.156862745098039,0.2862492920566732,0.3122250436084891,0.3036083892848315,0.2997840699055952,0.6286877444915969,0.6447302116348685,0.3713122555084031,0.3552697883651314,0.5630832299476779,0.4369167700523221,119.0,DIVERGE,-1.0
822954,2026-07-09,NYY,TB,xw+plat_consol_v12,f06107626bc8bd0e,2026-07-08,historical_lineup,,-0.0212410400743986,-0.0247449567011732,0.0035039166267745,TB,0.0035039166267745,12-4,7-3,L,L,xw+plat_consol_v2,TB,0.011,L,L,False,,,Paul Blackburn,Drew Rasmussen,2.0,2.333333333333333,0.321283971862297,0.3196925856631818,0.3005219475775992,0.2862774547576363,0.0015913861991151,0.0142444928199628,1.927296711635884,5.7301710618782655,1.3333333333333333,6.014705882352941,0.3005219475775992,0.2862774547576363,0.2899767361749552,0.300557069244646,0.2053989817655997,0.6283082200622788,0.7946010182344003,0.3716917799377212,0.5637871853546911,0.5637871853546911,-144.0,AGREE,-1.0
823034,2026-07-09,MIL,STL,xw+plat_consol_v12,f06107626bc8bd0e,2026-07-08,historical_lineup,,-0.013776931452634,0.0061316898546813,-0.0199086213073154,MIL,0.0199086213073154,8-4,6-1,W,W,xw+plat_consol_v2,MIL,-0.025,W,W,False,,,Logan Henderson,Andre Pallante,5.333333333333333,5.0,0.3309501577602485,0.3309896893793295,0.2950348598639483,0.3027281593858437,-3.953161908093472e-05,-0.0076932995218954,4.5809464153024,5.728180028187039,4.6,6.012254901960784,0.2950348598639483,0.3027281593858437,0.2881239858653479,0.3228825542214783,0.4959867597592969,0.6286836330089729,0.504013240240703,0.3713163669910271,0.4678701556806889,0.5321298443193111,-126.0,AGREE,0.7936507936507936
823201,2026-07-09,COL,SF,xw+plat_consol_v12,f06107626bc8bd0e,2026-07-08,historical_lineup,,0.0115357485048202,-0.0002819279979673,0.0118176765027876,SF,0.0118176765027876,2-8,2-4,W,W,xw+plat_consol_v2,SF,0.022,W,W,False,,,Ryan Feltner,Carson Whisenhunt,4.333333333333333,5.666666666666667,0.3218301479942235,0.3203495137445109,0.333478556320204,0.3193302713345542,0.0014806342497126,0.0141482849856497,5.083582870652499,4.905883113710545,5.21875,5.0,0.333478556320204,0.3193302713345542,0.3140541025937721,0.3097261522417929,0.5499745679192957,0.5592235350174979,0.4500254320807043,0.4407764649825021,0.5431991809088762,0.5431991809088762,-132.0,AGREE,0.7575757575757576
823277,2026-07-09,ARI,SD,xw+plat_consol_v12,f06107626bc8bd0e,2026-07-08,historical_lineup,,0.0370102055770794,-0.0037158974519732,0.0407261030290526,SD,0.0407261030290526,3-1,2-1,L,L,xw+plat_consol_v2,SD,0.06,L,L,False,,,Merrill Kelly,Griffin Canning,7.0,4.666666666666667,0.3157825486381716,0.3184088998004812,0.3926090829037991,0.3310569522145266,-0.0026263511623096,0.0615521306892725,5.481291850474968,4.905883113710545,5.708333333333332,5.0,0.3926090829037991,0.3310569522145266,0.2935115584097726,0.288435304794131,0.6323743167556087,0.5637161570483122,0.3676256832443912,0.4362838429516877,0.541193294669103,0.541193294669103,-131.0,AGREE,-1.0
823359,2026-07-09,ATL,PIT,xw+plat_consol_v12,f06107626bc8bd0e,2026-07-08,historical_lineup,,-0.023002437949528,0.0210004105849661,-0.0440028485344941,ATL,0.0440028485344941,10-5,6-4,W,W,xw+plat_consol_v2,ATL,-0.058,W,W,False,,,Bryce Elder,Mitch Keller,4.0,3.0,0.3230465243004018,0.3253520262977158,0.2993817929595149,0.347099665481345,-0.0023055019973139,-0.0477178725218301,5.320018121485633,5.317695248845868,5.509803921568628,5.506944444444445,0.2993817929595149,0.347099665481345,0.2733982134061376,0.3088176485398934,0.6112435015710203,0.5861985422718247,0.3887564984289797,0.4138014577281753,0.5,0.5,-110.0,DIVERGE,0.9090909090909092
823606,2026-07-09,KC,NYM,xw+plat_consol_v12,f06107626bc8bd0e,2026-07-08,historical_lineup,,0.0119608028954522,-0.0038426467411984,0.0158034496366507,NYM,0.0158034496366507,3-7,2-6,W,W,xw+plat_consol_v2,NYM,0.005,W,W,False,,,Michael Wacha,Sean Manaea,4.666666666666667,7.0,0.3352209292454239,0.329486846781811,0.3129869208761527,0.3156367825661295,0.0057340824636128,-0.0026498616899767,6.203373402493067,4.905883113710545,6.597222222222221,5.0,0.3129869208761527,0.3156367825661295,0.3102100237799232,0.2912732183473729,0.6747753385278477,0.5626740900679907,0.3252246614721523,0.4373259099320092,0.5727229047978585,0.5727229047978585,-149.0,AGREE,0.6711409395973155
823683,2026-07-09,CLE,MIN,xw+plat_consol_v12,f06107626bc8bd0e,2026-07-08,historical_lineup,,-0.0081795132407634,-0.0145695971818766,0.0063900839411131,MIN,0.0063900839411131,5-2,1-1,L,T,xw+plat_consol_v2,MIN,0.011,L,T,False,,,Gavin Williams,Bailey Ober,7.0,5.0,0.3111286369518411,0.3046855991393751,0.3276715793523411,0.3215738146303154,0.0064430378124659,0.0060977647220257,5.148457385091626,5.44744427772412,5.298611111111111,5.666666666666667,0.3276715793523411,0.3215738146303154,0.3009652937836367,0.3094899319917206,0.560654495495752,0.593702470478741,0.439345504504248,0.4062975295212589,0.4891657638136511,0.4891657638136511,-105.0,DIVERGE,-1.0
823846,2026-07-09,SEA,MIA,xw+plat_consol_v12,f06107626bc8bd0e,2026-07-08,historical_lineup,,-0.0330465123398295,-0.0071140433825158,-0.0259324689573137,SEA,0.0259324689573137,4-8,2-6,L,L,xw+plat_consol_v2,SEA,-0.083,L,L,False,,,Bryce Miller,Janson Junk,5.0,5.0,0.327070685965616,0.3215676736812537,0.2579046110597567,0.3121313334483103,0.0055030122843623,-0.0542267223885536,5.874769883703581,5.247435893287287,6.192708333333334,5.420454545454545,0.2579046110597567,0.3121313334483103,0.3042985429841733,0.3007514701025993,0.6075060474280386,0.581280758876257,0.3924939525719614,0.418719241123743,0.4576160383525822,0.5423839616474178,-131.0,AGREE,-1.0
824251,2026-07-09,ATH,DET,xw+plat_consol_v12,f06107626bc8bd0e,2026-07-08,historical_lineup,,-0.0155456939800692,0.0002451901639897,-0.0157908841440589,ATH,0.0157908841440589,1-4,1-3,L,L,xw+plat_consol_v2,ATH,-0.028,L,L,False,,,José Suarez,Framber Valdez,1.3333333333333333,7.0,0.3165835392142139,0.323613628469645,0.3056483066692931,0.3219993063980666,-0.007030089255431,-0.0163509997287734,2.333467584646065,5.391031656472705,1.8333333333333333,5.597222222222222,0.3056483066692931,0.3219993063980666,0.3031323193651754,0.2992371399354533,0.2515158208943707,0.606579483498315,0.7484841791056293,0.3934205165016849,0.5423839616474178,0.4576160383525822,109.0,DIVERGE,-1.0
824494,2026-07-09,PHI,CIN,xw+plat_consol_v12,f06107626bc8bd0e,2026-07-08,historical_lineup,,-0.0281700706801716,0.0216952269598036,-0.0498652976399753,PHI,0.0498652976399753,1-0,0-0,W,T,xw+plat_consol_v2,PHI,-0.085,W,T,False,,,Jesús Luzardo,Brady Singer,7.0,7.333333333333333,0.3250573228282453,0.3221603707669093,0.2812991124285851,0.3494696695657176,0.002896952061336,-0.0681705571371325,5.673094762729777,5.095031314377051,5.944444444444445,5.232843137254902,0.2812991124285851,0.3494696695657176,0.2895116010749652,0.3137981745877772,0.6280344458977624,0.5805218944794266,0.3719655541022376,0.4194781055205734,0.3854625550660792,0.6145374449339208,-180.0,AGREE,0.5555555555555556
824816,2026-07-09,CHC,BAL,xw+plat_consol_v12,f06107626bc8bd0e,2026-07-08,historical_lineup,,0.0168048614427451,0.0039441738641375,0.0128606875786075,BAL,0.0128606875786075,2-3,0-1,W,W,xw+plat_consol_v2,BAL,0.036,W,W,False,,,David Peterson,Trevor Rogers,5.0,6.0,0.3243141455061191,0.3317540656142519,0.340629054922403,0.3155590923184099,-0.0074399201081328,0.025069962603993,4.635102531703757,5.496100163553464,4.666666666666666,5.7265625,0.340629054922403,0.3155590923184099,0.3147088712405861,0.3009368370444442,0.5416852694392555,0.6165924842439533,0.4583147305607444,0.3834075157560467,0.5403677058353318,0.5403677058353318,-130.0,AGREE,0.7692307692307693
822709,2026-07-10,NYY,WSH,xw+plat_consol_v12,f06107626bc8bd0e,2026-07-09,historical_lineup,,0.0048267362614721,-0.0027824295497739,0.007609165811246,WSH,0.007609165811246,5-3,2-1,L,L,xw+plat_consol_v2,WSH,0.05,L,L,False,,,Ryan Weathers,Carson Palmquist,5.333333333333333,3.0,0.3297376066037868,0.3184798155730818,0.3274455404325734,0.3133010363299273,0.0112577910307049,0.0141445041026461,4.766190161413789,2.6418045879255194,4.828431372549019,2.1666666666666665,0.3274455404325734,0.3133010363299273,0.2913689960759127,0.3106820004966449,0.5284051667834094,0.2971341002269405,0.4715948332165905,0.7028658997730595,0.4141384956178368,0.4141384956178368,131.0,DIVERGE,-1.0
822878,2026-07-10,HOU,TEX,xw+plat_consol_v12,f06107626bc8bd0e,2026-07-09,historical_lineup,,-0.0166211179318078,0.0011163852357611,-0.0177375031675689,HOU,0.0177375031675689,3-7,0-3,L,L,xw+plat_consol_v2,HOU,-0.062,L,L,False,,,Hunter Brown,Cal Quantrill,6.0,6.0,0.3182572847760299,0.3236129052568546,0.3009760203957486,0.3310686394452989,-0.0053556204808247,-0.0300926190495502,4.836611782634394,3.8389721486758144,4.916666666666666,3.6666666666666665,0.3009760203957486,0.3310686394452989,0.2984068418100658,0.2960370940528558,0.5509938657318643,0.4250835497332511,0.4490061342681357,0.574916450266749,0.4470179938888678,0.5529820061111321,-137.0,AGREE,-1.0
822955,2026-07-10,SEA,TB,xw+plat_consol_v12,f06107626bc8bd0e,2026-07-09,historical_lineup,,0.0006039396444202,0.0073299265085521,-0.0067259868641319,SEA,0.0067259868641319,2-7,1-4,L,L,xw+plat_consol_v2,SEA,-0.018,L,L,False,,,Luis Castillo,Nick Martinez,5.0,5.333333333333333,0.3189951978229302,0.3238784003788054,0.3265452315058725,0.32996561545321,-0.0048832025558752,-0.0034203839473375,5.164407662363642,5.599512679190955,5.3273809523809526,5.872549019607844,0.3265452315058725,0.32996561545321,0.305062326235342,0.3016763797480891,0.5800393409775114,0.6233229004992841,0.4199606590224886,0.3766770995007159,0.54911742133538,0.45088257866462,112.0,DIVERGE,-1.0
823033,2026-07-10,ATL,STL,xw+plat_consol_v12,f06107626bc8bd0e,2026-07-09,historical_lineup,,-0.0144773780906692,0.0275088650265771,-0.0419862431172463,ATL,0.0419862431172463,1-2,1-0,L,W,xw+plat_consol_v2,ATL,-0.058,L,W,False,,,Chris Sale,Kyle Leahy,3.0,3.0,0.3352493811579415,0.3242896373016514,0.294810025711851,0.3503358423644993,0.0109597438562901,-0.0555258166526483,5.482999128803391,5.159377546562171,5.7265625,5.321078431372549,0.294810025711851,0.3503358423644993,0.2755615210232527,0.3220257726152508,0.6224670953734459,0.5760809771452768,0.3775329046265541,0.4239190228547231,0.4070892345793669,0.5929107654206331,-163.0,AGREE,-1.0
823200,2026-07-10,COL,SF,xw+plat_consol_v12,f06107626bc8bd0e,2026-07-09,historical_lineup,,0.0129320375948498,0.0021611340799502,0.0107709035148996,SF,0.0107709035148996,4-3,1-1,L,T,xw+plat_consol_v2,SF,0.018,L,T,False,,,Tanner Gordon,Robbie Ray,5.0,5.0,0.3252713619505825,0.3192617371573835,0.3319787955745268,0.3259971781735206,0.0060096247931989,0.0059816174010062,4.504065237981535,5.849900665753108,4.5,6.186274509803921,0.3319787955745268,0.3259971781735206,0.314347262339442,0.3049537352641862,0.5068041964650457,0.6433587718529945,0.4931958035349543,0.3566412281470055,0.5825451699171612,0.5825451699171612,-156.0,AGREE,-1.0
823278,2026-07-10,TOR,SD,xw+plat_consol_v12,f06107626bc8bd0e,2026-07-09,historical_lineup,,0.015171665364538,-0.0084307685472463,0.0236024339117843,SD,0.0236024339117843,5-3,5-2,L,L,xw+plat_consol_v2,SD,0.144,L,L,False,,,Shane Bieber,JP Sears,4.666666666666667,4.333333333333333,0.3116230349352179,0.313950308663217,0.3891617844526261,0.3374103751510819,-0.0023272737279991,0.0517514093015442,4.37104662012039,4.991800170139063,4.333333333333333,5.111111111111112,0.3891617844526261,0.3374103751510819,0.2810541786392708,0.2879092311142193,0.527956115615568,0.5690032037329568,0.472043884384432,0.4309967962670432,0.5205006473888649,0.5205006473888649,-120.0,AGREE,-1.0
823604,2026-07-10,BOS,NYM,xw+plat_consol_v12,f06107626bc8bd0e,2026-07-09,historical_lineup,,-0.000444357975965,-0.0278222460823681,0.027377888106403,NYM,0.027377888106403,6-2,2-1,L,L,xw+plat_consol_v2,NYM,0.051,L,L,False,,,Sonny Gray,Nolan McLean,6.0,6.0,0.3342864718200374,0.3125359688402087,0.3022669556649906,0.2936676870694074,0.0217505029798287,0.0085992685955831,5.9153096368521085,5.490619987118352,6.268229166666667,5.736111111111111,0.3022669556649906,0.2936676870694074,0.3009661055494958,0.2951814036447761,0.6463686237560246,0.6094048065861672,0.3536313762439754,0.3905951934138327,0.5709639471316864,0.5709639471316864,-148.0,AGREE,-1.0
823685,2026-07-10,LAA,MIN,xw+plat_consol_v12,f06107626bc8bd0e,2026-07-09,historical_lineup,,0.01935902234136,-0.0062888352807956,0.0256478576221557,MIN,0.0256478576221557,4-3,4-1,L,L,xw+plat_consol_v2,MIN,0.079,L,L,False,,,Grayson Rodriguez,Zebby Matthews,5.333333333333333,6.0,0.320479512393732,0.3098332192805854,0.3624911778037251,0.3235889187685693,0.0106462931131466,0.0389022590351558,4.387673947353033,5.797671296681161,4.354166666666666,6.120833333333334,0.3624911778037251,0.3235889187685693,0.3035438127776877,0.3091676609889845,0.5167182203304559,0.625680189295935,0.4832817796695441,0.3743198107040649,0.5913146565171273,0.5913146565171273,-162.0,AGREE,-1.0
823845,2026-07-10,CLE,MIA,xw+plat_consol_v12,f06107626bc8bd0e,2026-07-09,historical_lineup,,-0.0160153153797402,-0.0235828260603198,0.0075675106805795,MIA,0.0075675106805795,3-2,3-0,L,L,xw+plat_consol_v2,CLE,-0.005,W,W,True,,,Parker Messick,Sandy Alcantara,6.0,7.0,0.329343540732746,0.3084066454158898,0.2871864869029267,0.3045259848464031,0.0209368953168562,-0.0173394979434763,5.767742107662404,6.285814619332121,6.083333333333334,6.732456140350878,0.2871864869029267,0.3045259848464031,0.299982236045967,0.3007418430988822,0.6255127606171286,0.6933605847096297,0.3744872393828714,0.3066394152903703,0.532129844319311,0.532129844319311,-126.0,AGREE,-1.0
823927,2026-07-10,ARI,LAD,xw+plat_consol_v12,f06107626bc8bd0e,2026-07-09,historical_lineup,,0.0195457970003828,-0.0352286168401322,0.054774413840515,LAD,0.054774413840515,9-3,6-2,L,L,xw+plat_consol_v2,LAD,0.092,L,L,False,,,Eduardo Rodriguez,Kyle Hurt,6.0,1.6666666666666667,0.3337286706456731,0.3153476580512833,0.3374535058663513,0.29830324181518,0.0183810125943897,0.0391502640511713,5.634723489801258,1.7106742628975118,5.916666666666666,1.0,0.3374535058663513,0.29830324181518,0.2926407841178887,0.2790932399530262,0.6266870407515188,0.1998572850180084,0.3733129592484812,0.8001427149819915,0.6430243445692884,0.6430243445692884,-205.0,AGREE,-1.0
824252,2026-07-10,PHI,DET,xw+plat_consol_v12,f06107626bc8bd0e,2026-07-09,historical_lineup,,-0.0050584940051094,-0.0066949179133962,0.0016364239082868,DET,0.0016364239082868,2-10,2-2,W,T,xw+plat_consol_v2,PHI,-0.001,L,T,True,,,Aaron Nola,Jack Flaherty,5.0,6.0,0.324556130268825,0.318461325900407,0.3187198666341201,0.3202360909401133,0.006094804368418,-0.0015162243059931,5.03613970942611,4.617522294392511,5.166666666666666,4.642156862745098,0.3187198666341201,0.3202360909401133,0.2891127475852564,0.2993217343931069,0.5671667815528559,0.5292207401323096,0.432833218447144,0.4707792598676904,0.5205006473888649,0.5205006473888649,-120.0,AGREE,0.8333333333333334
824493,2026-07-10,CHC,CIN,xw+plat_consol_v12,f06107626bc8bd0e,2026-07-09,historical_lineup,,-0.0063456812276936,0.0173681414257035,-0.0237138226533972,CHC,0.0237138226533972,0-4,0-1,L,L,xw+plat_consol_v2,CHC,-0.162,L,L,False,,,Shota Imanaga,Hunter Greene,5.0,7.0,0.3235737560609325,0.3253743122277465,0.3018029760198654,0.3408211054185891,-0.0018005561668139,-0.0390181293987236,5.318804272381041,3.572934912953527,5.520833333333334,3.333333333333333,0.3018029760198654,0.3408211054185891,0.3154532417342323,0.3126237467917197,0.5835302700946824,0.4801883274181165,0.4164697299053176,0.5198116725818835,0.4760776372762327,0.5239223627237672,-121.0,AGREE,-1.0
824575,2026-07-10,ATH,CWS,xw+plat_consol_v12,f06107626bc8bd0e,2026-07-09,historical_lineup,,0.0018041659033992,-0.0212923195293862,0.0230964854327854,CWS,0.0230964854327854,1-14,0-4,W,W,xw+plat_consol_v2,CWS,0.032,W,W,False,,,Jacob Lopez,Sean Burke,1.6666666666666667,7.0,0.3272045249538346,0.3130537325563313,0.3128446292723549,0.3034413554799035,0.0141507923975032,0.0094032737924514,4.387673947353033,5.181034989596286,4.354166666666666,5.348214285714286,0.3128446292723549,0.3034413554799035,0.3034352209086178,0.2953837474821215,0.5128008056134508,0.5715315403669444,0.4871991943865492,0.4284684596330556,0.6219831346321605,0.6219831346321605,-186.0,AGREE,0.5376344086021505
824817,2026-07-10,KC,BAL,xw+plat_consol_v12,f06107626bc8bd0e,2026-07-09,historical_lineup,,0.0128617141520432,-0.0015864721624978,0.014448186314541,BAL,0.014448186314541,3-5,2-3,W,W,xw+plat_consol_v2,BAL,0.018,W,W,False,,,Luinder Avila,Brandon Young,5.0,7.0,0.3293225643926141,0.3204690588743096,0.3240942365747861,0.3209874602069511,0.0088535055183044,0.0031067763678349,4.188146020561317,5.359184924231744,4.104166666666666,5.571428571428571,0.3240942365747861,0.3209874602069511,0.3136006868185236,0.300730394051443,0.4639935174165104,0.6062469165768921,0.5360064825834896,0.3937530834231079,0.5727229047978585,0.5727229047978585,-149.0,AGREE,0.6711409395973155
822711,2026-07-11,NYY,WSH,xw+plat_consol_v12,f06107626bc8bd0e,2026-07-10,historical_lineup,,-0.01929009984212,-0.0030691499684618,-0.0162209498736582,NYY,0.0162209498736582,4-2,0-2,W,L,xw+plat_consol_v2,NYY,-0.086,W,L,False,,,Cam Schlittler,PJ Poulin,6.666666666666667,1.6666666666666667,0.3361406710429222,0.3162118793610652,0.2763252791630464,0.3409605744161428,0.0199287916818569,-0.0646352952530964,5.6665908158162,2.184039550522813,5.9605263157894735,1.4,0.2763252791630464,0.3409605744161428,0.2921770011164943,0.3047701690887236,0.6152557173203732,0.2294352426386465,0.3847442826796268,0.7705647573613534,0.3635833019200603,0.6364166980799397,-199.0,AGREE,0.5025125628140703
822875,2026-07-11,HOU,TEX,xw+plat_consol_v12,f06107626bc8bd0e,2026-07-10,historical_lineup,,-0.0100700155132807,-0.0002282702226036,-0.0098417452906771,HOU,0.0098417452906771,9-3,7-1,W,W,xw+plat_consol_v2,HOU,-0.042,W,W,False,,,Peter Lambert,Kumar Rocker,6.0,5.666666666666667,0.3254806641777641,0.3183150338318987,0.2986944345855478,0.3273036824813228,0.0071656303458654,-0.0286092478957749,5.551280886030842,4.710379634587826,5.809523809523809,4.708333333333332,0.2986944345855478,0.3273036824813228,0.3000512539113247,0.301169967290972,0.6165342995045665,0.5275250103583365,0.3834657004954335,0.4724749896416634,0.5217391304347826,0.4782608695652174,100.0,DIVERGE,1.0
822953,2026-07-11,SEA,TB,xw+plat_consol_v12,f06107626bc8bd0e,2026-07-10,historical_lineup,,-0.01500870178369,0.0106028916471471,-0.0256115934308371,SEA,0.0256115934308371,1-6,1-2,L,L,xw+plat_consol_v2,SEA,-0.061,L,L,False,,,Logan Gilbert,Griffin Jax,6.666666666666667,5.0,0.3174584099026174,0.3247876464045112,0.3001508695691158,0.3382248669572981,-0.0073292365018938,-0.0380739973881822,6.036124850826815,4.830308586456831,6.444444444444445,4.865384615384615,0.3001508695691158,0.3382248669572981,0.30608970515468,0.3012215649644181,0.6484061300362015,0.539337138052648,0.3515938699637985,0.4606628619473519,0.5043297540699688,0.4956702459300312,-108.0,DIVERGE,-1.0
823030,2026-07-11,ATL,STL,xw+plat_consol_v12,f06107626bc8bd0e,2026-07-10,historical_lineup,,-0.0060964351082024,0.0225099291548161,-0.0286063642630185,ATL,0.0286063642630185,1-4,0-4,L,L,xw+plat_consol_v2,ATL,-0.015,L,L,False,,,Reynaldo López,Matthew Liberatore,5.0,6.0,0.331173616320581,0.3216175292737669,0.3235053135881154,0.3481516353191247,0.009556087046814,-0.0246463217310092,4.169475586362321,4.545987227774193,4.0,4.493055555555555,0.3235053135881154,0.3481516353191247,0.275574040021036,0.321764383124077,0.4819593722272215,0.5127899528930492,0.5180406277727785,0.4872100471069508,0.5054504229528212,0.4945495770471788,-107.0,DIVERGE,-1.0
823198,2026-07-11,COL,SF,xw+plat_consol_v12,f06107626bc8bd0e,2026-07-10,historical_lineup,,0.0271884904597402,-0.0037365631587092,0.0309250536184494,SF,0.0309250536184494,2-4,1-1,W,T,xw+plat_consol_v2,SF,0.058,W,T,False,,,Kyle Freeland,Tyler Mahle,6.0,7.0,0.3221972916993054,0.3216058907796419,0.3550717600551697,0.3148683855548311,0.0005914009196634,0.0402033745003385,5.350714574031258,4.889923415301336,5.546875,4.9434523809523805,0.3550717600551697,0.3148683855548311,0.3143472674861781,0.3045769353645794,0.6052631338050332,0.5476595443026769,0.3947368661949668,0.452340455697323,0.5716276429198135,0.5716276429198135,-149.0,AGREE,0.6711409395973155
823276,2026-07-11,TOR,SD,xw+plat_consol_v12,f06107626bc8bd0e,2026-07-10,historical_lineup,,-0.0359195380715269,-0.0243940208350193,-0.0115255172365076,TOR,0.0115255172365076,7-8,4-7,L,L,xw+plat_consol_v2,TOR,-0.033,L,L,False,,,Trey Yesavage,Walker Buehler,1.6666666666666667,2.0,0.3140378022207453,0.3014317791778387,0.285689199262239,0.3242195816976234,0.0126060230429065,-0.0385303824353844,5.657573601389959,4.853560117941639,5.948717948717949,4.895833333333334,0.285689199262239,0.3242195816976234,0.2811493370497123,0.2876391963169015,0.6236825654691629,0.5504964036346508,0.3763174345308371,0.4495035963653492,0.5032696834946377,0.4967303165053622,-108.0,DIVERGE,-1.0
823356,2026-07-11,MIL,PIT,xw+plat_consol_v12,f06107626bc8bd0e,2026-07-10,historical_lineup,,-0.0122585821611201,0.0152828333750391,-0.0275414155361592,MIL,0.0275414155361592,2-3,2-2,L,T,xw+plat_consol_v2,MIL,-0.039,L,T,False,,,Shane Drohan,Bubba Chandler,6.333333333333333,4.666666666666667,0.331731648650145,0.3352594362804335,0.2982324286277142,0.3187086026127422,-0.0035277876302884,-0.020476173985028,4.992763365646732,5.144600185412456,5.078125,5.276960784313726,0.2982324286277142,0.3187086026127422,0.2885059445551347,0.3101406150794576,0.5603137034661437,0.5794764096242764,0.4396862965338562,0.4205235903757236,0.4290360528683136,0.5709639471316864,-148.0,AGREE,-1.0
823357,2026-07-11,MIL,PIT,xw+plat_consol_v12,f06107626bc8bd0e,2026-07-10,historical_lineup,,-0.0066923169089013,-0.0078798318300289,0.0011875149211276,PIT,0.0011875149211276,6-7,5-3,W,L,xw+plat_consol_v2,PIT,0.04,W,L,False,,,Brandon Sproat,Braxton Ashcraft,3.0,5.0,0.3178602176736465,0.3330390963788265,0.3279135351063558,0.2853363660600577,-0.01517887870518,0.0425771690462981,4.869469060536505,5.574765515575646,4.916666666666666,5.840277777777778,0.3279135351063558,0.2853363660600577,0.2885059445551347,0.3101406150794576,0.5501315911639306,0.6042374455207613,0.4498684088360694,0.3957625544792387,0.5151837230488916,0.5151837230488916,-117.0,AGREE,0.8547008547008547
823603,2026-07-11,BOS,NYM,xw+plat_consol_v12,f06107626bc8bd0e,2026-07-10,historical_lineup,,-0.0006592673986021,-0.0266036022278754,0.0259443348292733,NYM,0.0259443348292733,4-0,2-0,L,L,xw+plat_consol_v2,BOS,-0.078,W,W,True,,,Eduardo Rivera,Freddy Peralta,3.6666666666666665,4.333333333333333,0.3297734739825965,0.3071187141086961,0.3056754664215557,0.3040354152410479,0.0226547598739004,0.0016400511805078,5.085830679826708,4.7221020133419405,5.2,4.723684210526316,0.3056754664215557,0.3040354152410479,0.3022126526846262,0.2965626142526122,0.4812594005659031,0.539022444149388,0.5187405994340968,0.4609775558506119,0.5637871853546911,0.5637871853546911,-144.0,AGREE,-1.0
823682,2026-07-11,LAA,MIN,xw+plat_consol_v12,f06107626bc8bd0e,2026-07-10,historical_lineup,,-0.0026332244291668,-0.0204265727770611,0.0177933483478943,MIN,0.0177933483478943,3-5,2-3,W,W,xw+plat_consol_v2,MIN,0.047,W,W,False,,,Ryan Johnson,Joe Ryan,5.0,6.0,0.3168472197587427,0.3197354475175354,0.3263086636639443,0.2823097353175022,-0.0028882277587927,0.0439989283464421,4.67856174939809,5.360134342672955,4.666666666666666,5.559210526315789,0.3263086636639443,0.2823097353175022,0.3038142407255487,0.309131694512621,0.5399492487882706,0.5784257473610892,0.4600507512117294,0.4215742526389108,0.62781536572576,0.62781536572576,-191.0,AGREE,0.5235602094240838
823844,2026-07-11,CLE,MIA,xw+plat_consol_v12,f06107626bc8bd0e,2026-07-10,historical_lineup,,0.0093369143539049,-0.0194689766608583,0.0288058910147633,MIA,0.0288058910147633,4-1,2-0,L,L,xw+plat_consol_v2,MIA,0.041,L,L,False,,,Tanner Bibee,Eury Pérez,6.666666666666667,6.0,0.3248215222324347,0.3066008620728735,0.3325175496346625,0.3163647785020593,0.0182206601595611,0.0161527711326032,5.517549143085332,5.244920105775387,5.765350877192983,5.408333333333334,0.3325175496346625,0.3163647785020593,0.3008171145420498,0.3012396881197755,0.6003914047859106,0.5694414130901027,0.3996085952140894,0.4305585869098973,0.5913146565171273,0.5913146565171273,-162.0,AGREE,-1.0
823926,2026-07-11,ARI,LAD,xw+plat_consol_v12,f06107626bc8bd0e,2026-07-10,historical_lineup,,0.0098906973401952,-0.0278296005536365,0.0377202978938318,LAD,0.0377202978938318,9-2,1-0,L,L,xw+plat_consol_v2,LAD,0.07,L,L,False,,,Brandon Pfaadt,Yoshinobu Yamamoto,5.333333333333333,6.0,0.3348706357166307,0.319941083928251,0.322586735619324,0.2907355447919099,0.0149295517883797,0.0318511908274141,5.23855652873744,6.360932428805366,5.4,6.869791666666667,0.322586735619324,0.2907355447919099,0.292539596126865,0.2790064054427286,0.5989341208921779,0.695385019070422,0.4010658791078221,0.3046149809295779,0.7303686665388792,0.7303686665388792,-322.0,AGREE,-1.0
824249,2026-07-11,PHI,DET,xw+plat_consol_v12,f06107626bc8bd0e,2026-07-10,historical_lineup,,-0.0165149161018457,-0.0232702502329694,0.0067553341311237,DET,0.0067553341311237,4-2,4-1,L,L,xw+plat_consol_v2,DET,0.016,L,L,False,,,Cristopher Sánchez,Casey Mize,7.0,5.666666666666667,0.3342546838580127,0.3221037631530671,0.2854669485006227,0.2832481613325556,0.0121509207049455,0.002218787168067,5.50582676433122,5.366317575422379,5.75,5.5673076923076925,0.2854669485006227,0.2832481613325556,0.2908107442625429,0.2995692574787502,0.6021546023809891,0.5756184018726352,0.3978453976190109,0.4243815981273647,0.4290360528683136,0.4290360528683136,123.0,DIVERGE,-1.0
824492,2026-07-11,CHC,CIN,xw+plat_consol_v12,f06107626bc8bd0e,2026-07-10,historical_lineup,,0.0155670872003947,0.0307219237273497,-0.0151548365269549,CHC,0.0151548365269549,5-3,1-2,W,L,xw+plat_consol_v2,CHC,-0.046,W,L,False,,,Javier Assad,Nick Lodolo,5.0,5.0,0.3243950299447751,0.3298130394058903,0.3275379669949727,0.3574658299898351,-0.0054180094611152,-0.0299278629948624,5.205829561113712,5.002525671329946,5.357142857142858,5.090909090909091,0.3275379669949727,0.3574658299898351,0.322059520325465,0.3121950432507155,0.5605984834815287,0.5665739789931894,0.4394015165184712,0.4334260210068106,0.5173641257162701,0.4826358742837299,-102.0,DIVERGE,0.9803921568627452
824576,2026-07-11,ATH,CWS,xw+plat_consol_v12,f06107626bc8bd0e,2026-07-10,historical_lineup,,0.0030273394863734,-0.0223629157729219,0.0253902552592953,CWS,0.0253902552592953,0-1,0-0,W,T,xw+plat_consol_v2,CWS,0.031,W,T,False,,,Gage Jump,Bryan Hudson,5.666666666666667,1.0,0.3299324923424901,0.3147578076661474,0.3133284743998972,0.3026874586950964,0.0151746846763426,0.0106410157048008,5.008672308241599,2.031313701612081,5.098958333333334,1.2,0.3133284743998972,0.3026874586950964,0.3055180718833762,0.2962192726848507,0.5486731648195086,0.2276069076109501,0.4513268351804914,0.7723930923890499,0.5151837230488916,0.5151837230488916,-117.0,AGREE,0.8547008547008547
824813,2026-07-11,KC,BAL,xw+plat_consol_v12,f06107626bc8bd0e,2026-07-10,historical_lineup,,0.0165186134561263,-0.0071344326296362,0.0236530460857625,BAL,0.0236530460857625,1-6,0-4,W,W,xw+plat_consol_v2,BAL,0.038,W,W,False,,,Noah Cameron,Kyle Bradish,7.0,6.666666666666667,0.326415160943731,0.3226707753987383,0.3354723816660708,0.3081820440574123,0.0037443855449926,0.0272903376086585,4.803961649851756,5.707340037199545,4.830882352941177,6.013888888888889,0.3354723816660708,0.3081820440574123,0.3138913495337508,0.3002942150066006,0.5402222861141359,0.6403371945543733,0.4597777138858641,0.3596628054456267,0.592910765420633,0.592910765420633,-163.0,AGREE,0.6134969325153374
822708,2026-07-12,NYY,WSH,xw+plat_consol_v12,f06107626bc8bd0e,2026-07-11,historical_lineup,,0.012267251956215364,0.0025343058498862314,0.009732946106329132,WSH,0.009732946106329132,5-3,2-1,L,L,xw+plat_consol_v2,WSH,0.023,L,L,False,,,Will Warren,Cade Cavalli,5.0,6.0,0.34171458918371134,0.32200332627070344,0.3187086890144712,0.31549107694800843,0.0197112629130079,0.0032176120664627605,4.967025411036587,4.715292234525245,5.027777777777778,4.703947368421053,0.3187086890144712,0.31549107694800843,0.29174110443347145,0.31656826452953957,0.563038427513081,0.5280658490205439,0.436961572486919,0.4719341509794561,0.5064960374171755,0.5064960374171755,-113.0,AGREE,-1.0
822876,2026-07-12,HOU,TEX,xw+plat_consol_v12,f06107626bc8bd0e,2026-07-11,historical_lineup,,0.010881725868302439,-0.0015624490175848993,0.012444174885887338,TEX,0.012444174885887338,5-6,1-4,W,W,xw+plat_consol_v2,TEX,0.079,W,W,False,,,Cristian Javier,MacKenzie Gore,3.0,4.0,0.324213285108812,0.3301251656611557,0.34707626624159704,0.3105974322652539,-0.005911880552343707,0.03647883397634316,3.477083224100383,5.523338683733209,3.111111111111111,5.743421052631579,0.34707626624159704,0.3105974322652539,0.29972406255902845,0.29739734697772524,0.4369105658796588,0.619362985968541,0.5630894341203412,0.380637014031459,0.5637871853546911,0.5637871853546911,-144.0,AGREE,0.6944444444444444
822951,2026-07-12,SEA,TB,xw+plat_consol_v12,f06107626bc8bd0e,2026-07-11,historical_lineup,,-0.001776755453091916,-0.02521576101130002,0.023439005558208104,TB,0.023439005558208104,8-2,7-0,L,L,xw+plat_consol_v2,TB,0.043,L,L,False,,,Emerson Hancock,Ian Seymour,1.6666666666666667,3.333333333333333,0.3194923047899898,0.3113489332131503,0.32107320536648826,0.29068783873897525,0.008143371576839475,0.03038536662751301,5.35697617948451,4.530839437469757,5.529411764705882,4.466666666666667,0.32107320536648826,0.29068783873897525,0.30578576230297366,0.3051760770898482,0.5724525956030593,0.5070700966597445,0.4275474043969407,0.49292990334025555,0.5825451699171612,0.5825451699171612,-156.0,AGREE,-1.0
823029,2026-07-12,ATL,STL,xw+plat_consol_v12,f06107626bc8bd0e,2026-07-11,historical_lineup,,-0.023930599314757106,0.0001702873657711823,-0.02410088668052829,ATL,0.02410088668052829,4-3,2-1,W,W,xw+plat_consol_v2,STL,0.0,L,L,True,,,Danny Young,Dustin May,0.6666666666666666,4.0,0.3287376148736346,0.3228721585427844,0.31478063747660995,0.30530795607117334,0.005865456330850227,0.009472681405436612,1.706427291799388,4.75490235458446,0.8333333333333334,4.754901960784315,0.31478063747660995,0.30530795607117334,0.2750360746239375,0.32094498859592735,0.17752881253798805,0.5183709308971851,0.822471187462012,0.4816290691028149,0.551057677674631,0.448942322325369,113.0,DIVERGE,1.13
823199,2026-07-12,COL,SF,xw+plat_consol_v12,f06107626bc8bd0e,2026-07-11,historical_lineup,,0.02374998160086106,-0.006701101009437493,0.030451082610298552,SF,0.030451082610298552,1-3,1-1,W,T,xw+plat_consol_v2,SF,0.05,W,T,False,,,Michael Lorenzen,Trevor McDonald,5.0,7.0,0.3246635924793148,0.3190869123438479,0.3488861948195569,0.31277986720595713,0.005576680135466916,0.036106327613599776,5.0136216197813495,4.4757763566482005,5.087719298245614,4.395833333333333,0.3488861948195569,0.31277986720595713,0.3142320614660225,0.30536294198634845,0.5778246032437911,0.5109658350558052,0.42217539675620885,0.4890341649441948,0.5727229047978585,0.5727229047978585,-149.0,AGREE,0.6711409395973155
823274,2026-07-12,TOR,SD,xw+plat_consol_v12,f06107626bc8bd0e,2026-07-11,historical_lineup,,-0.025372357372535626,-0.009639458013150248,-0.015732899359385377,TOR,0.015732899359385377,4-5,3-3,L,T,xw+plat_consol_v2,TOR,-0.039,L,T,False,,,Kevin Gausman,Germán Márquez,6.0,4.0,0.3110119325423291,0.3046781075188705,0.3081127181603308,0.3443388176144839,0.006333825023458639,-0.036226099454153116,5.2488756492975925,5.093500834772373,5.390350877192983,5.190476190476191,0.3081127181603308,0.3443388176144839,0.28222206965230834,0.2874235565357549,0.5846640521058826,0.575042465853904,0.41533594789411743,0.42495753414609605,0.466652901094363,0.533347098905637,-126.0,AGREE,-1.0
823358,2026-07-12,MIL,PIT,xw+plat_consol_v12,f06107626bc8bd0e,2026-07-11,historical_lineup,,-0.020900586276134225,-0.020921518649555104,2.0932373420878836e-05,PIT,2.0932373420878836e-05,5-14,2-14,W,W,xw+plat_consol_v2,PIT,0.028,W,W,False,,,Robert Gasser,Paul Skenes,3.0,5.333333333333333,0.3177680580566264,0.3282846176168054,0.29907572931936505,0.27025275268726984,-0.010516559560178995,0.02882297663209521,5.552745437422739,5.262513564052158,5.78125,5.407894736842105,0.29907572931936505,0.27025275268726984,0.2895582460033328,0.30966101284702924,0.6235950677677069,0.5699932154543961,0.3764049322322931,0.4300067845456039,0.5403677058353318,0.5403677058353318,-130.0,AGREE,0.7692307692307693
823602,2026-07-12,BOS,NYM,xw+plat_consol_v12,f06107626bc8bd0e,2026-07-11,insufficient_history,,,,,,,3-2,0-1,,,xw+plat_consol_v2,BOS,-0.043,W,L,,,,Payton Tolle,Zach Thornton,3.6666666666666665,7.0,,,,,,,,,,,,,,,,,,,0.4891657638136511,,,,
823681,2026-07-12,LAA,MIN,xw+plat_consol_v12,f06107626bc8bd0e,2026-07-11,historical_lineup,,0.00010920468840364128,-0.008770453771338893,0.008879658459742534,MIN,0.008879658459742534,2-4,1-3,W,W,xw+plat_consol_v2,MIN,0.019,W,W,False,,,José Soriano,Taj Bradley,5.0,7.0,0.3219771802530915,0.31879270073264593,0.3195447461490482,0.3050843566548317,0.0031844795204455933,0.014460389494216519,5.017031098469991,5.678971357991184,5.092105263157895,5.943627450980392,0.3195447461490482,0.3050843566548317,0.30443935688532964,0.3091103077389053,0.5538541566763778,0.6222580169870271,0.44614584332362217,0.3777419830129729,0.533347098905637,0.533347098905637,-126.0,AGREE,0.7936507936507936
823842,2026-07-12,CLE,MIA,xw+plat_consol_v12,f06107626bc8bd0e,2026-07-11,historical_lineup,,-0.002810497250222088,-0.011276834027497351,0.008466336777275263,MIA,0.008466336777275263,5-2,3-1,L,L,xw+plat_consol_v2,CLE,-0.004,W,W,True,,,Joey Cantillo,Tyler Phillips,5.0,1.0,0.32528921582208686,0.3069804634674444,0.3138886444830321,0.33233835262531175,0.018308752354642466,-0.01844970814227964,5.349455270612507,4.98591960543614,5.519736842105263,5.052083333333334,0.3138886444830321,0.33233835262531175,0.30043786342059486,0.29992413433703613,0.5937619095948858,0.5551179222001765,0.40623809040511416,0.44488207779982347,0.4901832460732984,0.4901832460732984,-105.0,DIVERGE,-1.0
823925,2026-07-12,ARI,LAD,xw+plat_consol_v12,f06107626bc8bd0e,2026-07-11,historical_lineup,,0.0069394501923376595,-0.0253822603224394,0.03232171051477706,LAD,0.03232171051477706,5-3,2-3,L,W,xw+plat_consol_v2,ARI,-0.001,W,L,True,,,Mitch Bratt,Emmet Sheehan,3.0,5.333333333333333,0.3418297698649852,0.313835090171605,0.31308346369363116,0.31021778880508233,0.02799467969338021,0.0028656748885488303,3.3907097639881396,4.307752985023602,3.0,4.1796875,0.31308346369363116,0.31021778880508233,0.29192947776960787,0.2795621839673185,0.39468457135982515,0.4925146662239342,0.6053154286401748,0.5074853337760659,0.6745579171706698,0.6745579171706698,-239.0,AGREE,-1.0
824250,2026-07-12,PHI,DET,xw+plat_consol_v12,f06107626bc8bd0e,2026-07-11,historical_lineup,,-0.027926841170050787,-0.014947094605866684,-0.012979746564184103,PHI,0.012979746564184103,5-0,1-0,W,W,xw+plat_consol_v2,PHI,-0.017,W,W,False,,,Zack Wheeler,Tarik Skubal,6.0,5.0,0.33035817756253927,0.3283745159576133,0.2709755921417559,0.28924316861005406,0.001983661604925968,-0.01826757646829813,5.8176497548205575,5.431282759139897,6.122023809523809,5.625,0.2709755921417559,0.28924316861005406,0.29051556461043115,0.29832652557758177,0.6201738994477617,0.5837938285340056,0.3798261005522383,0.41620617146599437,0.551057677674631,0.448942322325369,113.0,DIVERGE,1.13
824491,2026-07-12,CHC,CIN,xw+plat_consol_v12,f06107626bc8bd0e,2026-07-11,historical_lineup,,0.01704140898596973,0.017112583879534293,-7.117489356456286e-05,CHC,7.117489356456286e-05,8-4,4-4,W,T,xw+plat_consol_v2,CHC,-0.001,W,T,False,,,Matthew Boyd,Andrew Abbott,6.333333333333333,4.0,0.33208456424998334,0.3301243575338965,0.3247142962588818,0.3325639988798891,0.001960206716086821,-0.00784970262100726,4.998065873264426,5.167048160770204,5.067708333333334,5.285087719298246,0.3247142962588818,0.3325639988798891,0.3217368091362788,0.3130050871077289,0.5527143908506583,0.5783067912463983,0.4472856091493417,0.4216932087536017,0.4596322941646683,0.5403677058353318,-130.0,AGREE,0.7692307692307693
824574,2026-07-12,ATH,CWS,xw+plat_consol_v12,f06107626bc8bd0e,2026-07-11,historical_lineup,,0.006556592716637,0.010111864933714798,-0.0035552722170777984,ATH,0.0035552722170777984,1-9,1-9,L,L,xw+plat_consol_v2,ATH,-0.037,L,L,False,,,J.T. Ginn,Noah Schultz,4.333333333333333,5.0,0.333710875541318,0.3208721314612221,0.312274816824619,0.3544239722496139,0.012838744080095887,-0.04214915542499492,5.2864801936576065,4.6927896751802125,5.438725490196079,4.675,0.312274816824619,0.3544239722496139,0.304875622537585,0.2965939576556771,0.5775984075885535,0.5297175589616243,0.4224015924114465,0.4702824410383757,0.5825451699171612,0.4174548300828388,129.0,DIVERGE,-1.0
824814,2026-07-12,KC,BAL,xw+plat_consol_v12,f06107626bc8bd0e,2026-07-11,historical_lineup,,0.024288442218439177,0.0008910881997657993,0.023397354018673377,BAL,0.023397354018673377,2-8,2-2,W,T,xw+plat_consol_v2,BAL,0.036,W,T,False,,,Seth Lugo,Shane Baz,4.0,4.666666666666667,0.3254815794314816,0.3197076363398533,0.34794054877096103,0.32612755606675053,0.00577394309162832,0.0218129927042105,5.0857889186909215,5.706598163247674,5.180555555555555,5.979166666666667,0.34794054877096103,0.32612755606675053,0.3139039235435131,0.29907980401870127,0.5611890285919782,0.6428849503279418,0.43881097140802183,0.3571150496720582,0.5825451699171612,0.5825451699171612,-156.0,AGREE,0.6410256410256411
823443,2026-07-14,AME,NAT,xw+plat_consol_v12,f06107626bc8bd0e,2026-07-13,historical_lineup,,,,,,,4-0,3-0,,,xw+plat_consol_v2,AME,-0.031,W,W,,,,Dylan Cease,Cristopher Sánchez,,,0.3634352074774991,0.3745132132813607,0.27467543141729095,0.2851574258241005,-0.011078005803861646,-0.010481994406809525,5.652220276787028,5.627702205874747,5.96078431372549,5.929166666666665,0.27467543141729095,0.2851574258241005,,,0.6280244751985586,0.6253002450971941,0.37197552480144136,0.37469975490280594,,,,,
823440,2026-07-16,NYM,PHI,xw+plat_consol_v12,f06107626bc8bd0e,2026-07-15,historical_lineup,,-0.0033163330684739534,0.00386647301829246,-0.007182806086766413,NYM,0.007182806086766413,4-1,1-0,W,W,xw+plat_consol_v2,NYM,-0.013,W,W,False,,,Christian Scott,Aaron Nola,5.666666666666667,6.0,0.31996212963664694,0.33108526496036916,0.32484201543562397,0.31790169740964336,-0.011123135323722222,0.006940318025980607,4.632534614427492,5.067027641793818,4.645833333333334,5.2061403508771935,0.32484201543562397,0.31790169740964336,0.29853376633147,0.2965722752845094,0.5232676938521874,0.5678327744822173,0.4767323061478126,0.43216722551778275,0.53125,0.46875,104.0,DIVERGE,1.04
822789,2026-07-17,CWS,TOR,xw+plat_consol_v12,f06107626bc8bd0e,2026-07-16,historical_lineup,,-0.0034781243730342415,-0.015041629932758926,0.011563505559724685,TOR,0.011563505559724685,12-4,8-3,L,L,xw+plat_consol_v3,TOR,0.035,L,L,False,,,Anthony Kay,Spencer Miles,4.0,4.0,0.31227009941320927,0.3360607178221019,0.342727290734386,0.29304322810319583,-0.023790618408892628,0.049684062631190185,4.673867305881642,3.6225492409940094,4.6911764705882355,3.3333333333333335,0.342727290734386,0.29304322810319583,0.29669963887706013,0.2815270651131793,0.5368579429534387,0.39418243123843866,0.4631420570465613,0.6058175687615613,0.551057677674631,0.551057677674631,-136.0,AGREE,-1.0
823115,2026-07-17,SF,SEA,xw+plat_consol_v12,f06107626bc8bd0e,2026-07-16,historical_lineup,,-0.016009083428635995,-0.031956791415323815,0.01594770798668782,SEA,0.01594770798668782,7-0,2-0,L,L,xw+plat_consol_v3,SEA,0.053,L,L,False,,,Landen Roupp,Bryce Miller,7.0,5.666666666666667,0.3221858590673462,0.32509332138355357,0.29215426074245826,0.2618565944107815,-0.0029074623162073654,0.030297666331676743,5.2517127043622995,5.708738758442513,5.4375,6.027777777777778,0.29215426074245826,0.2618565944107815,0.3056819022956262,0.30542410476793813,0.5832856840599273,0.6000876347501978,0.4167143159400727,0.3999123652498022,0.6247068021892103,0.6247068021892103,-188.0,AGREE,-1.0
823524,2026-07-17,LAD,NYY,xw+plat_consol_v12,f06107626bc8bd0e,2026-07-16,historical_lineup,,-0.005128443680315564,0.006952555564916085,-0.01208099924523165,LAD,0.01208099924523165,2-1,0-1,W,L,xw+plat_consol_v3,NYY,0.01,L,W,True,,,Roki Sasaki,Gerrit Cole,5.666666666666667,6.0,0.3229381628738134,0.3474032838873465,0.32878059123760217,0.2996150724410299,-0.024465121013533098,0.029165518796572254,4.737558393522059,5.235582373041822,4.7734375,5.416666666666667,0.32878059123760217,0.2996150724410299,0.2806670916183659,0.2926203833614604,0.5443730518698594,0.5833023619132757,0.4556269481301406,0.41669763808672433,0.4935039625828245,0.5064960374171755,-113.0,AGREE,0.8849557522123894
823766,2026-07-17,MIA,MIL,xw+plat_consol_v12,f06107626bc8bd0e,2026-07-16,historical_lineup,,-0.0006430356716333185,-0.016949701381778648,0.01630666571014533,MIL,0.01630666571014533,1-2,1-1,W,T,xw+plat_consol_v3,MIL,0.036,W,T,False,,,Sandy Alcantara,Logan Henderson,6.0,5.0,0.3322006599835051,0.32723647527409494,0.30271357268957416,0.2935394655895554,0.00496418470941018,0.009174107100018758,6.164689457101362,4.961366740593694,6.616666666666667,5.0625,0.30271357268957416,0.2935394655895554,0.3029138385390137,0.289749493435146,0.6785653042366775,0.5417567053866301,0.3214346957633225,0.4582432946133699,0.5733788395904437,0.5733788395904437,-150.0,AGREE,0.6666666666666666
824009,2026-07-17,DET,LAA,xw+plat_consol_v12,f06107626bc8bd0e,2026-07-16,historical_lineup,,-0.01988696637831794,-0.016675121888751254,-0.0032118444895666842,DET,0.0032118444895666842,2-1,0-1,W,L,xw+plat_consol_v3,DET,-0.028,W,L,False,,,Troy Melton,Reid Detmers,5.666666666666667,6.0,0.322795193511055,0.32204638273195985,0.28576410809479647,0.29169715079600755,0.0007488107790951659,-0.005933042701211089,5.6065799934128195,5.379906390119784,5.895833333333334,5.603070175438596,0.28576410809479647,0.29169715079600755,0.3007211296461607,0.3045642499276644,0.5984311693005648,0.5918867883265119,0.40156883069943516,0.40811321167348813,0.4782608695652174,0.5217391304347826,-120.0,AGREE,0.8333333333333334
824090,2026-07-17,SD,KC,xw+plat_consol_v12,f06107626bc8bd0e,2026-07-16,historical_lineup,,-0.008276854884356977,0.012938105820211099,-0.021214960704568075,SD,0.021214960704568075,6-7,2-1,L,W,xw+plat_consol_v3,SD,-0.023,L,W,False,,,Michael King,Seth Lugo,5.0,6.0,0.31783608716069445,0.3124044964246658,0.32605677207991934,0.34980877679890215,0.005431590736028669,-0.02375200471898281,5.374812601281738,5.092956285576541,5.596491228070175,5.232456140350877,0.32605677207991934,0.34980877679890215,0.28342549153139984,0.31529704600126657,0.5959945627493284,0.5618871336067486,0.4040054372506716,0.4381128663932514,0.4678701556806889,0.5321298443193111,-126.0,AGREE,-1.0
824170,2026-07-17,BAL,HOU,xw+plat_consol_v12,f06107626bc8bd0e,2026-07-16,historical_lineup,,0.0021465283673998137,-0.014488936687630571,0.016635465055030385,HOU,0.016635465055030385,3-2,1-2,L,W,xw+plat_consol_v3,HOU,0.041,L,W,False,,,Dean Kremer,Peter Lambert,4.0,6.0,0.3238928880804707,0.3245484020337833,0.3218646625773989,0.2937066679281854,-0.0006555139533126475,0.02815799464921348,5.300103698323734,5.513024071754045,5.5,5.775,0.3218646625773989,0.2937066679281854,0.29926758537081877,0.3006476392112598,0.5760718092373073,0.6092855679459745,0.4239281907626927,0.39071443205402545,0.5270012302210156,0.5270012302210156,-123.0,AGREE,-1.0
824332,2026-07-17,CIN,COL,xw+plat_consol_v12,f06107626bc8bd0e,2026-07-16,historical_lineup,,0.02041975326609885,-0.00784696641688154,0.02826671968298039,COL,0.02826671968298039,7-2,1-1,L,T,xw+plat_consol_v3,COL,0.091,L,T,False,,,Brady Singer,Gabriel Hughes,7.0,5.333333333333333,0.3202876406530866,0.31937462151127777,0.349921966612343,0.30125797955108286,0.0009130191418088573,0.04866398706126013,5.2624662585759525,5.68723165001521,5.451388888888889,6.0,0.349921966612343,0.30125797955108286,0.31294140635967194,0.3146730570492001,0.596736674132364,0.6023526524282418,0.403263325867636,0.39764734757175824,0.5043297540699688,0.5043297540699688,-112.0,AGREE,-1.0
824655,2026-07-17,MIN,CHC,xw+plat_consol_v12,f06107626bc8bd0e,2026-07-16,historical_lineup,,0.005723230528100809,0.027930031446523895,-0.022206800918423086,MIN,0.022206800918423086,5-2,4-1,W,W,xw+plat_consol_v3,MIN,-0.031,W,W,False,,,Bailey Ober,Colin Rea,5.333333333333333,6.0,0.32395996931281246,0.32179400520018553,0.32086206809849044,0.35418922096595007,0.002165964112626928,-0.03332715286745963,5.416738401717961,4.996853469498745,5.6506410256410255,5.108333333333333,0.32086206809849044,0.35418922096595007,0.3091381175019352,0.322500043110888,0.5915743984325968,0.5624551784603554,0.40842560156740315,0.4375448215396446,0.5751163774862462,0.4248836225137538,125.0,DIVERGE,1.25
824737,2026-07-17,TB,BOS,xw+plat_consol_v12,f06107626bc8bd0e,2026-07-16,historical_lineup,,-0.0022252293111117427,-0.015657366043765164,0.013432136732653421,BOS,0.013432136732653421,3-5,3-5,W,W,xw+plat_consol_v3,BOS,0.133,W,W,False,,,Mason Englert,Eduardo Rivera,5.0,2.333333333333333,0.316240378866747,0.32422817200019644,0.3257813129888726,0.2939421551564208,-0.007987793133449439,0.03183915783245178,4.654890445504609,3.880634542121659,4.666666666666667,3.6666666666666665,0.3257813129888726,0.2939421551564208,0.3040740154093833,0.300765656157531,0.535520317990592,0.38343803372419794,0.46447968200940803,0.6165619662758021,0.5423839616474178,0.5423839616474178,-131.0,AGREE,0.7633587786259542
824766,2026-07-17,TB,BOS,xw+plat_consol_v12,f06107626bc8bd0e,2026-07-16,historical_lineup,,-0.0008430036046992995,-0.023396283999691125,0.022553280394991826,BOS,0.022553280394991826,0-10,0-3,W,W,xw+plat_consol_v3,BOS,0.067,W,W,False,,,Griffin Jax,Jake Bennett,5.0,6.0,0.3083561110658567,0.3217726103167823,0.34307190501135965,0.28553484836665316,-0.013416499250925584,0.057537056644706486,4.8231067578467375,5.900958540011545,4.883928571428571,6.276041666666667,0.34307190501135965,0.28553484836665316,0.3056126128194822,0.300765656157531,0.5365013462822713,0.6349944316753285,0.4634986537177287,0.36500556832467146,0.5195490681610843,0.5195490681610843,-119.0,AGREE,0.8403361344537815
824901,2026-07-17,TEX,ATL,xw+plat_consol_v12,f06107626bc8bd0e,2026-07-16,historical_lineup,,0.0008558904510626575,-0.02359018147612657,0.024446071927189228,ATL,0.024446071927189228,1-15,0-8,W,W,xw+plat_consol_v3,ATL,0.043,W,W,False,,,Cal Quantrill,Chris Sale,4.0,7.0,0.3264946033596974,0.3270236734809171,0.32571613392285387,0.29465572015784525,-0.0005290701212197213,0.03106041376500862,4.332283819095047,5.167265675684502,4.25,5.328431372549019,0.32571613392285387,0.29465572015784525,0.29414666940368295,0.2756258103428352,0.47880459300457545,0.58669203315937,0.5211954069954245,0.41330796684063,0.6569929355598327,0.6569929355598327,-219.0,AGREE,0.45662100456621
824981,2026-07-17,WSH,ATH,xw+plat_consol_v12,f06107626bc8bd0e,2026-07-16,historical_lineup,,-0.008368142663955136,0.009418527121816511,-0.017786669785771647,WSH,0.017786669785771647,23-4,8-2,W,W,xw+plat_consol_v3,WSH,-0.011,W,W,False,,,Cade Cavalli,Gage Jump,6.0,3.6666666666666665,0.3114850195629043,0.3368853147040479,0.31627172089943,0.311779036971698,-0.025400295141143614,0.004492683927732,4.796837361124817,5.063525505623389,4.85,5.194444444444445,0.31627172089943,0.311779036971698,0.3123817759913826,0.30429766287934196,0.5307981667192315,0.5523330308598576,0.4692018332807685,0.44766696914014237,0.448942322325369,0.551057677674631,-136.0,AGREE,0.7352941176470589
825060,2026-07-17,STL,ARI,xw+plat_consol_v12,f06107626bc8bd0e,2026-07-16,historical_lineup,,0.018869494458416403,0.05000707956980799,-0.031137585111391586,STL,0.031137585111391586,5-4,3-2,W,W,xw+plat_consol_v3,STL,-0.066,W,W,False,,,Michael McGreevy,Merrill Kelly,6.333333333333333,5.0,0.31722710939538284,0.3300966672371606,0.3459038467852219,0.3878665895095816,-0.012869557841777735,-0.04196274272435968,5.520551559703602,5.580368205017042,5.784722222222222,5.861979166666666,0.3459038467852219,0.3878665895095816,0.32216312905407696,0.29169941642119956,0.5916223069240256,0.6417015310520906,0.4083776930759744,0.3582984689479094,0.5108342361863488,0.4891657638136512,-105.0,DIVERGE,0.9523809523809523
822790,2026-07-18,CWS,TOR,xw+plat_consol_v12,f06107626bc8bd0e,2026-07-17,historical_lineup,,-0.01980573277053138,0.03874995860088659,-0.05855569137141797,CWS,0.05855569137141797,0-1,0-1,L,L,xw+plat_consol_v3,CWS,-0.2,L,L,False,,,Davis Martin,Shane Bieber,5.666666666666667,6.0,0.3034255426139765,0.3334841204063562,0.3219214595391149,0.39120642248237836,-0.030058577792379748,-0.06928496294326347,4.805188641109397,4.474883825291765,4.840277777777778,4.416666666666667,0.3219214595391149,0.39120642248237836,0.2976449815958726,0.281435161989218,0.5310732738507775,0.5321223788748527,0.4689267261492225,0.4678776211251473,0.50763258897418,0.49236741102582005,-106.0,DIVERGE,-1.0
823116,2026-07-18,SF,SEA,xw+plat_consol_v12,f06107626bc8bd0e,2026-07-17,historical_lineup,,0.003582971257193146,-0.009378714005745026,0.012961685262938172,SEA,0.012961685262938172,3-4,1-0,W,L,xw+plat_consol_v3,SEA,0.023,W,L,False,,,Logan Webb,Bryan Woo,6.666666666666667,6.0,0.33024648546212065,0.32532205382331325,0.3106453019174265,0.2968518980567221,0.004924431638807403,0.013793403860704434,6.081058677618076,5.38999061009799,6.4765625,5.590277777777778,0.3106453019174265,0.2968518980567221,0.30502753811612154,0.3070669207455995,0.6688869199520278,0.5838452765294425,0.33111308004797224,0.4161547234705575,0.5944949619071024,0.5944949619071024,-164.0,AGREE,0.6097560975609756
823441,2026-07-18,NYM,PHI,xw+plat_consol_v12,f06107626bc8bd0e,2026-07-17,historical_lineup,,-0.003934851174304199,-0.019263866736056734,0.015329015561752535,PHI,0.015329015561752535,1-6,1-4,W,W,xw+plat_consol_v3,PHI,0.036,W,W,False,,,Sean Manaea,Jesús Luzardo,4.666666666666667,5.0,0.3235877320448131,0.33622206559770634,0.31786572163571647,0.2776010560954216,-0.012634333552893229,0.04026466554029484,5.1246637908346475,5.815482491043395,5.25,6.135964912280702,0.31786572163571647,0.2776010560954216,0.2940395744853597,0.2908900947129156,0.5824391026407603,0.6412609509912817,0.41756089735923974,0.35873904900871834,0.6082621082621081,0.6082621082621081,-175.0,AGREE,0.5714285714285714
823763,2026-07-18,MIA,MIL,xw+plat_consol_v12,f06107626bc8bd0e,2026-07-17,historical_lineup,,-0.004644111191418165,-0.01683573888488532,0.012191627693467155,MIL,0.012191627693467155,6-8,3-2,W,L,xw+plat_consol_v3,MIL,0.025,W,L,False,,,Max Meyer,Shane Drohan,3.0,6.0,0.326282977124851,0.32789266868456324,0.30482489850132305,0.2940163127084754,-0.0016096915597122452,0.010808585792847658,5.51966161199361,5.1679824552041715,5.756578947368421,5.305555555555555,0.30482489850132305,0.2940163127084754,0.303123545544479,0.2896470509569784,0.6045448896726041,0.5806983688654499,0.3954551103273959,0.4193016311345501,0.551057677674631,0.551057677674631,-136.0,AGREE,0.7352941176470589
824008,2026-07-18,DET,LAA,xw+plat_consol_v12,f06107626bc8bd0e,2026-07-17,historical_lineup,,-0.012340807889808791,0.025634638646741925,-0.03797544653655072,DET,0.03797544653655072,7-0,7-0,W,W,xw+plat_consol_v3,DET,-0.13,W,W,False,,,Tarik Skubal,Grayson Rodriguez,7.0,4.0,0.333978536696745,0.3254540410465969,0.2879304649413662,0.3628715226899284,0.008524495650148067,-0.07494105774856219,5.429560543897075,4.437753541546457,5.6410256410256405,4.3690476190476195,0.2879304649413662,0.3628715226899284,0.30050010049321185,0.30436501767008783,0.5840626359721947,0.5180156272375328,0.41593736402780535,0.4819843727624672,0.345282052957771,0.6547179470422291,-217.0,AGREE,0.4608294930875576
824088,2026-07-18,SD,KC,xw+plat_consol_v12,f06107626bc8bd0e,2026-07-17,historical_lineup,,-0.006017332366949013,-0.0009657256850959528,-0.00505160668185306,SD,0.00505160668185306,1-6,1-4,L,L,xw+plat_consol_v3,KC,0.003,W,W,True,,,Griffin Canning,Randy Dobnak,3.6666666666666665,4.333333333333333,0.32113587791197,0.31217521754051875,0.3285112235784507,0.32398861405476864,0.008960660371451268,0.004522609523682053,4.734795811508918,5.085676992902075,4.75,5.2,0.3285112235784507,0.32398861405476864,0.28281090510155615,0.31665460854796695,0.5435276478232931,0.557788610296234,0.4564723521767069,0.44221138970376594,0.4989102005231036,0.5010897994768964,-110.0,AGREE,-1.0
824169,2026-07-18,BAL,HOU,xw+plat_consol_v12,f06107626bc8bd0e,2026-07-17,historical_lineup,,0.007250235287901974,0.014385418146805218,-0.007135182858903244,BAL,0.007135182858903244,4-2,1-0,W,W,xw+plat_consol_v3,BAL,-0.026,W,W,False,,,Trevor Rogers,Spencer Arrighetti,6.333333333333333,5.0,0.3327393656493949,0.3245928798039241,0.3194655489247352,0.3420754267143034,0.008146485845470786,-0.02260987778956819,5.541287415800377,5.066183593935787,5.784313725490196,5.175,0.3194655489247352,0.3420754267143034,0.3011125270176097,0.3005059790493681,0.6211569784108588,0.5728792083660471,0.3788430215891412,0.4271207916339529,0.5,0.5,-110.0,DIVERGE,0.9090909090909091
824331,2026-07-18,CIN,COL,xw+plat_consol_v12,f06107626bc8bd0e,2026-07-17,historical_lineup,,0.008897798795384493,0.03805536566919371,-0.029157566873809215,CIN,0.029157566873809215,3-10,2-8,L,L,xw+plat_consol_v3,CIN,-0.06,L,L,False,,,Rhett Lowder,Tomoyuki Sugano,2.333333333333333,6.333333333333333,0.31323125616822733,0.3201051169153446,0.34750933952451407,0.3796253156806166,-0.006873860747117266,-0.03211597615610251,4.812269576631339,5.106388729303752,4.8493589743589745,5.2265625,0.34750933952451407,0.3796253156806166,0.312702013165435,0.31495546826766907,0.5505723201206082,0.5578230193709672,0.4494276798793918,0.44217698062903277,0.4848162769511084,0.5151837230488916,-117.0,AGREE,-1.0
824414,2026-07-18,PIT,CLE,xw+plat_consol_v12,f06107626bc8bd0e,2026-07-17,historical_lineup,,-0.02018489273036722,-0.0010802036301085782,-0.019104689100258643,PIT,0.019104689100258643,7-1,2-1,W,W,xw+plat_consol_v3,PIT,-0.049,W,W,False,,,Jared Jones,Gavin Williams,5.0,6.0,0.30766196278375973,0.32030567888927514,0.3041901417283704,0.32200427603879,-0.012643716105515401,-0.017814134310419616,4.4220892030914065,5.374316093385333,4.348958333333334,5.5701754385964914,0.3041901417283704,0.32200427603879,0.31046921580381176,0.3017154454736086,0.4787366011562317,0.5840120192090067,0.5212633988437683,0.4159879807909933,0.5423839616474178,0.45761603835258224,109.0,DIVERGE,1.09
824657,2026-07-18,MIN,CHC,xw+plat_consol_v12,f06107626bc8bd0e,2026-07-17,historical_lineup,,-0.007746125404634208,0.015317922714098264,-0.023064048118732472,MIN,0.023064048118732472,2-6,1-5,L,L,xw+plat_consol_v3,MIN,-0.024,L,L,False,,,Taj Bradley,Matthew Boyd,5.0,6.0,0.31966912805941194,0.32318708419498243,0.3057163739768783,0.33237295466798095,-0.003517956135570488,-0.02665658069110266,5.720295425915622,5.254619783943223,6.013888888888889,5.416666666666666,0.3057163739768783,0.33237295466798095,0.30850508491337203,0.3220456634946306,0.6268983275655644,0.5829453362803961,0.3731016724344356,0.41705466371960387,0.592910765420633,0.40708923457936697,135.0,DIVERGE,-1.0
824738,2026-07-18,TB,BOS,xw+plat_consol_v12,f06107626bc8bd0e,2026-07-17,historical_lineup,,-0.012083659939774838,-0.010814544730338826,-0.0012691152094360114,TB,0.0012691152094360114,6-7,5-3,L,W,xw+plat_consol_v3,TB,-0.003,L,W,False,,,Ian Seymour,Patrick Sandoval,3.0,5.0,0.3235383353176432,0.3184295592836663,0.29814160697762804,0.3135243242161544,0.005108776033976914,-0.015382717238526356,4.588595319261769,4.409905828737476,4.5625,4.333333333333333,0.29814160697762804,0.3135243242161544,0.30723348056303196,0.29913215350934597,0.5181839636871347,0.5031934500497671,0.4818160363128653,0.4968065499502329,0.5173641257162701,0.4826358742837299,-102.0,DIVERGE,-1.0
824899,2026-07-18,TEX,ATL,xw+plat_consol_v12,f06107626bc8bd0e,2026-07-17,historical_lineup,,-0.007316212269237454,-0.018261620094189746,0.010945407824952291,ATL,0.010945407824952291,7-6,3-5,L,W,xw+plat_consol_v3,ATL,0.046,L,W,False,,,MacKenzie Gore,Owen Murphy,5.666666666666667,2.6666666666666665,0.3225865640679461,0.3222033529854262,0.30808466164547876,0.3102490752782664,0.00038321108251992975,-0.0021644136327876318,5.19776403695822,5.085676992902075,5.34375,5.2,0.30808466164547876,0.3102490752782664,0.3002673055972202,0.27567665657502666,0.5826189841575987,0.5371857254597187,0.4173810158424013,0.46281427454028135,0.5151837230488916,0.5151837230488916,-117.0,AGREE,-1.0
824979,2026-07-18,WSH,ATH,xw+plat_consol_v12,f06107626bc8bd0e,2026-07-17,historical_lineup,,0.02414575015041237,0.007649915893800763,0.016495834256611608,ATH,0.016495834256611608,1-15,0-6,W,W,xw+plat_consol_v3,ATH,0.053,W,W,False,,,Zack Littell,J.T. Ginn,6.0,6.333333333333333,0.3193012535429802,0.333053457031545,0.36707106318537686,0.31382845427288836,-0.013752203488564763,0.0532426089124885,4.612962067969627,5.092174792557502,4.59375,5.208333333333334,0.36707106318537686,0.31382845427288836,0.31229720638617847,0.30742772747383024,0.5032777275328437,0.5531578881968331,0.4967222724671563,0.4468421118031669,0.4978354041300489,0.4978354041300489,-109.0,DIVERGE,0.9174311926605505
825059,2026-07-18,STL,ARI,xw+plat_consol_v12,f06107626bc8bd0e,2026-07-17,historical_lineup,,-0.0008148859911990547,0.0015833741737661389,-0.0023982601649651936,STL,0.0023982601649651936,3-5,0-5,L,L,xw+plat_consol_v3,STL,-0.037,L,L,False,,,Dustin May,Brandon Pfaadt,5.0,5.333333333333333,0.3199896494028028,0.3259578646511089,0.30435868012622164,0.32271116187831533,-0.005968215248306097,-0.018352481752093697,4.52361732270748,5.173397288250363,4.479166666666666,5.3125,0.30435868012622164,0.32271116187831533,0.3221391886109733,0.2922687964301068,0.4946444612817502,0.5920931152651492,0.5053555387182498,0.4079068847348508,0.5205006473888649,0.4794993526111351,-101.0,DIVERGE,-1.0
823113,2026-07-19,SF,SEA,xw+plat_consol_v12,f06107626bc8bd0e,2026-07-18,historical_lineup,,0.007877732693651995,-0.0033454470887083754,0.01122317978236037,SEA,0.01122317978236037,3-6,3-3,W,T,xw+plat_consol_v3,SEA,0.026,W,T,False,,,Robbie Ray,Logan Gilbert,4.0,6.0,0.32213125993730285,0.3266060347109778,0.32847129271204323,0.3055991110066293,-0.004474774773674972,0.02287218170541394,5.84332199254532,6.128893096472128,6.173611111111111,6.541666666666667,0.32847129271204323,0.3055991110066293,0.3047729822790983,0.30492886456073026,0.6451066857096738,0.6611794590202049,0.3548933142903262,0.3388205409797951,0.6364166980799397,0.6364166980799397,-199.0,AGREE,0.5025125628140703
823439,2026-07-19,NYM,PHI,xw+plat_consol_v12,f06107626bc8bd0e,2026-07-18,historical_lineup,,-0.0169012465302818,-0.008056475956331466,-0.008844770573950334,NYM,0.008844770573950334,6-1,5-0,W,W,xw+plat_consol_v3,NYM,-0.014,W,W,False,,,Nolan McLean,Alan Rangel,6.0,4.0,0.3229998091113955,0.33143225709179913,0.29579363493182387,0.3051995240142674,-0.008432447980403657,-0.009405889082443553,5.703514093602006,3.8982056054212153,5.993421052631579,3.6666666666666665,0.29579363493182387,0.3051995240142674,0.29388502181485,0.28950605691427916,0.6346752593349602,0.44043172039505574,0.36532474066503984,0.5595682796049443,0.466652901094363,0.533347098905637,-126.0,AGREE,0.7936507936507936
823764,2026-07-19,MIA,MIL,xw+plat_consol_v12,f06107626bc8bd0e,2026-07-18,historical_lineup,,0.010960865773170236,-0.01901540605256058,0.029976271825730816,MIL,0.029976271825730816,1-3,1-0,W,L,xw+plat_consol_v3,MIL,0.031,W,L,False,,,Eury Pérez,Robert Gasser,6.0,5.0,0.3342240564410106,0.3129725162724449,0.316282654660667,0.30840834532438366,0.02125154016856573,0.007874309336283358,5.22974822915541,5.26679165065535,5.3828125,5.430555555555555,0.316282654660667,0.30840834532438366,0.30450949917483594,0.28994879069232177,0.5673616924356334,0.6009136575143876,0.4326383075643666,0.39908634248561237,0.5423839616474178,0.5423839616474178,-131.0,AGREE,0.7633587786259542
824007,2026-07-19,DET,LAA,xw+plat_consol_v12,f06107626bc8bd0e,2026-07-18,historical_lineup,,-0.023277905458180037,0.007036107369899736,-0.030314012828079773,DET,0.030314012828079773,2-3,1-2,L,L,xw+plat_consol_v3,DET,-0.082,L,L,False,,,Casey Mize,Ryan Johnson,3.333333333333333,5.0,0.31860436425102745,0.3217186103255202,0.2847101780758403,0.3320679194483513,-0.0031142460744927325,-0.047357741372510975,5.537737819340624,4.851905329856026,5.779761904761905,4.895833333333334,0.2847101780758403,0.3320679194483513,0.30128376952010744,0.30486110269871575,0.5962952162533042,0.5515254198604665,0.40370478374669583,0.44847458013953345,0.4283723570801864,0.5716276429198136,-149.0,AGREE,-1.0
824086,2026-07-19,SD,KC,xw+plat_consol_v12,f06107626bc8bd0e,2026-07-18,historical_lineup,,-0.006694183751849492,0.01268634867145002,-0.019380532423299512,SD,0.019380532423299512,19-2,7-2,W,W,xw+plat_consol_v3,KC,0.013,L,L,True,,,Germán Márquez,Noah Cameron,3.0,5.0,0.3111730514325862,0.32141352172821824,0.346081537162418,0.3364625467354484,-0.01024047029563202,0.00961899042696962,4.948891742510414,5.088983227455639,5.020833333333334,5.201388888888889,0.346081537162418,0.3364625467354484,0.2782896877779297,0.31630105971896855,0.5642430761692308,0.5697624599986437,0.43575692383076925,0.4302375400013563,0.5108342361863488,0.4891657638136512,-105.0,DIVERGE,0.9523809523809523
824168,2026-07-19,BAL,HOU,xw+plat_consol_v12,f06107626bc8bd0e,2026-07-18,historical_lineup,,0.0012618618668278625,-0.014309590479455347,0.01557145234628321,HOU,0.01557145234628321,5-2,4-1,L,L,xw+plat_consol_v3,HOU,0.032,L,L,False,,,Brandon Young,Hunter Brown,7.0,4.666666666666667,0.3238749077701347,0.31645591211196156,0.318626159703325,0.3074304819867173,0.007418995658173166,0.011195677716607677,5.404727881986035,4.914253737990989,5.608333333333333,4.976190476190476,0.318626159703325,0.3074304819867173,0.300677024515485,0.2987474744150047,0.6103901510266119,0.5561281728389705,0.38960984897338813,0.44387182716102946,0.5354263026482748,0.5354263026482748,-127.0,AGREE,-1.0
824330,2026-07-19,CIN,COL,xw+plat_consol_v12,f06107626bc8bd0e,2026-07-18,historical_lineup,,0.005486409041280671,0.022262035422770554,-0.016775626381489883,CIN,0.016775626381489883,9-6,9-1,W,W,xw+plat_consol_v3,CIN,-0.024,W,W,False,,,Hunter Greene,Ryan Feltner,6.0,2.333333333333333,0.32154712180577893,0.32808058299183673,0.3233924961561343,0.3381714221870285,-0.0065334611860577985,-0.014778926030894202,5.062042557273865,5.089397699304589,5.166666666666667,5.201923076923077,0.3233924961561343,0.3381714221870285,0.3127985443630405,0.31409619813510914,0.5678569934226945,0.5541418471740928,0.43214300657730553,0.44585815282590724,0.3967150239346518,0.6032849760653483,-171.0,AGREE,0.5847953216374269
824411,2026-07-19,PIT,CLE,xw+plat_consol_v12,f06107626bc8bd0e,2026-07-18,historical_lineup,,-0.03950667640766209,-0.01292923841182464,-0.02657743799583745,PIT,0.02657743799583745,7-1,2-1,W,W,xw+plat_consol_v3,PIT,-0.058,W,W,False,,,Paul Skenes,Joey Cantillo,7.0,5.0,0.3077575656999845,0.3188722282370951,0.2689757628567398,0.3081262489483763,-0.011114662537110576,-0.039150486091636516,5.183275573091849,5.335220952917057,5.322916666666666,5.51875,0.2689757628567398,0.3081262489483763,0.31113715726961233,0.2994375014246124,0.558823005536075,0.5943496043076911,0.441176994463925,0.4056503956923089,0.5064960374171755,0.4935039625828245,-107.0,DIVERGE,0.9345794392523364
824653,2026-07-19,MIN,CHC,xw+plat_consol_v12,f06107626bc8bd0e,2026-07-18,historical_lineup,,0.009816055869571239,-0.004399308169610094,0.014215364039181333,CHC,0.014215364039181333,1-10,0-10,W,W,xw+plat_consol_v3,CHC,0.038,W,W,False,,,Zebby Matthews,Shota Imanaga,3.0,7.0,0.3238749653248777,0.3196795040921417,0.3266050985137053,0.3040239998933819,0.004195461232736009,0.02258109862032337,5.79972708988754,5.325777539053341,6.117424242424242,5.506578947368421,0.3266050985137053,0.3040239998933819,0.30837110641900006,0.3215631188674169,0.6306418440000788,0.5791213565855968,0.36935815599992117,0.4208786434144032,0.6159575776626715,0.6159575776626715,-181.0,AGREE,0.5524861878453039
824739,2026-07-19,TB,BOS,xw+plat_consol_v12,f06107626bc8bd0e,2026-07-18,historical_lineup,,-0.00493340815888349,-0.01714344123265127,0.012210033073767779,BOS,0.012210033073767779,1-6,1-6,W,W,xw+plat_consol_v3,BOS,0.012,W,W,False,,,Shane McClanahan,Sonny Gray,5.0,6.0,0.3243983796508461,0.31832068575252276,0.31160112762695913,0.30041268037892,0.006077693898323355,0.011188447248039135,5.046829002347686,5.92351010496872,5.147058823529411,6.276960784313726,0.31160112762695913,0.30041268037892,0.30528490599618197,0.29850809100002507,0.5631740266789461,0.6493145681450956,0.4368259733210539,0.3506854318549044,0.5270012302210156,0.5270012302210156,-123.0,AGREE,0.8130081300813008
824897,2026-07-19,TEX,ATL,xw+plat_consol_v12,f06107626bc8bd0e,2026-07-18,historical_lineup,,-0.004850017707270782,-0.008953048914197181,0.0041030312069264,ATL,0.0041030312069264,5-8,3-4,W,W,xw+plat_consol_v3,TEX,-0.016,L,L,True,,,Nathan Eovaldi,Grant Holmes,4.0,5.0,0.3241436313189333,0.3233473768487687,0.3096463800046882,0.32574561332487284,0.0007962544701646257,-0.016099233320184647,5.859486394654385,4.4515986658609545,6.194444444444445,4.379901960784313,0.3096463800046882,0.32574561332487284,0.29945545142962454,0.2757187501249735,0.6501498840118466,0.516791400606347,0.3498501159881534,0.483208599393653,0.4848162769511084,0.4848162769511084,-103.0,DIVERGE,0.970873786407767
824978,2026-07-19,WSH,ATH,xw+plat_consol_v12,f06107626bc8bd0e,2026-07-18,historical_lineup,,-0.004902759265938528,0.01285116240836931,-0.017753921674307838,WSH,0.017753921674307838,5-2,5-1,W,W,xw+plat_consol_v3,WSH,-0.017,W,W,False,,,Foster Griffin,Jacob Lopez,7.0,4.333333333333333,0.3224095837396499,0.34068299261247303,0.30561818705071464,0.30911301641613115,-0.018273408872823138,-0.0034948293654165075,5.878770242784497,4.001069982478899,6.219298245614035,3.7992424242424243,0.30561818705071464,0.30911301641613115,0.3134520425386607,0.30694636844431583,0.624053398184415,0.4590877280583363,0.37594660181558504,0.5409122719416637,0.4290360528683136,0.5709639471316864,-148.0,AGREE,0.6756756756756757
825057,2026-07-19,STL,ARI,xw+plat_consol_v12,f06107626bc8bd0e,2026-07-18,historical_lineup,,-0.006533730781399794,0.018982816965537996,-0.02551654774693779,STL,0.02551654774693779,7-8,7-0,L,W,xw+plat_consol_v3,STL,-0.057,L,W,False,,,Andre Pallante,Eduardo Rodriguez,5.333333333333333,2.6666666666666665,0.3172491426356168,0.3294255471285349,0.3041107302918537,0.34006567961323747,-0.01217640449291807,-0.03595494932138377,5.611632228982061,5.967249075381482,5.875,6.333333333333333,0.3041107302918537,0.34006567961323747,0.32126726574442743,0.2925905690021265,0.6192768913452079,0.6654045666233622,0.3807231086547921,0.3345954333766378,0.532129844319311,0.467870155680689,104.0,DIVERGE,-1.0
822788,2026-07-20,TB,TOR,xw+plat_consol_v12,f06107626bc8bd0e,2026-07-19,historical_lineup,,-0.012258068059398719,-0.042539274436711294,0.030281206377312575,TOR,0.030281206377312575,7-1,4-1,L,L,xw+plat_consol_v4,TOR,0.053,L,L,False,,,Nick Martinez,Dylan Cease,6.0,6.0,0.3016879859297197,0.31458634540174185,0.3292072654738878,0.27462961311419715,-0.01289835947202217,0.05457765235969064,5.406965221988139,5.63838567967654,5.652777777777777,5.96078431372549,0.3292072654738878,0.27462961311419715,0.305613975799699,0.28163870681031855,0.6002878629411712,0.6194002335210049,0.3997121370588288,0.38059976647899507,0.6145374449339207,0.6145374449339207,-180.0,AGREE,-1.0
822874,2026-07-20,CWS,TEX,xw+plat_consol_v12,f06107626bc8bd0e,2026-07-19,historical_lineup,,-0.0001066172343763272,-0.007525459927292422,0.0074188426929160944,TEX,0.0074188426929160944,10-3,5-2,L,L,xw+plat_consol_v4,TEX,0.029,L,L,False,,,Erick Fedde,Jacob deGrom,4.0,4.666666666666667,0.32031213393475244,0.33151201785495404,0.32739884932696484,0.2946395931541173,-0.011199883920201603,0.03275925617284753,4.676486854218383,5.55306089554209,4.680555555555555,5.847222222222222,0.32739884932696484,0.2946395931541173,0.29700569826064166,0.29987227956140644,0.5305648964994791,0.6048613188974988,0.46943510350052087,0.39513868110250117,0.6032849760653483,0.6032849760653483,-171.0,AGREE,-1.0
823112,2026-07-20,CIN,SEA,xw+plat_consol_v12,f06107626bc8bd0e,2026-07-19,historical_lineup,,0.010749379293496064,-0.0024034357547483287,0.013152815048244393,SEA,0.013152815048244393,0-8,0-1,W,W,xw+plat_consol_v4,SEA,0.0,W,W,False,,,Andrew Abbott,George Kirby,6.0,6.0,0.32238477442413416,0.32537640421502656,0.3318140685282096,0.30720402188887186,-0.0029916297908924028,0.024610046639337746,5.0182463762820895,5.886993863665406,5.135416666666666,6.291666666666666,0.3318140685282096,0.30720402188887186,0.31425468279273566,0.3034487926647642,0.5627797449267207,0.6458309789042218,0.43722025507327933,0.3541690210957782,0.5825451699171612,0.5825451699171612,-156.0,AGREE,0.6410256410256411
823436,2026-07-20,LAD,PHI,xw+plat_consol_v12,f06107626bc8bd0e,2026-07-19,historical_lineup,,-0.019001390704307897,-0.01223055561548575,-0.006770835088822147,LAD,0.006770835088822147,7-10,1-4,L,L,xw+plat_consol_v4,LAD,-0.004,L,L,False,,,Emmet Sheehan,Cristopher Sánchez,5.333333333333333,5.333333333333333,0.31939911240241237,0.3381043802735423,0.30850096926713944,0.28512069787234046,-0.018705267871129916,0.02338027139479898,4.684466870000742,5.614629786539826,4.6911764705882355,5.929166666666665,0.30850096926713944,0.28512069787234046,0.28245010459956266,0.2902904087678936,0.5319820508429052,0.614836463599265,0.4680179491570948,0.385163536400735,0.5825451699171612,0.4174548300828388,129.0,DIVERGE,-1.0
823522,2026-07-20,PIT,NYY,xw+plat_consol_v12,f06107626bc8bd0e,2026-07-19,historical_lineup,,-0.01601255244776295,-0.001794788006281356,-0.014217764441481595,PIT,0.014217764441481595,5-8,5-8,L,L,xw+plat_consol_v4,PIT,-0.029,L,L,False,,,Braxton Ashcraft,Ryan Weathers,3.0,4.666666666666667,0.32202974771382603,0.3266509017149347,0.2891059468274737,0.3218711909041508,-0.004621154001108685,-0.03276524407667708,5.532739316889849,4.879977256668528,5.8201754385964914,4.951388888888888,0.2891059468274737,0.3218711909041508,0.31023622406170687,0.2904811220541537,0.5991105755279524,0.5443172448482656,0.40088942447204756,0.4556827551517344,0.5226781857451405,0.47732181425485953,100.0,DIVERGE,-1.0
823762,2026-07-20,NYM,MIL,xw+plat_consol_v12,f06107626bc8bd0e,2026-07-19,historical_lineup,,-0.006633002483959927,-0.04825590171884825,0.04162289923488832,MIL,0.04162289923488832,3-8,1-5,W,W,xw+plat_consol_v4,MIL,0.085,W,W,False,,,Freddy Peralta,Jacob Misiorowski,5.333333333333333,4.0,0.32799733337187503,0.3302614999043054,0.3055184384632734,0.24186482024944977,-0.0022641665324303895,0.06365361821382365,4.6331799224148895,5.9965656188308705,4.622916666666667,6.4375,0.3055184384632734,0.24186482024944977,0.29433525534308114,0.2895852283818837,0.5325806567095104,0.6512712797710749,0.4674193432904896,0.3487287202289251,0.6617671621847335,0.6617671621847335,-224.0,AGREE,0.44642857142857145
824006,2026-07-20,STL,LAA,xw+plat_consol_v12,f06107626bc8bd0e,2026-07-19,historical_lineup,,0.01939600511130951,0.010792956791008779,0.008603048320300732,LAA,0.008603048320300732,2-3,2-1,W,L,xw+plat_consol_v4,LAA,0.011,W,L,False,,,Kyle Leahy,José Soriano,6.0,7.0,0.3176332014732479,0.33252324784749665,0.34567507411928844,0.3203382264491392,-0.014890046374248733,0.025336847670149265,4.937371985564724,4.977548295792061,5.027777777777778,5.08125,0.34567507411928844,0.3203382264491392,0.3210842194419541,0.3040758190631786,0.5503861596247301,0.550533976840438,0.44961384037526986,0.44946602315956197,0.4879965080750763,0.4879965080750763,-104.0,DIVERGE,0.9615384615384616
824087,2026-07-20,SF,KC,xw+plat_consol_v12,f06107626bc8bd0e,2026-07-19,historical_lineup,,-0.008340295394930586,0.00119241551573529,-0.009532710910665876,SF,0.009532710910665876,3-4,1-3,L,L,xw+plat_consol_v4,SF,-0.017,L,L,False,,,Trevor McDonald,Michael Wacha,4.0,6.0,0.31927943951242105,0.32070007937367595,0.3088783533765032,0.3145544057414187,-0.001420639861254902,-0.005676052364915474,4.820174357329138,5.872164603567825,4.871794871794872,6.271929824561403,0.3088783533765032,0.3145544057414187,0.30466642610001327,0.31608611076295895,0.5455072207077899,0.637073584509116,0.4544927792922101,0.362926415490884,0.532129844319311,0.467870155680689,104.0,DIVERGE,-1.0
824328,2026-07-20,WSH,COL,xw+plat_consol_v12,f06107626bc8bd0e,2026-07-19,historical_lineup,,-0.0010553470237494866,0.039996570504764295,-0.04105191752851378,WSH,0.04105191752851378,7-3,3-3,W,T,xw+plat_consol_v4,WSH,-0.082,W,T,False,,,Andrew Alvarez,Kyle Freeland,4.333333333333333,6.0,0.3178746698281692,0.3380041692120558,0.31979947490452815,0.34988333898448754,-0.020129499383886584,-0.030083864079959388,4.478214154395164,5.373203616755083,4.416666666666667,5.607843137254902,0.31979947490452815,0.34988333898448754,0.31282037767149995,0.31400730235102947,0.48325008727773366,0.6056377157328281,0.5167499127222663,0.3943622842671719,0.4576160383525822,0.5423839616474178,-131.0,AGREE,0.7633587786259542
824410,2026-07-20,MIN,CLE,xw+plat_consol_v12,f06107626bc8bd0e,2026-07-19,historical_lineup,,-0.032563016817086066,-0.0001128791081149716,-0.032450137708971094,MIN,0.032450137708971094,4-13,2-9,L,L,xw+plat_consol_v4,MIN,-0.084,L,L,False,,,Joe Ryan,Tanner Bibee,4.0,6.0,0.3064222437668188,0.3167869899050778,0.28595533849129595,0.3293526681691432,-0.010364746138258996,-0.04339732967784726,5.343831020202324,5.47531712640088,5.56875,5.74375,0.28595533849129595,0.3293526681691432,0.308455505123215,0.29872526894568646,0.5782758581442469,0.5977810815896591,0.42172414185575313,0.40221891841034085,0.4576160383525822,0.5423839616474178,-131.0,AGREE,-1.0
824654,2026-07-20,DET,CHC,xw+plat_consol_v12,f06107626bc8bd0e,2026-07-19,historical_lineup,,-0.0023954052748751398,0.022900172582188294,-0.025295577857063434,DET,0.025295577857063434,8-6,4-3,W,W,xw+plat_consol_v4,DET,-0.037,W,W,False,,,Jack Flaherty,Jameson Taillon,4.0,4.333333333333333,0.31963947080655036,0.32480377717504816,0.3202047477074581,0.34672980922535596,-0.005164306368497795,-0.026525061517897852,4.7651877988761395,4.692541323839696,4.798611111111111,4.701923076923077,0.3202047477074581,0.34672980922535596,0.30142209810782034,0.3149848419875639,0.5427402739782915,0.5282979849387278,0.4572597260217085,0.4717020150612722,0.5043297540699688,0.4956702459300312,-108.0,DIVERGE,0.9259259259259259
824736,2026-07-20,BAL,BOS,xw+plat_consol_v12,f06107626bc8bd0e,2026-07-19,historical_lineup,,-0.0005941867435933501,-0.02583578834682787,0.02524160160323452,BOS,0.02524160160323452,5-6,2-3,W,W,xw+plat_consol_v4,BOS,0.085,W,W,False,,,Shane Baz,Payton Tolle,6.0,5.666666666666667,0.3204006352928936,0.3231820716298831,0.32118459823060613,0.2814885173927727,-0.002781436336989518,0.039696080837833436,5.601942530678562,5.1481671716925685,5.912280701754386,5.308333333333334,0.32118459823060613,0.2814885173927727,0.2999197015983837,0.2980033061863702,0.6328764709552641,0.5663333876892379,0.3671235290447359,0.4336666123107621,0.5997132273867846,0.5997132273867846,-168.0,AGREE,0.5952380952380952
824898,2026-07-20,SD,ATL,xw+plat_consol_v12,f06107626bc8bd0e,2026-07-19,historical_lineup,,-0.004015335304765555,-0.02627633573405136,0.022261000429285804,ATL,0.022261000429285804,2-3,1-2,W,W,xw+plat_consol_v4,ATL,0.057,W,W,False,,,JP Sears,Bryce Elder,5.0,6.0,0.32119324610186006,0.31422566022570747,0.33424428048501487,0.3056643666732949,0.006967585876152593,0.02857991381171998,4.853888743533895,5.020855227595554,4.916666666666667,5.138888888888889,0.33424428048501487,0.3056643666732949,0.27750431540332515,0.2761992900897419,0.5564827181087904,0.5754351492011992,0.44351728189120965,0.4245648507988008,0.5537388434710868,0.5537388434710868,-138.0,AGREE,0.7246376811594203
825058,2026-07-20,ATH,ARI,xw+plat_consol_v12,f06107626bc8bd0e,2026-07-19,historical_lineup,,0.0032428999658571933,-0.010190589487584778,0.013433489453441971,ARI,0.013433489453441971,5-2,2-0,L,L,xw+plat_consol_v4,ATH,-0.043,W,W,True,,,Jeffrey Springs,Mitch Bratt,5.0,4.666666666666667,0.32284290607608246,0.31860563087093996,0.32759516258530713,0.3314174700797872,0.004237275205142499,-0.0038223074944800928,4.736902358319641,3.4138028185020914,4.760964912280702,3.0,0.32759516258530713,0.3314174700797872,0.30895547027170006,0.2901586019581783,0.5226871912365795,0.4173022181275386,0.4773128087634205,0.5826977818724615,0.5733788395904437,0.5733788395904437,-150.0,AGREE,-1.0
822787,2026-07-21,TB,TOR,xw+plat_consol_v12,f06107626bc8bd0e,2026-07-20,historical_lineup,,-0.030653919921725725,-0.028936629878778597,-0.0017172900429471283,TB,0.0017172900429471283,12-2,8-0,W,W,xw+plat_consol_v5,TB,-0.013,W,W,False,,,Drew Rasmussen,Kevin Gausman,5.0,3.333333333333333,0.30612125887525,0.30815859113751104,0.2891457514159996,0.3071328240292488,-0.002037332262261049,-0.017987072613249222,5.187567942050084,5.1227124854227934,5.361111111111111,5.272916666666666,0.2891457514159996,0.3071328240292488,0.3052368848232382,0.28134282992868026,0.5689736724459242,0.5682077206893249,0.43102632755407577,0.4317922793106751,0.4967303165053623,0.5032696834946377,-111.0,AGREE,0.9009009009009009
822871,2026-07-21,CWS,TEX,xw+plat_consol_v12,f06107626bc8bd0e,2026-07-20,historical_lineup,,0.013369498038300176,0.007839571237440501,0.005529926800859675,TEX,0.005529926800859675,0-10,0-9,W,W,xw+plat_consol_v5,TEX,0.01,W,W,False,,,Noah Schultz,Kumar Rocker,3.6666666666666665,6.0,0.3220634782599754,0.32601364889933626,0.3547332619234798,0.3305626728503507,-0.003950170639360873,0.024170589073129134,4.749317755534963,4.7841363614551256,4.765151515151516,4.8125,0.3547332619234798,0.3305626728503507,0.2960329608992776,0.29900034017337734,0.5375444397538829,0.5402659720520285,0.4624555602461171,0.45973402794797147,0.5098167539267016,0.5098167539267016,-114.0,AGREE,0.8771929824561403
823114,2026-07-21,CIN,SEA,xw+plat_consol_v12,f06107626bc8bd0e,2026-07-20,historical_lineup,,-0.016284821446263142,0.003403000056404315,-0.019687821502667457,CIN,0.019687821502667457,4-2,3-0,W,W,xw+plat_consol_v5,CIN,-0.026,W,W,False,,,Chase Burns,Luis Castillo,5.0,7.0,0.32161381603449196,0.3201120020248033,0.2848278941455591,0.32578716264626906,0.0015018140096886845,-0.04095926850070997,5.299915977152477,5.2529340715642014,5.513888888888889,5.449999999999999,0.2848278941455591,0.32578716264626906,0.31342074175665896,0.3030127157109607,0.5726679813363559,0.5927794475834436,0.4273320186636441,0.4072205524165564,0.5183284457478006,0.48167155425219943,-102.0,DIVERGE,0.9803921568627451
823437,2026-07-21,LAD,PHI,xw+plat_consol_v12,f06107626bc8bd0e,2026-07-20,historical_lineup,,-0.007624497041601397,-0.019728966369693957,0.01210446932809256,PHI,0.01210446932809256,2-1,2-1,L,L,xw+plat_consol_v5,PHI,0.019,L,L,False,,,Justin Wrobleski,Zack Wheeler,6.333333333333333,7.0,0.32324604086073355,0.34135116668238363,0.3146326847628694,0.26788068065202597,-0.01810512582165008,0.046752004110843404,5.927022282178562,5.743180042920102,6.366666666666667,6.116666666666667,0.3146326847628694,0.26788068065202597,0.2840371516191202,0.28988624884531106,0.6532132783529205,0.6106456273149445,0.34678672164707947,0.38935437268505546,0.5086640097036909,0.5086640097036909,-114.0,AGREE,-1.0
823760,2026-07-21,NYM,MIL,xw+plat_consol_v12,f06107626bc8bd0e,2026-07-20,historical_lineup,,0.008056135232221207,0.007037059730848838,0.0010190755013723685,MIL,0.0010190755013723685,4-0,3-0,L,L,xw+plat_consol_v5,NYM,-0.009,W,W,True,,,Zac Thornton,Brandon Sproat,6.0,4.666666666666667,0.34001472528860094,0.33019739614525995,0.31348329159683724,0.33183121614307926,0.009817329143340991,-0.01834792454624201,5.49397167414752,4.55433356238205,5.777777777777778,4.5,0.31348329159683724,0.33183121614307926,0.2939344496772309,0.28902898928514675,0.5942127742762069,0.519761532197415,0.4057872257237931,0.48023846780258495,0.5593908258222572,0.5593908258222572,-141.0,AGREE,-1.0
824005,2026-07-21,STL,LAA,xw+plat_consol_v12,f06107626bc8bd0e,2026-07-20,historical_lineup,,0.026296745797350918,-0.010496575668769104,0.03679332146612002,LAA,0.03679332146612002,1-5,1-5,W,W,xw+plat_consol_v5,LAA,0.027,W,W,False,,,Matthew Liberatore,Walbert Ureña,5.333333333333333,6.0,0.332154258885034,0.3280775984916241,0.3435853705013121,0.29052358964024627,0.0040766603934099255,0.05306178086106583,4.718823986981725,5.099732205515485,4.723684210526316,5.241666666666667,0.3435853705013121,0.29052358964024627,0.3214395739964117,0.3035024668174113,0.5284368967479117,0.5732499331699097,0.4715631032520883,0.4267500668300903,0.532129844319311,0.532129844319311,-126.0,AGREE,0.7936507936507936
824085,2026-07-21,SF,KC,xw+plat_consol_v12,f06107626bc8bd0e,2026-07-20,historical_lineup,,-0.009207248659927558,0.012512353752340222,-0.02171960241226778,SF,0.02171960241226778,2-3,2-1,L,W,xw+plat_consol_v5,SF,-0.014,L,W,False,,,Tyler Mahle,Luinder Avila,5.0,6.333333333333333,0.3138326814076177,0.3225873159403284,0.31703594896263576,0.3320106600479076,-0.008754634532710692,-0.014974711085271819,5.099732205515485,4.6871085129576056,5.241666666666667,4.680555555555555,0.31703594896263576,0.3320106600479076,0.3030859908223507,0.3155332282390028,0.5717105487065289,0.5216520874070796,0.42828945129347107,0.4783479125929204,0.4956702459300312,0.5043297540699688,-112.0,AGREE,-1.0
824165,2026-07-21,MIA,HOU,xw+plat_consol_v12,f06107626bc8bd0e,2026-07-20,historical_lineup,,0.007654111111742912,0.005704803189335805,0.0019493079224071064,HOU,0.0019493079224071064,3-5,1-5,W,W,xw+plat_consol_v5,HOU,0.002,W,W,False,,,Tyler Phillips,Tatsuya Imai,4.333333333333333,6.0,0.32175845237137635,0.3256199019973903,0.3330842209827165,0.33663876785787333,-0.0038614496260139797,-0.0035545468751568277,4.564547020118631,3.9721664713969207,4.513888888888889,3.7083333333333335,0.3330842209827165,0.33663876785787333,0.30457963607655497,0.2951836476981832,0.5076550190576756,0.4598476544763406,0.4923449809423244,0.5401523455236594,0.5270012302210156,0.5270012302210156,-123.0,AGREE,0.8130081300813008
824329,2026-07-21,WSH,COL,xw+plat_consol_v12,f06107626bc8bd0e,2026-07-20,historical_lineup,,-0.010131731237381814,0.039786394143750736,-0.04991812538113255,WSH,0.04991812538113255,7-8,6-6,L,T,xw+plat_consol_v5,WSH,-0.037,L,T,False,,,Carson Palmquist,Michael Lorenzen,1.6666666666666667,3.6666666666666665,0.31470531167203364,0.33884172611688657,0.30929167620050224,0.3507454879159357,-0.024136414444852927,-0.04145381171543344,3.0427418173680323,4.989426861960408,2.444444444444444,5.091666666666667,0.30929167620050224,0.3507454879159357,0.3073382529439697,0.3135974853603442,0.3383353725875475,0.5740755706082341,0.6616646274124525,0.4259244293917659,0.4848162769511084,0.5151837230488916,-117.0,AGREE,-1.0
824409,2026-07-21,MIN,CLE,xw+plat_consol_v12,f06107626bc8bd0e,2026-07-20,historical_lineup,,-0.021266761025052483,-0.013664461885327606,-0.007602299139724877,MIN,0.007602299139724877,2-5,2-2,L,T,xw+plat_consol_v5,CLE,0.006,W,T,True,,,Kendry Rojas,Parker Messick,2.333333333333333,5.666666666666667,0.3010446234159051,0.33224913126276934,0.310148976863827,0.2876343297186639,-0.031204507846864238,0.022514647145163103,3.4512801268312803,5.750920768783615,3.0,6.12719298245614,0.310148976863827,0.2876343297186639,0.308528643433954,0.2975029390598166,0.388795159449883,0.6242506035657378,0.6112048405501169,0.3757493964342622,0.5913146565171273,0.40868534348287266,134.0,DIVERGE,-1.0
824652,2026-07-21,DET,CHC,xw+plat_consol_v12,f06107626bc8bd0e,2026-07-20,historical_lineup,,0.005171220340289273,0.015578643767181766,-0.010407423426892493,DET,0.010407423426892493,2-11,0-9,L,L,xw+plat_consol_v5,DET,-0.02,L,L,False,,,Framber Valdez,David Peterson,0.6666666666666666,6.666666666666667,0.33174324943132555,0.31789719719498216,0.31620335623316664,0.34477118194330253,0.013846052236343387,-0.028567825710135886,5.565465878303589,4.685251520641863,5.875,4.678030303030303,0.31620335623316664,0.34477118194330253,0.3005450517535282,0.31487402150279276,0.623408459579409,0.5360647303106609,0.37659154042059095,0.46393526968933907,0.5270012302210156,0.47299876977898436,102.0,DIVERGE,-1.0
824895,2026-07-21,SD,ATL,xw+plat_consol_v12,f06107626bc8bd0e,2026-07-20,historical_lineup,,-0.007953525063335687,-0.016602901160806482,0.008649376097470796,ATL,0.008649376097470796,8-3,5-2,L,L,xw+plat_consol_v5,ATL,0.004,L,L,False,,,Walker Buehler,Reynaldo López,5.666666666666667,4.333333333333333,0.3246822222440037,0.3176740569490383,0.3249830116735078,0.32354363804631064,0.007008165294965452,0.0014393736271971491,4.528531142837003,4.207075999338289,4.464912280701755,4.027777777777778,0.3249830116735078,0.32354363804631064,0.2769436316474163,0.27604013986225245,0.5200339031438724,0.4840034488271868,0.47996609685612757,0.5159965511728132,0.5716276429198135,0.5716276429198135,-149.0,AGREE,-1.0
825056,2026-07-21,ATH,ARI,xw+plat_consol_v12,f06107626bc8bd0e,2026-07-20,historical_lineup,,-0.00301788294067612,,,,,5-6,1-3,,,xw+plat_consol_v5,ARI,0.006,W,W,,,,Jack Perkins,Kohl Drake,5.0,5.0,0.3182858338916209,0.32042389684041145,0.3177684332326149,0.3171570969667182,-0.0021380629487905423,0.0006113362658967114,4.55433356238205,5.069091832305741,4.5,5.2,0.3177684332326149,0.3171570969667182,0.307195712230324,0.2894051703105708,0.5146658844926827,0.563232425811749,0.4853341155073173,0.43676757418825096,0.552982006111132,,,,
822784,2026-07-22,TB,TOR,xw+plat_consol_v12,f06107626bc8bd0e,2026-07-21,historical_lineup,,-0.003972577083992734,-0.035447308550562606,0.03147473146656987,TOR,0.03147473146656987,4-2,1-1,L,T,xw+plat_consol_v5,TOR,0.025,L,T,False,posted,posted,Griffin Jax,Braydon Fisher,6.0,1.3333333333333333,0.304243552878326,0.3160503277808152,0.34279025800950386,0.30505862099971864,-0.011806774902489214,0.03773163700978521,4.852030516082479,2.093329604745545,4.9,1.1333333333333333,0.34279025800950386,0.30505862099971864,0.3045846997660401,0.2769118134891491,0.5458989769896879,0.22474735996935052,0.4541010230103121,0.7752526400306494,0.5021645958699511,0.5021645958699511,-111.0,AGREE,-1.0
822873,2026-07-22,CWS,TEX,xw+plat_consol_v12,f06107626bc8bd0e,2026-07-21,historical_lineup,,0.008376582294256252,-0.004882392542367664,0.013258974836623916,TEX,0.013258974836623916,4-2,3-2,L,L,xw+plat_consol_v5,TEX,0.02,L,L,False,posted,posted,Anthony Kay,Tyler Alexander,5.0,2.0,0.3220243314559233,0.3312215722305974,0.3453287093868114,0.2926342367854129,-0.009197240774674098,0.052694472601398534,4.686223639774247,1.9956764751406975,4.673611111111111,1.0,0.3453287093868114,0.2926342367854129,0.2965958110471611,0.3005867253394354,0.5388078259882559,0.22544219309463623,0.46119217401174406,0.7745578069053638,0.4751508925131629,0.4751508925131629,101.0,DIVERGE,-1.0
823110,2026-07-22,CIN,SEA,xw+plat_consol_v12,f06107626bc8bd0e,2026-07-21,historical_lineup,,0.018011218922505345,0.013355940822270373,0.004655278100234972,SEA,0.004655278100234972,5-3,2-3,L,W,xw+plat_consol_v5,SEA,0.004,L,W,False,posted,posted,Brady Singer,Emerson Hancock,6.666666666666667,6.0,0.32131816556015913,0.33525468516269646,0.34216209526499164,0.3202195638773787,-0.013936519602537334,0.02194253138761293,5.46814466931306,4.945614765287123,5.741228070175438,5.027777777777778,0.34216209526499164,0.3202195638773787,0.3136316857555678,0.30237026144160956,0.6140933299765259,0.5279965818002478,0.3859066700234741,0.4720034181997522,0.6082621082621081,0.6082621082621081,-175.0,AGREE,-1.0
823438,2026-07-22,LAD,PHI,xw+plat_consol_v12,f06107626bc8bd0e,2026-07-21,historical_lineup,,0.0009747545392078116,0.01475787827181102,-0.013783123732603209,LAD,0.013783123732603209,9-5,3-3,W,T,xw+plat_consol_v5,LAD,-0.005,W,T,False,posted,partial_filled,Eric Lauer,Aaron Nola,5.333333333333333,5.333333333333333,0.3221761114348725,0.34598424490699803,0.33539432070568376,0.3162130186592673,-0.023808133472125514,0.019181302046416437,5.245694694802018,5.1800839983487625,5.437499999999999,5.347916666666667,0.33539432070568376,0.3162130186592673,0.283537442092415,0.28838403587450967,0.5815972065007396,0.5816516117514934,0.41840279349926035,0.4183483882485066,0.4576160383525822,0.5423839616474178,-131.0,AGREE,0.7633587786259542
823518,2026-07-22,PIT,NYY,xw+plat_consol_v12,f06107626bc8bd0e,2026-07-21,historical_lineup,,0.016703790396323803,-0.012914509930246898,0.0296183003265707,NYY,0.0296183003265707,5-3,2-0,L,L,xw+plat_consol_v5,NYY,0.027,L,L,False,posted,posted,Mitch Keller,Gerrit Cole,5.0,7.0,0.32098613685949473,0.32635070004075584,0.3464025530385186,0.3003260190906533,-0.005364563181261106,0.04607653394786526,5.167797050298152,5.245694694802019,5.3311403508771935,5.4375,0.3464025530385186,0.3003260190906533,0.3086678230425859,0.28837477286844837,0.572582467669654,0.5850773374963771,0.42741753233034596,0.41492266250362286,0.6421657769695547,0.6421657769695547,-205.0,AGREE,-1.0
823519,2026-07-22,PIT,NYY,xw+plat_consol_v12,f06107626bc8bd0e,2026-07-21,historical_lineup,,0.0017733834837898033,-0.030145489738051923,0.031918873221841726,NYY,0.031918873221841726,0-2,0-0,W,T,xw+plat_consol_v5,NYY,0.025,W,T,False,posted,posted,Bubba Chandler,Max Fried,6.333333333333333,5.0,0.3245922994615984,0.32824659099308,0.3146095706332353,0.27187525382328115,-0.0036542915314816127,0.042734316809954154,5.032078473791415,5.550860724817166,5.145833333333333,5.854166666666666,0.3146095706332353,0.27187525382328115,0.3086678230425859,0.28837477286844837,0.5673796004249873,0.6018369634325181,0.43262039957501275,0.39816303656748187,0.6219831346321605,0.6219831346321605,-186.0,AGREE,0.5376344086021505
823761,2026-07-22,NYM,MIL,xw+plat_consol_v12,f06107626bc8bd0e,2026-07-21,historical_lineup,,0.0005308689253596954,-0.028323032685347138,0.028853901610706834,MIL,0.028853901610706834,3-4,2-3,W,W,xw+plat_consol_v5,MIL,0.018,W,W,False,posted,posted,Christian Scott,Logan Henderson,3.6666666666666665,5.0,0.3312267377384277,0.3174087879837727,0.31489967790344364,0.2884455539469982,0.013817949754655001,0.02645412395644542,4.690527263274462,4.890394245570096,4.67948717948718,4.9523809523809526,0.31489967790344364,0.2884455539469982,0.29194819252771337,0.28910967135264776,0.528099683470839,0.5287592131433209,0.471900316529161,0.47124078685667914,0.5897065065316837,0.5897065065316837,-161.0,AGREE,0.6211180124223602
824004,2026-07-22,STL,LAA,xw+plat_consol_v12,f06107626bc8bd0e,2026-07-21,historical_lineup,,0.014642571732780552,-0.010877948520207292,0.025520520252987844,LAA,0.025520520252987844,1-0,0-0,L,T,xw+plat_consol_v5,LAA,0.021,L,T,False,posted,posted,Hunter Dobbins,Reid Detmers,6.0,5.333333333333333,0.321541522031913,0.33273470944524275,0.3312183912816184,0.2873024151566474,-0.011193187413329753,0.043915976124971,4.599759931269956,5.279262958103685,4.555555555555555,5.483333333333334,0.3312183912816184,0.2873024151566474,0.3208425453248777,0.30237253649857615,0.507064363951129,0.5809490471937304,0.49293563604887103,0.4190509528062696,0.5716276429198135,0.5716276429198135,-149.0,AGREE,-1.0
824083,2026-07-22,SF,KC,xw+plat_consol_v12,f06107626bc8bd0e,2026-07-21,historical_lineup,,-0.03076215478182115,0.02283796218708961,-0.05360011696891076,SF,0.05360011696891076,4-5,0-0,L,T,xw+plat_consol_v5,SF,-0.044,L,T,False,posted,partial_filled,Landen Roupp,Seth Lugo,6.0,7.0,0.3069547156392826,0.32297906355333844,0.2918272641119918,0.3500498888305682,-0.016024347914055825,-0.05822262471857642,5.482599902313779,5.1022666606949,5.760964912280702,5.241666666666667,0.2918272641119918,0.3500498888305682,0.3018989676761598,0.31446330183431126,0.6059862026266436,0.5623099397034379,0.3940137973733564,0.4376900602965621,0.4387555297701066,0.5612444702298933,-142.0,AGREE,-1.0
824166,2026-07-22,MIA,HOU,xw+plat_consol_v12,f06107626bc8bd0e,2026-07-21,historical_lineup,,-0.003446700578903894,-0.01997619088142949,0.016529490302525596,HOU,0.016529490302525596,2-5,2-2,W,T,xw+plat_consol_v5,HOU,0.008,W,T,False,posted,posted,Sandy Alcantara,Peter Lambert,7.0,6.0,0.329205677500185,0.3230464070731374,0.30087063817352633,0.2893436039664208,0.0061592704270475584,0.011527034207105546,6.102339336201683,5.405906860559971,6.607142857142858,5.65625,0.30087063817352633,0.2893436039664208,0.30409504341387306,0.29503911629756535,0.6699743339637085,0.5983915041970359,0.33002566603629147,0.4016084958029641,0.5054504229528212,0.5054504229528212,-112.0,AGREE,0.8928571428571429
824327,2026-07-22,WSH,COL,xw+plat_consol_v12,f06107626bc8bd0e,2026-07-21,historical_lineup,,-0.003818218017083097,-0.0012921621654929383,-0.0025260558515901588,WSH,0.0025260558515901588,8-0,1-0,W,W,xw+plat_consol_v5,WSH,-0.001,W,W,False,posted,posted,Cade Cavalli,Gabriel Hughes,6.0,5.0,0.32040276025870235,0.33150897218338543,0.3145732604691618,0.29593324551227945,-0.011106211924683085,0.018640014956882334,5.134527069582216,5.41353601131035,5.2857142857142865,5.666666666666667,0.3145732604691618,0.29593324551227945,0.30590087131984534,0.31255253198734917,0.5650235126006329,0.5734534339894021,0.4349764873993671,0.4265465660105979,0.4290360528683136,0.5709639471316864,-148.0,AGREE,0.6756756756756757
824408,2026-07-22,MIN,CLE,xw+plat_consol_v12,f06107626bc8bd0e,2026-07-21,historical_lineup,,-0.005883959249046,-0.004175612728681832,-0.001708346520364168,MIN,0.001708346520364168,10-6,7-4,W,W,xw+plat_consol_v5,MIN,-0.005,W,W,False,posted,posted,Bailey Ober,Slade Cecconi,4.0,4.666666666666667,0.31642108391946494,0.3159066847789812,0.3185667133014622,0.3267648134213906,0.0005143991404837345,-0.008198100119928386,5.062595076792929,5.105157707295042,5.1875,5.245614035087719,0.3185667133014622,0.3267648134213906,0.30721962974627526,0.29717265375701235,0.5516418060056463,0.573244541426915,0.4483581939943537,0.42675545857308494,0.552982006111132,0.447017993888868,114.0,DIVERGE,1.14
824650,2026-07-22,DET,CHC,xw+plat_consol_v12,f06107626bc8bd0e,2026-07-21,historical_lineup,,-0.011933293053497884,0.02375348947288708,-0.035686782526384964,DET,0.035686782526384964,5-1,4-1,W,W,xw+plat_consol_v5,DET,-0.031,W,W,False,posted,posted,Keider Montero,Colin Rea,5.333333333333333,5.0,0.32542085674408794,0.3236200052483718,0.29464646553089296,0.3480084774490122,0.001800851495716127,-0.053362011918119234,5.712598720725194,5.140793871984312,6.074999999999999,5.294270833333334,0.29464646553089296,0.3480084774490122,0.30070461364422735,0.3148173592486114,0.6176046065691808,0.5839023342284152,0.3823953934308192,0.4160976657715848,0.533347098905637,0.46665290109436297,105.0,DIVERGE,1.05
824732,2026-07-22,BAL,BOS,xw+plat_consol_v12,f06107626bc8bd0e,2026-07-21,historical_lineup,,-0.015579605996702883,-0.01308311895500186,-0.002496487041701023,BAL,0.002496487041701023,5-1,4-1,W,W,xw+plat_consol_v5,BAL,-0.006,W,W,False,posted,posted,Kyle Bradish,Eduardo Rivera,6.0,0.6666666666666666,0.3150905450725533,0.32349208572825244,0.3055588200359487,0.30257048749937937,-0.008401540655699147,0.002988332536569327,5.927499851335861,3.4604734192134057,6.368421052631579,3.0,0.3055588200359487,0.30257048749937937,0.29819244320056854,0.2970425164233082,0.66387601836367,0.36725920949869384,0.33612398163632995,0.6327407905013062,0.5403677058353318,0.4596322941646682,108.0,DIVERGE,1.08
824735,2026-07-22,BAL,BOS,xw+plat_consol_v12,f06107626bc8bd0e,2026-07-21,historical_lineup,,-0.002000425921147464,-0.024470360537087676,0.022469934615940212,BOS,0.022469934615940212,3-6,2-6,W,W,xw+plat_consol_v5,BOS,0.023,W,W,False,posted,posted,Dean Kremer,Jake Bennett,6.0,5.666666666666667,0.3170644814820359,0.3221470825341125,0.3282491935956433,0.2848996247521967,-0.005082601052076585,0.043349568843446595,5.071750057693384,5.922146061335595,5.2,6.361111111111111,0.3282491935956433,0.2848996247521967,0.29819244320056854,0.2970425164233082,0.553165969153883,0.6367912559507438,0.44683403084611695,0.3632087440492562,0.6082621082621081,0.6082621082621081,-175.0,AGREE,0.5714285714285714
824896,2026-07-22,SD,ATL,xw+plat_consol_v12,f06107626bc8bd0e,2026-07-21,historical_lineup,,-0.003878164899123071,-0.008420963493036171,0.0045427985939131,ATL,0.0045427985939131,6-7,0-1,W,W,xw+plat_consol_v5,ATL,0.006,W,W,False,posted,posted,Michael King,Martín Pérez,6.0,4.0,0.3235124321561709,0.3230385632245786,0.32772621684382197,0.32703830554253027,0.0004738689315923472,0.0006879113012916993,5.413536011310349,4.933989392715118,5.666666666666666,5.011904761904763,0.32772621684382197,0.32703830554253027,0.27680465611338934,0.2759363501835734,0.6023091129925732,0.5577067850553232,0.39769088700742683,0.44229321494467677,0.5054504229528212,0.5054504229528212,-112.0,AGREE,0.8928571428571429
825055,2026-07-22,ATH,ARI,xw+plat_consol_v12,f06107626bc8bd0e,2026-07-21,historical_lineup,,-0.0026663981219559596,0.03181078279477351,-0.034477180916729466,ATH,0.034477180916729466,5-15,2-9,L,L,xw+plat_consol_v5,ATH,-0.051,L,L,False,posted,posted,Gage Jump,Merrill Kelly,4.666666666666667,5.0,0.3232506466301807,0.3132647001975992,0.3087931037380548,0.38849170357126994,0.009985946432581494,-0.07969859983321514,4.714705802575661,5.512266197491721,4.7125,5.801470588235294,0.3087931037380548,0.38849170357126994,0.3098648057956533,0.290161708262343,0.5110985915840505,0.6341890551639706,0.48890140841594953,0.3658109448360294,0.5716276429198135,0.4283723570801865,123.0,DIVERGE,-1.0
822785,2026-07-23,TB,TOR,xw+plat_consol_v12,f06107626bc8bd0e,2026-07-22,historical_lineup,,-0.021440571737959824,0.01976247525866709,-0.04120304699662691,TB,0.04120304699662691,1-3,1-2,L,L,xw+plat_consol_v6,TB,-0.018,L,L,False,posted,posted,Casey Legumina,Shane Bieber,2.0,7.0,0.3016804770600433,0.3216945117792264,0.33231298322692676,0.37360761235880663,-0.020014034719183116,-0.04129462913187987,2.2924609039291193,4.731671419617421,1.5,4.733333333333333,0.33231298322692676,0.37360761235880663,0.3007534503875174,0.2819727006776878,0.26017727151509557,0.5447658803550035,0.7398227284849044,0.4552341196449965,0.4826358742837298,0.5173641257162702,-118.0,AGREE,-1.0
823042,2026-07-23,ARI,STL,xw+plat_consol_v12,f06107626bc8bd0e,2026-07-22,historical_lineup,,-0.00247850529813215,0.019842867736258873,-0.022321373034391023,ARI,0.022321373034391023,10-6,4-2,W,W,xw+plat_consol_v6,ARI,-0.012,W,W,False,posted,posted,Brandon Pfaadt,Michael McGreevy,6.0,6.333333333333333,0.32609088558278587,0.31854926656471116,0.3170067326854005,0.34536315630100906,0.007541619018074708,-0.028356423615608528,5.229212887103179,5.5664690499866,5.392857142857142,5.839912280701755,0.3170067326854005,0.34536315630100906,0.28924751537836435,0.3194068060317518,0.5992693200583419,0.5976346472194151,0.4007306799416581,0.40236535278058494,0.532129844319311,0.467870155680689,104.0,DIVERGE,1.04
824247,2026-07-23,KC,DET,xw+plat_consol_v12,f06107626bc8bd0e,2026-07-22,historical_lineup,,0.01699156458183554,-0.03538834967197185,0.05237991425380739,DET,0.05237991425380739,3-4,0-0,W,T,xw+plat_consol_v6,DET,0.028,W,T,False,posted,posted,Randy Dobnak,Troy Melton,5.0,5.0,0.3272504878828653,0.3063199529519292,0.3330887862384677,0.2857512287520249,0.020930534930936107,0.047337557486442805,4.429913417676601,5.655805300561185,4.333333333333333,5.958333333333333,0.3330887862384677,0.2857512287520249,0.31324284672861125,0.2998773345340674,0.4967198812620721,0.6052392496939529,0.5032801187379279,0.39476075030604707,0.6680531115021597,0.6680531115021597,-232.0,AGREE,0.43103448275862066
824406,2026-07-23,MIN,CLE,xw+plat_consol_v12,f06107626bc8bd0e,2026-07-22,historical_lineup,,-0.011370677054028111,-0.0024333289400298996,-0.008937348113998211,MIN,0.008937348113998211,3-1,0-1,W,L,xw+plat_consol_v5,MIN,-0.012,W,L,False,posted,posted,Taj Bradley,Gavin Williams,7.0,7.0,0.3160138063287296,0.31997891255221367,0.30798270390401394,0.32114937328313126,-0.003965106223484061,-0.013166669379117313,5.687238425763353,5.457776611787521,6.0,5.695833333333333,0.30798270390401394,0.32114937328313126,0.30534876271223726,0.2956258600466686,0.6253566708892853,0.596641714352993,0.37464332911071474,0.40335828564700704,0.5716276429198135,0.4283723570801865,123.0,DIVERGE,1.23
824893,2026-07-23,SD,ATL,xw+plat_consol_v12,f06107626bc8bd0e,2026-07-22,historical_lineup,,-0.03074356831734598,-0.032923801669781316,0.0021802333524353346,ATL,0.0021802333524353346,5-6,3-5,W,W,xw+plat_consol_v5,ATL,0.019,W,W,False,posted,posted,Kyle Hart,Chris Sale,1.0,6.0,0.3182930738524642,0.3200842395546616,0.3069485035535991,0.28865852351831134,-0.0017911657021973948,0.018289980035287756,2.2924609039291193,5.3257574859384125,1.5,5.520833333333334,0.3069485035535991,0.28865852351831134,0.2739817696133205,0.27633693385648034,0.25714448073147833,0.5974635447405576,0.7428555192685217,0.40253645525944237,0.6964197327173733,0.6964197327173733,-268.0,AGREE,0.373134328358209
822707,2026-07-24,ARI,WSH,xw+plat_consol_v12,f06107626bc8bd0e,2026-07-23,historical_lineup,,0.02526249998790364,0.002644933987112019,0.022617566000791622,WSH,0.022617566000791622,3-2,2-2,L,T,xw+plat_consol_v7,WSH,0.0191755337515759,L,T,False,posted,posted,Eduardo Rodriguez,Carson Palmquist,6.0,1.3333333333333333,0.33803132644042955,0.32731381275206345,0.340134198074533,0.3155166655005199,0.010717513688366098,0.024617532574013112,5.501909642019708,2.8288933802901783,5.729166666666666,2.25,0.340134198074533,0.3155166655005199,0.2904022360780057,0.30599259193268014,0.6166459546251662,0.3316321747673199,0.38335404537483375,0.6683678252326801,0.4678701556806889,0.4678701556806889,104.0,DIVERGE,-1.0
822872,2026-07-24,SEA,TEX,xw+plat_consol_v12,f06107626bc8bd0e,2026-07-23,historical_lineup,,-0.03574296255921178,-0.004535209904397874,-0.031207752654813903,SEA,0.031207752654813903,4-5,3-3,L,T,xw+plat_consol_v7,SEA,-0.0164307118915047,L,T,False,posted,posted,Bryce Miller,MacKenzie Gore,5.333333333333333,5.0,0.3150193526825451,0.3245721030369487,0.2667846524547802,0.30954359389057406,-0.009552750354403616,-0.04275894143579384,5.501909642019708,5.179501350399638,5.729166666666666,5.30952380952381,0.2667846524547802,0.30954359389057406,0.3041863888764794,0.298318038835575,0.5830518982826792,0.5818141725440157,0.4169481017173208,0.4181858274559843,0.4826358742837298,0.5173641257162702,-118.0,AGREE,-1.0
822952,2026-07-24,CLE,TB,xw+plat_consol_v12,f06107626bc8bd0e,2026-07-23,historical_lineup,,-0.012858709641452692,-0.018565622884284594,0.005706913242831901,TB,0.005706913242831901,3-11,1-5,W,W,xw+plat_consol_v7,TB,0.0043352364086909,W,W,False,posted,posted,Joey Cantillo,Shane McClanahan,3.6666666666666665,5.0,0.31741407108053854,0.3053090918013449,0.3087793990758199,0.3153923985085357,0.012104979279193628,-0.00661299943271576,5.051452667203012,5.149775763228992,5.142857142857142,5.270833333333333,0.3087793990758199,0.3153923985085357,0.29777906057377396,0.3029449214165415,0.5652931856697894,0.5789928176323991,0.43470681433021063,0.42100718236760093,0.5593908258222572,0.5593908258222572,-141.0,AGREE,0.7092198581560284
823031,2026-07-24,CIN,STL,xw+plat_consol_v12,f06107626bc8bd0e,2026-07-23,historical_lineup,,0.03133732728308686,0.012863036101113445,0.018474291181973412,STL,0.018474291181973412,4-2,1-2,L,W,xw+plat_consol_v7,STL,0.01014720983568,L,W,False,posted,posted,Rhett Lowder,Dustin May,5.0,6.0,0.3304857573192127,0.33020971527780824,0.3500863597404139,0.3073104406363425,0.0002760420414044673,0.042775919104071414,4.710751706554853,4.1548711918131165,4.699404761904763,3.975877192982456,0.3500863597404139,0.3073104406363425,0.3136587515792018,0.3213069321552331,0.5431349460299914,0.45468799848396113,0.45686505397000865,0.5453120015160389,0.5637871853546911,0.5637871853546911,-144.0,AGREE,-1.0
823196,2026-07-24,LAA,SF,xw+plat_consol_v12,f06107626bc8bd0e,2026-07-23,historical_lineup,,0.024269335402582415,-0.009136309541224075,0.03340564494380649,SF,0.03340564494380649,6-7,4-5,W,W,xw+plat_consol_v7,SF,0.015539468754957,W,W,False,posted,posted,Grayson Rodriguez,Logan Webb,4.0,6.0,0.3212078136420308,0.31717467376215785,0.37086405405626893,0.3088356254406693,0.004033139879872971,0.06202842861559965,4.345469971900197,5.95478770538424,4.223958333333334,6.318627450980393,0.37086405405626893,0.3088356254406693,0.30134271755412645,0.3014607251270395,0.5148746418080022,0.6528527289903009,0.48512535819199776,0.3471472710096991,0.5858615043821631,0.5858615043821631,-158.0,AGREE,0.6329113924050633
823352,2026-07-24,CHC,PIT,xw+plat_consol_v12,f06107626bc8bd0e,2026-07-23,historical_lineup,,0.0107035460492797,-0.009809734943635962,0.02051328099291566,PIT,0.02051328099291566,3-2,0-1,L,W,xw+plat_consol_v7,PIT,0.0087043763305907,L,W,False,posted,posted,Matthew Boyd,Jared Jones,7.0,6.0,0.32434596265008714,0.3249841754006802,0.3279134589497794,0.2958804809394679,-0.000638212750593059,0.03203297801031152,5.287428097665364,4.557550603444605,5.45,4.5,0.3279134589497794,0.2958804809394679,0.31328922371426576,0.3019438788994421,0.5889439484339133,0.49422773803804626,0.4110560515660867,0.5057722619619538,0.5,0.5,-110.0,AGREE,-1.0
823434,2026-07-24,NYY,PHI,xw+plat_consol_v12,f06107626bc8bd0e,2026-07-23,historical_lineup,,-0.032116860291487026,-0.033135461200802074,0.0010186009093150483,PHI,0.0010186009093150483,1-0,1-0,L,L,xw+plat_consol_v7,NYY,-0.0013171540828833,W,W,True,posted,posted,Cam Schlittler,Jesús Luzardo,7.333333333333333,7.0,0.3193977210016057,0.32051562852462423,0.2787887376690663,0.2747265291373586,-0.0011179075230185465,0.0040622085317076895,5.476757222106086,5.610751022736839,5.696428571428571,5.870833333333334,0.2787887376690663,0.2747265291373586,0.28820889982849457,0.2894417805755587,0.5982656844712001,0.6179528376128758,0.4017343155287999,0.3820471623871242,0.554890592855807,0.554890592855807,-138.0,AGREE,-1.0
823601,2026-07-24,LAD,NYM,xw+plat_consol_v12,f06107626bc8bd0e,2026-07-23,historical_lineup,,0.0028159838217337585,0.016546718300341656,-0.013730734478607898,LAD,0.013730734478607898,4-2,1-1,W,T,xw+plat_consol_v7,LAD,-0.0072332915786848,W,T,False,posted,posted,Roki Sasaki,Sean Manaea,7.0,6.0,0.3294789432027445,0.34264148567917135,0.32644212339046424,0.32008955074410606,-0.013162542476426842,0.00635257264635819,4.905918344494244,5.042306332688969,4.953431372549019,5.130952380952381,0.32644212339046424,0.32008955074410606,0.2836396077162341,0.29192609966155536,0.5596830579260168,0.5775118002953715,0.4403169420739832,0.4224881997046285,0.4678701556806889,0.5321298443193111,-126.0,AGREE,0.7936507936507936
823680,2026-07-24,ATH,MIN,xw+plat_consol_v12,f06107626bc8bd0e,2026-07-23,historical_lineup,,-0.0028029823929918707,0.003931891102155249,-0.00673487349514712,ATH,0.00673487349514712,2-0,1-0,W,W,xw+plat_consol_v7,ATH,-0.0089597561682989,W,W,False,posted,posted,Jacob Lopez,Zebby Matthews,5.0,6.0,0.32761924349977767,0.31737591225869644,0.3081169724070343,0.3304346762898742,0.010243331241081233,-0.022317703882839934,3.9253102301612732,5.3418487880239285,3.6770833333333335,5.520833333333334,0.3081169724070343,0.3304346762898742,0.30976389727429976,0.30586197526968895,0.45189632146856773,0.5879413718000119,0.5481036785314323,0.41205862819998806,0.552982006111132,0.447017993888868,114.0,DIVERGE,1.14
823759,2026-07-24,COL,MIL,xw+plat_consol_v12,f06107626bc8bd0e,2026-07-23,historical_lineup,,0.04686820312941592,-0.02484918360344085,0.07171738673285677,MIL,0.07171738673285677,5-2,4-1,L,L,xw+plat_consol_v7,MIL,0.048823281020797,L,L,False,posted,posted,Tomoyuki Sugano,Shane Drohan,5.333333333333333,6.0,0.32809916172272885,0.3179063309352234,0.3779991005956018,0.2911236606404798,0.010192830787505436,0.08687543995512204,5.261818361026038,5.300232965985026,5.416666666666667,5.466666666666667,0.3779991005956018,0.2911236606404798,0.3149970868336867,0.2892554498532419,0.5738425935694359,0.5946007094904417,0.4261574064305641,0.40539929050955825,0.7136544666996133,0.7136544666996133,-294.0,AGREE,-1.0
823843,2026-07-24,SD,MIA,xw+plat_consol_v12,f06107626bc8bd0e,2026-07-23,historical_lineup,,0.0075179429499612205,-0.008274053276378646,0.015791996226339866,MIA,0.015791996226339866,4-2,2-2,L,T,xw+plat_consol_v7,MIA,0.0014334024935677,L,T,False,posted,posted,Germán Márquez,Ryan Gusto,2.333333333333333,3.333333333333333,0.3255392494349399,0.31178866713128406,0.34890490463906376,0.3244855734751263,0.013750582303655834,0.024419331163937463,4.642916392242354,3.981331529059797,4.611111111111111,3.75,0.34890490463906376,0.3244855734751263,0.2768331688346024,0.3016923160760153,0.5376227086433726,0.4578205204008677,0.4623772913566274,0.5421794795991324,0.532129844319311,0.532129844319311,-126.0,AGREE,-1.0
824248,2026-07-24,KC,DET,xw+plat_consol_v12,f06107626bc8bd0e,2026-07-23,historical_lineup,,0.0010138565726778848,-0.03087400861823064,0.031887865190908526,DET,0.031887865190908526,1-2,1-2,W,W,xw+plat_consol_v7,DET,0.0275155580868413,W,W,False,posted,posted,Beck Way,Tarik Skubal,1.0,7.333333333333333,0.31969828751160667,0.3128299210836122,0.31792710347010134,0.2826593028196676,0.006868366427994488,0.03526780065043372,1.8685282563154972,5.586513236274621,1.0,5.839285714285714,0.31792710347010134,0.2826593028196676,0.31213969354573545,0.300005673661588,0.21005004739943992,0.5992817493182763,0.7899499526005601,0.40071825068172373,0.6992627085758635,0.6992627085758635,-272.0,AGREE,0.36764705882352944
824573,2026-07-24,HOU,CWS,xw+plat_consol_v12,f06107626bc8bd0e,2026-07-23,historical_lineup,,0.018195490660872005,-0.003233781211043618,0.021429271871915623,CWS,0.021429271871915623,9-5,0-5,L,W,xw+plat_consol_v7,CWS,0.0059677412703623,L,W,False,posted,posted,Spencer Arrighetti,Davis Martin,1.0,5.0,0.3329489377089318,0.32064570182246616,0.3383135565766877,0.32105104905014825,0.012303235886465647,0.01726250752653946,4.971708063158687,5.044472569810716,5.0390625,5.133771929824562,0.3383135565766877,0.32105104905014825,0.2946484454704953,0.2948056817992744,0.5632571131573525,0.5580717752819776,0.4367428868426475,0.4419282247180224,0.552982006111132,0.552982006111132,-137.0,AGREE,-1.0
824733,2026-07-24,TOR,BOS,xw+plat_consol_v12,f06107626bc8bd0e,2026-07-23,historical_lineup,,-0.02902703454166039,-0.01587765123653001,-0.01314938330513038,TOR,0.01314938330513038,4-6,0-3,L,L,xw+plat_consol_v7,TOR,-0.0041081286909935,L,L,False,posted,posted,Trey Yesavage,Patrick Sandoval,4.0,4.666666666666667,0.31657569640277883,0.31285895387222945,0.29155762410823,0.3180955386414089,0.0037167425305493773,-0.026537914533178886,5.152976980308908,4.68559928664123,5.275,4.666666666666667,0.29155762410823,0.3180955386414089,0.2821571915408853,0.2973705190816364,0.5676006916135188,0.5412623414037249,0.4323993083864812,0.45873765859627513,0.5423839616474178,0.45761603835258224,109.0,DIVERGE,-1.0
824812,2026-07-24,ATL,BAL,xw+plat_consol_v12,f06107626bc8bd0e,2026-07-23,historical_lineup,,-0.01170351834773481,-0.002455015030061569,-0.00924850331767324,ATL,0.00924850331767324,7-6,2-3,W,L,xw+plat_consol_v7,ATL,-0.0066946440020791,W,L,False,posted,posted,Grant Holmes,Trevor Rogers,5.0,7.0,0.3178811718147633,0.3218967613342652,0.32657513297416013,0.31617203632039304,-0.0040155895195019276,0.010403096653767097,4.5948981360436205,5.592610792617317,4.548611111111112,5.847222222222222,0.32657513297416013,0.31617203632039304,0.27839947825236333,0.29744919751066895,0.5324125232554088,0.6275592969006796,0.4675874767445912,0.3724407030993204,0.5383343749369998,0.46166562506300024,107.0,DIVERGE,1.07
822704,2026-07-25,ARI,WSH,xw+plat_consol_v12,f06107626bc8bd0e,2026-07-24,historical_lineup,,0.011505001627353961,-0.0012092358304900408,0.012714237457844002,WSH,0.012714237457844002,3-5,2-5,W,W,xw+plat_consol_v7,WSH,0.0039994776501116,W,W,False,posted,posted,Mitch Bratt,Foster Griffin,5.0,6.666666666666667,0.3375314672862508,0.3283206655111268,0.3282838899209386,0.3070416533648546,0.009210801775123956,0.021242236556083982,3.811586852889209,6.0254445382173465,3.5555555555555554,6.366666666666667,0.3282838899209386,0.3070416533648546,0.2896759641257839,0.30485249745664456,0.46786294210559287,0.6510381920469891,0.5321370578944071,0.3489618079530109,0.551057677674631,0.551057677674631,-136.0,AGREE,0.7352941176470589
822869,2026-07-25,SEA,TEX,xw+plat_consol_v12,f06107626bc8bd0e,2026-07-24,historical_lineup,,-0.019523671925366748,-0.005722649492223175,-0.013801022433143573,SEA,0.013801022433143573,1-7,1-5,L,L,xw+plat_consol_v7,SEA,-0.0150034434226226,L,L,False,posted,posted,Bryan Woo,Nathan Eovaldi,5.0,7.0,0.3164727694562179,0.32180706341687326,0.29403612250556677,0.31114900064847634,-0.0053342939606553785,-0.01711287814290957,5.515617107874459,5.56052060783691,5.719298245614034,5.776315789473684,0.29403612250556677,0.31114900064847634,0.30353601026234484,0.29744175842190457,0.6009563002481153,0.6185209683868235,0.3990436997518847,0.38147903161317653,0.5032696834946377,0.49673031650536226,-108.0,DIVERGE,-1.0
822948,2026-07-25,CLE,TB,xw+plat_consol_v12,f06107626bc8bd0e,2026-07-24,historical_lineup,,-0.005164544960665429,-0.0037867555620520466,-0.0013777893986133827,CLE,0.0013777893986133827,0-3,0-2,L,L,xw+plat_consol_v7,TB,0.0045413680964359,W,W,True,posted,posted,Tanner Bibee,Nick Martinez,6.0,6.0,0.3146853065647846,0.3123359555672038,0.32440183398292394,0.32759033945301036,0.0023493509975808236,-0.0031885054700864224,5.60542410779936,5.531160627092231,5.833333333333334,5.739035087719298,0.32440183398292394,0.32759033945301036,0.29709677920888405,0.30124322831518663,0.6119122229510034,0.6158782149977754,0.38808777704899655,0.3841217850022246,0.5098167539267016,0.49018324607329844,-105.0,DIVERGE,-1.0
823027,2026-07-25,CIN,STL,xw+plat_consol_v12,f06107626bc8bd0e,2026-07-24,historical_lineup,,0.011727276282670673,-0.006631746130593641,0.018359022413264314,STL,0.018359022413264314,0-7,0-1,W,W,xw+plat_consol_v7,STL,0.0205897701012896,W,W,False,posted,posted,Hunter Greene,Andre Pallante,5.333333333333333,7.0,0.3284318859932454,0.31577762189382075,0.31924921058370076,0.30224746307901235,0.012654264099424661,0.017001747504688414,5.299159210619577,5.4707136079120104,5.444444444444444,5.662280701754385,0.31924921058370076,0.30224746307901235,0.3121682976562891,0.3218641914673776,0.5818156470736069,0.6010191570834529,0.4181843529263931,0.3989808429165471,0.4879965080750763,0.4879965080750763,-104.0,DIVERGE,0.9615384615384616
823197,2026-07-25,LAA,SF,xw+plat_consol_v12,f06107626bc8bd0e,2026-07-24,historical_lineup,,0.0032297343486469843,0.007159513435289699,-0.003929779086642715,LAA,0.003929779086642715,2-9,0-9,L,L,xw+plat_consol_v7,LAA,-0.0110935182099067,L,L,False,posted,posted,Ryan Johnson,Robbie Ray,3.333333333333333,6.0,0.32255687993220683,0.32486137644707375,0.3250552690634265,0.3276457829700208,-0.002304496514866916,-0.0025905139065942606,4.878826265000387,5.684868761579077,4.910714285714286,5.934210526315789,0.3250552690634265,0.3276457829700208,0.30070105323380775,0.30023578303246257,0.5528246958609115,0.6288050852210083,0.44717530413908846,0.3711949147789917,0.551057677674631,0.448942322325369,113.0,DIVERGE,-1.0
823355,2026-07-25,CHC,PIT,xw+plat_consol_v12,f06107626bc8bd0e,2026-07-24,historical_lineup,,-0.010137999223814753,-0.025157154568626272,0.015019155344811519,PIT,0.015019155344811519,11-0,3-0,L,L,xw+plat_consol_v7,PIT,0.0201680185864374,L,L,False,posted,posted,Shota Imanaga,Paul Skenes,6.0,5.333333333333333,0.3180119059890702,0.326083878622686,0.3029607577625208,0.26921215465143666,-0.00807197263361581,0.03374860311108413,5.498778295388542,5.324160426715886,5.697916666666666,5.476190476190476,0.3029607577625208,0.26921215465143666,0.31332959449866793,0.3008053204736801,0.6052623699148556,0.5767654372640547,0.3947376300851444,0.4232345627359453,0.5374878286270691,0.5374878286270691,-128.0,AGREE,-1.0
823435,2026-07-25,NYY,PHI,xw+plat_consol_v12,f06107626bc8bd0e,2026-07-24,historical_lineup,,-0.001213378762232431,-0.019885803054038087,0.018672424291805656,PHI,0.018672424291805656,3-1,1-1,L,T,xw+plat_consol_v7,PHI,0.01852927774588,L,T,False,posted,posted,Ryan Weathers,Tim Mayza,5.666666666666667,2.0,0.3246892496937142,0.32041229179418645,0.3258756905602664,0.2994009414720483,0.004276957899527756,0.026474749088218064,4.734987031604191,2.1490059824846792,4.728070175438597,1.4444444444444444,0.3258756905602664,0.2994009414720483,0.28837218673355675,0.2882908497021248,0.5305515233028221,0.22812912920325606,0.46944847669717793,0.7718708707967439,0.4678701556806889,0.4678701556806889,104.0,DIVERGE,-1.0
823600,2026-07-25,LAD,NYM,xw+plat_consol_v12,f06107626bc8bd0e,2026-07-24,historical_lineup,,-0.033811154483705586,0.00255883597038592,-0.036369990454091505,LAD,0.036369990454091505,4-3,4-1,W,W,xw+plat_consol_v7,LAD,-0.0292856622969995,W,W,False,posted,posted,Yoshinobu Yamamoto,Nolan McLean,6.0,6.0,0.31396810735480407,0.3468459263170175,0.2857925538343455,0.2913951975009872,-0.03287781896221342,-0.0056026436666417045,6.321865206559206,5.638238203925765,6.743055555555555,5.875,0.2857925538343455,0.2913951975009872,0.28355104667976594,0.2923646731681364,0.6883454062870947,0.626208502636028,0.31165459371290527,0.373791497363972,0.4102934934683162,0.5897065065316838,-161.0,AGREE,0.6211180124223602
823679,2026-07-25,ATH,MIN,xw+plat_consol_v12,f06107626bc8bd0e,2026-07-24,historical_lineup,,0.00021787058873451448,0.007006840246331636,-0.0067889696575971215,ATH,0.0067889696575971215,0-2,0-0,L,T,xw+plat_consol_v7,ATH,-0.0070395885565672,L,T,False,posted,posted,Brady Basso,Mike Paredes,2.333333333333333,4.0,0.32004015959056953,0.3200249378634811,0.32696359842596967,0.33628294243331386,1.5221727088454706e-05,-0.009319344007344188,1.7989889571363575,4.476619201051021,1.0,4.4,0.32696359842596967,0.33628294243331386,0.3096139849252949,0.30470015605145234,0.21888641983618848,0.5061237188407408,0.7811135801638115,0.4938762811592592,0.5716276429198135,0.4283723570801865,123.0,DIVERGE,-1.0
823758,2026-07-25,COL,MIL,xw+plat_consol_v12,f06107626bc8bd0e,2026-07-24,historical_lineup,,0.02841456852552865,-0.019871968983758925,0.048286537509287575,MIL,0.048286537509287575,5-8,2-3,W,W,xw+plat_consol_v7,MIL,0.0320877760814152,W,W,False,posted,posted,Ryan Feltner,Robert Gasser,5.0,6.0,0.3266723824936598,0.3135696321714223,0.35319446072223826,0.3079807754798173,0.01310275032223751,0.045213685242420976,4.824917392792722,5.218217773507778,4.842261904761905,5.341666666666667,0.35319446072223826,0.3079807754798173,0.3140753022807762,0.28905698150027265,0.5329549507392234,0.5910380547427344,0.4670450492607766,0.4089619452572656,0.6781075719579294,0.6781075719579294,-244.0,AGREE,0.4098360655737705
823841,2026-07-25,SD,MIA,xw+plat_consol_v12,f06107626bc8bd0e,2026-07-24,historical_lineup,,0.015051598757757134,-0.008656487705049398,0.023708086462806532,MIA,0.023708086462806532,7-2,2-1,L,L,xw+plat_consol_v7,MIA,0.0191971287720822,L,L,False,posted,posted,Randy Vásquez,Eury Pérez,2.6666666666666665,7.0,0.32064623083750005,0.3160237911120984,0.3741231839054768,0.31220990950756206,0.004622439725401661,0.06191327439791472,4.502050125548984,5.458725795704842,4.432291666666666,5.647058823529412,0.3741231839054768,0.31220990950756206,0.2770189439083332,0.3019527210919755,0.5193422862334078,0.5954913655275197,0.48065771376659217,0.4045086344724803,0.5709639471316864,0.5709639471316864,-148.0,AGREE,-1.0
824244,2026-07-25,KC,DET,xw+plat_consol_v12,f06107626bc8bd0e,2026-07-24,historical_lineup,,0.0067952668737213395,-0.029454895046175933,0.03625016191989727,DET,0.03625016191989727,3-2,1-2,L,W,xw+plat_consol_v7,DET,0.0180087202397997,L,W,False,posted,posted,Michael Wacha,Casey Mize,7.0,6.0,0.32596131627378244,0.31233751673948656,0.3152784711115766,0.2856901604239565,0.013623799534295877,0.02958831068762008,5.946690707513973,5.3888510733650845,6.266666666666667,5.558333333333333,0.3152784711115766,0.2856901604239565,0.31274529496442,0.29923861623661957,0.646153843106187,0.5826099506539333,0.35384615689381305,0.4173900493460667,0.6032849760653483,0.6032849760653483,-171.0,AGREE,-1.0
824571,2026-07-25,HOU,CWS,xw+plat_consol_v12,f06107626bc8bd0e,2026-07-24,historical_lineup,,0.003048520080740691,-0.01823166948038063,0.02128018956112132,CWS,0.02128018956112132,4-1,0-0,L,T,xw+plat_consol_v7,CWS,0.0109874887010521,L,T,False,posted,posted,Hunter Brown,Sean Burke,7.0,6.0,0.3321349099494395,0.31877167368238646,0.31241829378361635,0.2964262856237665,0.013363236267053047,0.015992008159849858,4.8178858007656356,5.707968158194375,4.833333333333334,5.963541666666666,0.31241829378361635,0.2964262856237665,0.2963433284594549,0.29453744501561935,0.5503870457290767,0.6265056197518509,0.4496129542709233,0.37349438024814907,0.5226781857451405,0.5226781857451405,-121.0,AGREE,-1.0
824734,2026-07-25,TOR,BOS,xw+plat_consol_v12,f06107626bc8bd0e,2026-07-24,historical_lineup,,-0.03802771724008708,-0.02993623436046372,-0.008091482879623357,TOR,0.008091482879623357,6-0,5-0,W,W,xw+plat_consol_v7,TOR,-0.006852354637493,W,W,False,posted,posted,Dylan Cease,Sonny Gray,9.0,5.0,0.3163477744712588,0.3038084007475738,0.2764304883834189,0.2992713924764995,0.012539373723684966,-0.022840904093080594,5.807777700578857,5.8624678607895335,6.090277777777777,6.159722222222223,0.2764304883834189,0.2992713924764995,0.28202700632316,0.29716325321285475,0.6370376973295706,0.6439666662055497,0.3629623026704294,0.35603333379445035,0.5130072840790842,0.48699271592091575,-104.0,DIVERGE,0.9615384615384616
824811,2026-07-25,ATL,BAL,xw+plat_consol_v12,f06107626bc8bd0e,2026-07-24,historical_lineup,,-0.020838309075263795,-0.0019307093279803955,-0.0189075997472834,ATL,0.0189075997472834,2-3,0-2,L,L,xw+plat_consol_v7,ATL,-0.0205869886940327,L,L,False,posted,posted,Bryce Elder,Brandon Young,5.0,6.333333333333333,0.31702532852896564,0.3226794981731558,0.30627983371285766,0.31614258648584026,-0.005654169644190132,-0.009862752772982597,5.063127992868242,5.552101201593952,5.144736842105264,5.765625,0.30627983371285766,0.31614258648584026,0.27957392362638067,0.2977897609405586,0.5761819907966972,0.6246265744896939,0.4238180092033028,0.37537342551030606,0.5151837230488916,0.4848162769511084,-103.0,DIVERGE,-1.0
822706,2026-07-26,ARI,WSH,xw+plat_consol_v12,f06107626bc8bd0e,2026-07-25,historical_lineup,,0.011489558085042706,0.011602086572966297,-0.00011252848792359105,ARI,0.00011252848792359105,7-10,4-6,L,L,xw+plat_consol_v7,ARI,-0.0031542321865519,L,L,False,posted,posted,Kohl Drake,Miles Mikolas,4.0,4.0,0.33660520479311273,0.3213150385935582,0.32378788653376167,0.33866022102627685,0.015290166199554533,-0.014872334492515182,4.970658627701271,4.9623478823261316,5.0,4.989583333333334,0.32378788653376167,0.33866022102627685,0.28890306155526785,0.303816068276027,0.5642897640032518,0.5460328782166148,0.4357102359967482,0.45396712178338516,0.4848162769511084,0.5151837230488916,-117.0,AGREE,-1.0
822870,2026-07-26,SEA,TEX,xw+plat_consol_v12,f06107626bc8bd0e,2026-07-25,historical_lineup,,-0.012257172700763541,-0.01556482926936098,0.003307656568597439,TEX,0.003307656568597439,6-4,1-3,L,W,xw+plat_consol_v7,SEA,-0.0065363160695496,W,L,True,posted,posted,Logan Gilbert,Jacob deGrom,5.666666666666667,5.0,0.31854555655870537,0.3210661695980942,0.30204079417934465,0.29584605776829226,-0.0025206130393888304,0.006194736411052393,6.100919998720113,5.499047070499552,6.416666666666667,5.662280701754385,0.30204079417934465,0.29584605776829226,0.3022374570158632,0.2970515481559522,0.6567407982792707,0.6023363503327276,0.3432592017207293,0.3976636496672724,0.5151837230488916,0.5151837230488916,-117.0,AGREE,-1.0
822950,2026-07-26,CLE,TB,xw+plat_consol_v12,f06107626bc8bd0e,2026-07-25,historical_lineup,,-0.029715247505454734,-0.026398569780045844,-0.0033166777254088897,CLE,0.0033166777254088897,0-1,0-1,L,L,xw+plat_consol_v7,CLE,-0.0087657524641774,L,L,False,posted,posted,Parker Messick,Drew Rasmussen,7.666666666666667,7.0,0.3145224119763069,0.3135379702612772,0.2864185789604677,0.2902899694574469,0.0009844417150297047,-0.00387139049697921,5.833313997640651,5.051141635544717,6.081250000000001,5.1008771929824555,0.2864185789604677,0.2902899694574469,0.29667752130117214,0.2966309198400707,0.6334288923742563,0.5604355360693716,0.36657110762574374,0.4395644639306284,0.5300261096605744,0.4699738903394256,103.0,DIVERGE,-1.0
823028,2026-07-26,CIN,STL,xw+plat_consol_v12,f06107626bc8bd0e,2026-07-25,historical_lineup,,0.017782721852926953,0.020212789437904055,-0.0024300675849771025,CIN,0.0024300675849771025,5-3,2-2,W,T,xw+plat_consol_v7,STL,0.0048829583531505,L,T,True,posted,posted,Andrew Abbott,Kyle Leahy,6.0,6.0,0.3303620866549184,0.31933148715948867,0.3268301794674443,0.341778217068081,0.011030599495429727,-0.014948037600636677,5.189112506133483,5.0091505010177,5.273809523809524,5.048245614035087,0.3268301794674443,0.341778217068081,0.31176061353004786,0.32116043557312585,0.5796723180567077,0.5526627292933011,0.4203276819432923,0.44733727070669893,0.551057677674631,0.448942322325369,113.0,DIVERGE,1.13
823194,2026-07-26,LAA,SF,xw+plat_consol_v12,f06107626bc8bd0e,2026-07-25,historical_lineup,,0.0013949377002453467,0.01115026997312285,-0.009755332272877504,LAA,0.009755332272877504,4-3,4-1,W,W,xw+plat_consol_v7,LAA,-0.0058411167928917,W,W,False,posted,posted,José Soriano,Carson Whisenhunt,5.0,5.0,0.3216647110482974,0.33106284312329376,0.3210513270229867,0.3295022895245559,-0.009398132074996346,-0.008450962501569181,5.255598469134592,5.236602479705703,5.357142857142857,5.333333333333333,0.3210513270229867,0.3295022895245559,0.30102973977450365,0.30037525705706103,0.5803145749552575,0.5849634942716041,0.4196854250447425,0.4150365057283959,0.4678701556806889,0.5321298443193111,-126.0,AGREE,0.7936507936507936
823354,2026-07-26,CHC,PIT,xw+plat_consol_v12,f06107626bc8bd0e,2026-07-25,historical_lineup,,0.017867647036867718,-0.00928907514570243,0.027156722182570148,PIT,0.027156722182570148,7-8,4-8,W,W,xw+plat_consol_v7,PIT,0.0226319076028221,W,W,False,posted,posted,Jameson Taillon,Braxton Ashcraft,4.0,6.0,0.3204670986837648,0.3248445521808052,0.3447600350628628,0.29619850993216035,-0.00437745349704044,0.04856152513070244,4.647726807410172,5.2814805047314515,4.595238095238095,5.389583333333333,0.3447600350628628,0.29619850993216035,0.31288472999725475,0.30224324386493945,0.5242150184257911,0.5750221604006561,0.4757849815742089,0.4249778395993439,0.5637871853546911,0.5637871853546911,-144.0,AGREE,0.6944444444444444
823433,2026-07-26,NYY,PHI,xw+plat_consol_v12,f06107626bc8bd0e,2026-07-25,historical_lineup,,-0.0031786094449332003,-0.026155511850692037,0.022976902405758837,PHI,0.022976902405758837,4-11,3-6,W,W,xw+plat_consol_v7,PHI,0.0146108702841045,W,W,False,posted,posted,Will Warren,Cristopher Sánchez,3.0,6.0,0.3207488553328919,0.31892161385005346,0.3241976252731429,0.2872912834932079,0.0018272414828384154,0.03690634177993496,5.089633508861149,5.630769260355132,5.149122807017544,5.8273809523809526,0.3241976252731429,0.2872912834932079,0.28817527909880913,0.2887371973177407,0.5788593951593479,0.6175091502577678,0.4211406048406521,0.38249084974223224,0.6550452346343263,0.6550452346343263,-218.0,AGREE,0.45871559633027525
823599,2026-07-26,LAD,NYM,xw+plat_consol_v12,f06107626bc8bd0e,2026-07-25,historical_lineup,,-0.021309680380619644,0.002847018708342419,-0.024156699088962064,LAD,0.024156699088962064,3-8,3-1,L,W,xw+plat_consol_v7,LAD,-0.0247105008735354,L,W,False,posted,posted,Emmet Sheehan,Freddy Peralta,5.0,4.0,0.3148140134643441,0.33746181996472113,0.30739859846438977,0.305262388970583,-0.02264780650037701,0.0021362094938067733,4.765660241781186,4.937415646200717,4.743055555555555,4.958333333333334,0.30739859846438977,0.305262388970583,0.2830089571338739,0.291605880722169,0.5418487562420845,0.568836982548099,0.4581512437579155,0.431163017451901,0.4266211604095563,0.5733788395904438,-150.0,AGREE,-1.0
823678,2026-07-26,ATH,MIN,xw+plat_consol_v12,f06107626bc8bd0e,2026-07-25,historical_lineup,,0.007541532301141296,-0.00876213864716241,0.016303670948303706,MIN,0.016303670948303706,8-11,0-7,W,W,xw+plat_consol_v7,MIN,0.0117432091751325,W,W,False,posted,posted,Jeffrey Springs,Connor Prielipp,1.3333333333333333,5.666666666666667,0.3223834077537765,0.311751684778758,0.3316169714010639,0.3175922189608761,0.01063172297501852,0.014024752440187804,4.877578279499719,5.241716784551943,4.883333333333334,5.33974358974359,0.3316169714010639,0.3175922189608761,0.30830377617746196,0.3042124028956045,0.5415710066103179,0.5872798309989936,0.4584289933896821,0.4127201690010064,0.592910765420633,0.592910765420633,-163.0,AGREE,0.6134969325153374
823755,2026-07-26,COL,MIL,xw+plat_consol_v12,f06107626bc8bd0e,2026-07-25,historical_lineup,,0.038582847527403485,-0.06327700837551237,0.10185985590291585,MIL,0.10185985590291585,2-11,1-3,W,W,xw+plat_consol_v7,MIL,0.0694826289051505,W,W,False,posted,posted,Kyle Freeland,Jacob Misiorowski,5.333333333333333,5.0,0.3353067919320377,0.3103011832886543,0.3517567755587621,0.23869820829422106,0.025005608643383415,0.11305856726454105,5.336331424207367,5.584778970158876,5.458333333333334,5.769736842105263,0.3517567755587621,0.23869820829422106,0.313963838306127,0.28815513344373705,0.6016280630429793,0.6053811570140446,0.39837193695702067,0.3946188429859554,0.7546298697930176,0.7546298697930176,-373.0,AGREE,0.2680965147453083
823840,2026-07-26,SD,MIA,xw+plat_consol_v12,f06107626bc8bd0e,2026-07-25,historical_lineup,,-0.008990383789939438,-0.004130621306588922,-0.004859762483350516,SD,0.004859762483350516,5-3,1-3,W,L,xw+plat_consol_v7,SD,-0.0039402199538209,W,L,False,posted,posted,Walker Buehler,Janson Junk,5.333333333333333,4.666666666666667,0.3241847769601788,0.317635418663922,0.32090494974723666,0.31684641587489915,0.006549358296256802,0.004058533872337511,4.5916886385949525,5.0294731334330205,4.525,5.073717948717949,0.32090494974723666,0.31684641587489915,0.2763556719034312,0.3020663052593108,0.5266427052824302,0.5604871287151536,0.4733572947175698,0.4395128712848464,0.5120034919249236,0.48799650807507644,-104.0,DIVERGE,0.9615384615384616
824246,2026-07-26,KC,DET,xw+plat_consol_v12,f06107626bc8bd0e,2026-07-25,historical_lineup,,0.017174884630635767,-0.006837875288115358,0.024012759918751125,DET,0.024012759918751125,5-4,3-4,L,W,xw+plat_consol_v7,DET,0.0108749017299826,L,W,False,posted,posted,Luinder Avila,Framber Valdez,4.333333333333333,5.0,0.3284412813363265,0.3182751696315746,0.32927971654312377,0.31854980012190875,0.010166111704751901,0.010729916421215013,4.844335297999165,5.062076826827796,4.841666666666667,5.114583333333334,0.32927971654312377,0.31854980012190875,0.3123021258472344,0.2994985134753568,0.5380336922961779,0.5723935285677398,0.4619663077038221,0.42760647143226016,0.6282338561825219,0.6282338561825219,-192.0,AGREE,-1.0
824572,2026-07-26,HOU,CWS,xw+plat_consol_v12,f06107626bc8bd0e,2026-07-25,historical_lineup,,0.008114295419085593,-0.008362041458723324,0.016476336877808917,CWS,0.016476336877808917,3-12,3-3,W,T,xw+plat_consol_v7,HOU,-0.0002740536568658,L,T,True,posted,posted,Ronel Blanco,Erick Fedde,5.333333333333333,4.333333333333333,0.3283907659973855,0.3127905143595873,0.3278263384082787,0.3257016520209607,0.015600251637798157,0.0021246863873179977,4.7047147756968375,4.621607321945452,4.666666666666667,4.5625,0.3278263384082787,0.3257016520209607,0.2959873391152285,0.29385725801666784,0.5171328043950137,0.5218320939973814,0.48286719560498625,0.4781679060026186,0.5270012302210156,0.5270012302210156,-123.0,AGREE,0.8130081300813008
824730,2026-07-26,TOR,BOS,xw+plat_consol_v12,f06107626bc8bd0e,2026-07-25,historical_lineup,,-0.01921062924163236,-0.035085862511896326,0.015875233270263966,BOS,0.015875233270263966,1-6,0-3,W,W,xw+plat_consol_v7,BOS,0.0084879307157408,W,W,False,posted,posted,Kevin Gausman,Ranger Suarez,6.0,4.0,0.3136364246986363,0.3064485236694074,0.3110817838757786,0.28922549216509486,0.007187901029228894,0.021856291710683762,5.288841450635146,5.215092315205345,5.398809523809525,5.306372549019608,0.3110817838757786,0.28922549216509486,0.28166280024255524,0.29651762468980497,0.5877914520168441,0.5772368591634298,0.41220854798315587,0.4227631408365702,0.5691910559179544,0.5691910559179544,-147.0,AGREE,0.6802721088435374
824810,2026-07-26,ATL,BAL,xw+plat_consol_v12,f06107626bc8bd0e,2026-07-25,historical_lineup,,-0.006557390594329249,0.001514848816292047,-0.008072239410621296,ATL,0.008072239410621296,3-2,2-0,W,W,xw+plat_consol_v7,ATL,-0.0084128556224494,W,W,False,posted,posted,Reynaldo López,Shane Baz,5.666666666666667,4.333333333333333,0.31883999625227205,0.32488967187552914,0.33235857511902134,0.3177353118131551,-0.006049675623257089,0.014623263305866219,4.525202675593846,5.600613127136772,4.441666666666667,5.789583333333334,0.33235857511902134,0.3177353118131551,0.27892320788051217,0.29640964317287327,0.5213867442166127,0.6322698238178182,0.4786132557833873,0.36773017618218184,0.4901832460732984,0.5098167539267016,-114.0,AGREE,0.8771929824561403
